school_year,dbn,school_name,report_type,avg_metric_score,n_metric_rows
2017,23K323,P.S./I.S. 323,EMS,2.569166666666667,24
2017,24Q049,P.S. 049 Dorothy Bonawit Kole,EMS,3.2310526315789474,19
2017,02M442,"Ballet Tech, NYC Public School for Dance",EMS,4.252857142857143,14
2017,24Q093,I.S. 093 Ridgewood,EMS,3.1336,25
2017,24Q239,P.S. 239,EMS,3.6666666666666665,21
2017,24Q330,P.S. 330,EMS,2.3065,20
2017,25Q194,J.H.S. 194 William Carr,EMS,3.0233333333333334,18
2017,26Q266,P.S./I.S. 266,EMS,3.286111111111111,18
2017,27Q043,P.S. 043,EMS,2.3772,25
2017,02M449,Vanguard High School,HS,2.9236,25
2017,27Q210,J.H.S. 210 Elizabeth Blackwell,EMS,2.3796296296296298,27
2017,02M459,Manhattan International High School,HS,3.1875999999999998,25
2017,27Q475,Richmond Hill High School,HS,2.857741935483871,31
2017,02M475,Stuyvesant High School,HS,4.62,24
2017,14K582,M.S. 582,EMS,3.957777777777778,27
2017,14K586,Lyons Community School,EMS,1.9991304347826087,23
2017,15K295,P.S. 295,EMS,3.9,15
2017,02M418,Millennium High School,HS,4.3736,25
2017,17K138,P.S. 138 Brooklyn,EMS,3.754,25
2017,17K181,P.S. 181 Brooklyn,EMS,3.0492,25
2017,17K340,I.S. 340,EMS,3.709166666666667,24
2017,17K394,M.S. K394,EMS,2.3645454545454547,22
2017,17K467,Erasmus Yabc,YABC,2.4878260869565216,23
2017,17K722,New Heights Middle School,EMS,2.97375,24
2017,18K066,P.S. 66,EMS,2.9955555555555557,18
2017,02M422,Quest to Learn,EMS,3.0081818181818183,22
2017,02M422,Quest to Learn,HS,2.7276666666666665,30
2017,19K171,I.S. 171 Abraham Lincoln,EMS,2.5907407407407406,27
2017,02M439,Manhattan Village Academy,HS,4.7484,25
2017,20K229,P.S. 229 Dyker,EMS,3.8163636363636364,22
2017,21K121,P.S. 121 Nelson A. Rockefeller,EMS,3.624285714285714,21
2017,21K540,John Dewey High School,HS,3.1496666666666666,30
2017,22K109,P.S. 109,EMS,3.2408333333333332,24
2017,22K245,P.S. 245,EMS,3.278095238095238,21
2018,15K463,Secondary School for Journalism,HS,2.2641935483870967,31
2017,02M529,Jacqueline Kennedy Onassis High School,HS,2.284,30
2017,32K376,P.S. 376,EMS,3.9225,16
2017,02M542,Manhattan Bridges High School,HS,4.198333333333333,30
2017,75K077,P.S. K077,D75,3.163333333333333,3
2017,02M544,Independence High School,HST,2.4015384615384616,26
2017,75K140,P.S. K140,D75,3.5633333333333335,3
2017,75K141,P.S. K141,D75,3.276666666666667,3
2017,75K231,P.S. K231,D75,3.87,3
2017,75K368,P.S. 368,D75,4.196666666666667,3
2017,75M035,P.S. 035,D75,3.6433333333333335,3
2017,75M226,P.S. M226,D75,3.2,3
2017,75Q009,P.S. 009,D75,3.53,3
2017,75Q233,P.S. Q233,D75,2.3666666666666667,3
2017,02M586,Harvey Milk High School,HST,3.47,20
2017,75Q255,P.S. Q255,D75,3.1733333333333333,3
2017,75Q256,P.S. Q256,D75,3.256666666666667,3
2017,75Q277,The Riverview School,D75,3.9066666666666667,3
2017,75Q993,P.S. Q993,D75,2.896666666666667,3
2017,75X010,P.S. X010,D75,3.29,3
2018,01M019,P.S. 019 Asher Levy,EMS,3.508235294117647,17
2018,01M015,P.S. 015 Roberto Clemente,EMS,4.459333333333333,15
2018,01M020,P.S. 020 Anna Silver,EMS,3.082,20
2018,01M034,P.S. 034 Franklin D. Roosevelt,EMS,2.116,25
2018,01M063,The STAR Academy - P.S.63,EMS,3.4144444444444444,9
2018,01M064,P.S. 064 Robert Simon,EMS,3.9233333333333333,15
2018,01M110,P.S. 110 Florence Nightingale,EMS,3.68,13
2017,75X811,P.S. X811,D75,2.6166666666666667,3
2018,01M134,P.S. 134 Henrietta Szold,EMS,3.079473684210526,19
2018,01M140,P.S. 140 Nathan Straus,EMS,2.6696,25
2018,01M142,P.S. 142 Amalia Castro,EMS,3.3131578947368423,19
2018,01M184,P.S. 184m Shuang Wen,EMS,4.3295,20
2018,01M188,P.S. 188 The Island School,EMS,3.5544,25
2018,01M292,Orchard Collegiate Academy,HS,3.8296551724137933,29
2018,01M315,The East Village Community School,EMS,2.775,12
2018,01M332,University Neighborhood Middle School,EMS,2.5054545454545454,22
2018,01M361,The Children's Workshop School,EMS,2.3707142857142856,14
2018,01M363,Neighborhood School,EMS,3.3899999999999997,3
2018,01M364,Earth School,EMS,3.0733333333333333,3
2018,01M378,School for Global Leaders,EMS,2.806923076923077,26
2018,01M448,University Neighborhood High School,HS,4.030344827586207,29
2018,01M450,East Side Community School,EMS,3.35,15
2018,01M450,East Side Community School,HS,3.8255,20
2018,01M458,Forsyth Satellite Academy,HST,2.8545454545454545,22
2018,01M509,Marta Valle High School,HS,3.1076,25
2018,01M515,Lower East Side Preparatory High School,HST,3.1436,25
2018,01M539,"New Explorations into Science, Technology and Math",EMS,4.398571428571429,14
2018,01M539,"New Explorations into Science, Technology and Math",HS,4.5756,25
2018,01M650,Cascades High School,HST,3.188846153846154,26
2018,01M696,Bard High School Early College,HS,4.184347826086957,23
2018,01M839,Tompkins Square Middle School,EMS,4.031111111111111,18
2018,02M001,P.S. 001 Alfred E. Smith,EMS,3.3385,20
2018,02M002,P.S. 002 Meyer London,EMS,3.9833333333333334,15
2018,02M003,P.S. 003 Charrette School,EMS,3.274166666666667,12
2018,02M006,P.S. 006 Lillie D. Blake,EMS,3.8392307692307694,13
2018,02M011,P.S. 011 William T. Harris,EMS,3.4123076923076923,13
2018,02M033,P.S. 033 Chelsea Prep,EMS,2.2864705882352943,17
2018,02M040,P.S. 040 Augustus Saint-Gaudens,EMS,3.6984615384615385,13
2018,02M041,P.S. 041 Greenwich Village,EMS,3.5046153846153847,13
2018,02M042,P.S. 042 Benjamin Altman,EMS,4.027333333333333,15
2018,02M047,47 The American Sign Language and English Secondar,HS,4.235172413793103,29
2018,02M500,Unity Center for Urban Technologies,HS,3.8183333333333334,30
2018,02M051,P.S. 051 Elias Howe,EMS,2.6315384615384616,13
2018,02M059,P.S. 059 Beekman Hill International,EMS,4.056363636363637,11
2018,02M077,P.S. 77 Lower Lab School,EMS,4.476666666666667,9
2018,02M089,P.S. 89,EMS,3.8692307692307693,13
2018,02M104,J.H.S. 104 Simon Baruch,EMS,4.105555555555555,18
2018,02M111,P.S. 111 Adolph S. Ochs,EMS,2.9795,20
2018,02M114,East Side Middle School,EMS,4.58875,16
2018,02M116,P.S. 116 Mary Lindley Murray,EMS,3.4654545454545453,11
2018,02M124,P.S. 124 Yung Wing,EMS,4.640714285714286,14
2018,02M126,P.S. 126 Jacob August Riis,EMS,4.4070833333333335,24
2018,02M130,P.S. 130 Hernando De Soto,EMS,4.0375,16
2018,02M131,M.S. 131,EMS,3.9108,25
2018,02M135,The Urban Assembly School for Emergency Management,HS,3.613103448275862,29
2018,02M139,Stephen T. Mather Building Arts & Craftsmanship Hi,HS,3.337,30
2018,02M546,Academy for Software Engineering,HS,3.714,30
2018,02M150,P.S. 150,EMS,4.407777777777778,9
2018,02M151,Yorkville Community School,EMS,3.6346153846153846,13
2018,02M158,P.S. 158 Bayard Taylor,EMS,3.421818181818182,11
2018,02M167,J.H.S. 167 Robert F. Wagner,EMS,3.8872222222222224,18
2018,02M177,Yorkville East Middle School,EMS,4.362777777777778,18
2018,02M183,P.S. 183 Robert L. Stevenson,EMS,3.9115384615384614,13
2018,02M198,P.S. 198 Isador E. Ida Straus,EMS,2.942727272727273,11
2018,02M212,P.S. 212 Midtown West,EMS,3.078181818181818,11
2018,02M217,P.S./I.S. 217 Roosevelt Island,EMS,3.6276190476190475,21
2018,02M225,Ella Baker School,EMS,3.2073684210526316,19
2018,02M234,P.S. 234 Independence School,EMS,3.440769230769231,13
2018,02M255,M.S. 255 Salk School of Science,EMS,4.393125,16
2018,02M260,The Clinton School,EMS,4.60375,16
2018,02M260,The Clinton School,HS,4.014117647058823,17
2018,02M267,"East Side Elementary School, PS 267",EMS,3.9754545454545456,11
2018,02M276,Battery Park City School,EMS,4.07125,16
2018,02M280,Manhattan Early College School for Advertising,HS,3.8375,24
2018,02M281,The River School,EMS,4.286153846153846,13
2018,02M282,Urban Assembly Maker Academy,HS,3.203478260869565,23
2018,02M288,Food and Finance High School,HS,3.19,30
2018,02M289,I.S. 289,EMS,3.9085,20
2018,02M290,P.S. 290 Manhattan New School,EMS,3.8676923076923075,13
2018,02M294,Essex Street Academy,HS,3.9904,25
2018,02M296,High School of Hospitality Management,HS,3.2293333333333334,30
2018,02M297,M.S. 297,EMS,3.273125,16
2018,02M298,Pace High School,HS,2.8410344827586207,29
2018,02M300,"Urban Assembly School of Design and Construction,",HS,2.830322580645161,31
2016,09X339,I.S. 339,EMS,3.085185185185185,27
2018,02M303,"Facing History School, The",HS,3.536923076923077,26
2018,02M305,"Urban Assembly Academy of Government and Law, The",HS,3.304666666666667,30
2018,02M308,Lower Manhattan Arts Academy,HS,3.0556666666666668,30
2018,02M312,New York City Lab Middle School for Collaborative,EMS,4.46125,16
2018,02M313,"James Baldwin School, The: A School for Expedition",HST,3.395909090909091,22
2018,02M316,"Urban Assembly School of Business for Young Women,",HS,2.3064285714285715,28
2016,12X341,Accion Academy,EMS,3.4796153846153848,26
2018,02M343,The Peck Slip School,EMS,3.829090909090909,11
2018,02M347,The 47 American Sign Language & English Lower Scho,EMS,4.209545454545455,22
2018,02M374,Gramercy Arts High School,HS,2.6973076923076924,26
2018,02M376,NYC iSchool,HS,4.1284,25
2018,02M392,Manhattan Business Academy,HS,3.220689655172414,29
2018,02M393,Business Of Sports School,HS,3.128709677419355,31
2018,02M394,Emma Lazarus High School,HST,4.195416666666667,24
2018,02M397,Spruce Street School,EMS,3.98,16
2018,02M399,The High School For Language And Diplomacy,HS,3.0070967741935486,31
2018,02M400,High School for Environmental Studies,HS,2.9996666666666667,30
2016,14K050,J.H.S. 050 John D. Wells,EMS,3.2688888888888887,27
2018,02M407,Institute for Collaborative Education,EMS,4.2542857142857144,7
2018,02M407,Institute for Collaborative Education,HS,3.878823529411765,17
2018,02M408,Professional Performing Arts High School,EMS,3.445,16
2018,02M408,Professional Performing Arts High School,HS,3.878,25
2018,02M411,Baruch College Campus High School,HS,4.5988,25
2018,02M412,N.Y.C. Lab School for Collaborative Studies,HS,4.3828,25
2018,02M413,School of the Future High School,EMS,3.546666666666667,15
2018,02M413,School of the Future High School,HS,4.404,20
2018,02M414,N.Y.C. Museum School,HS,4.414583333333333,24
2016,26Q415,Benjamin N. Cardozo High School,HS,2.912,25
2018,02M416,Eleanor Roosevelt High School,HS,4.5424,25
2018,02M418,Millennium High School,HS,4.6056,25
2016,27Q043,P.S. 043,EMS,2.1196,25
2018,02M419,Landmark High School,HS,3.1684,25
2018,02M420,High School for Health Professions and Human Servi,HS,3.9389285714285713,28
2018,04M206,P.S. 206 Jose Celso Barbosa,EMS,3.0637037037037036,27
2018,02M422,Quest to Learn,EMS,3.408,20
2018,02M422,Quest to Learn,HS,2.91,30
2018,02M425,Leadership and Public Service High School,HS,3.226,30
2016,27Q183,P.S. 183 Dr. Richard R. Green,EMS,2.76625,24
2018,02M427,Manhattan Academy For Arts & Language,HS,2.847931034482759,29
2018,02M432,Murray Hill Academy,HS,3.3076666666666665,30
2018,02M437,Hudson High School of Learning Technologies,HS,2.83,31
2016,27Q232,P.S. 232 Lindenwood,EMS,3.5925,20
2018,02M438,International High School at Union Square,HS,3.521153846153846,26
2018,02M439,Manhattan Village Academy,HS,4.7928,25
2016,27Q333,Goldie Maple Academy,EMS,2.513888888888889,18
2018,02M442,"Ballet Tech, NYC Public School for Dance",EMS,4.131428571428572,14
2018,02M449,Vanguard High School,HS,2.7264,25
2018,02M459,Manhattan International High School,HS,3.111666666666667,24
2018,02M473,Washington Irving Yabc,YABC,3.590869565217391,23
2018,02M475,Stuyvesant High School,HS,4.7175,24
2018,02M489,High School of Economics and Finance,HS,3.477666666666667,30
2016,28Q358,M.S. 358,EMS,3.3336,25
2016,29Q034,P.S. 034 John Harvard,EMS,3.3922222222222222,18
2016,30Q078,P.S./I.S. 78Q,EMS,3.8689999999999998,20
2018,02M507,Urban Assembly Gateway School for Technology,HS,4.074,30
2018,02M519,Talent Unlimited High School,HS,4.0504,25
2017,02M655,Life Sciences Secondary School,HS,2.053,30
2018,02M520,Murry Bergtraum High School for Business Careers,HS,2.5351612903225806,31
2016,30Q112,P.S. 112 Dutch Kills,EMS,4.389,20
2016,30Q235,Academy for New Americans,EMS,2.7905555555555557,18
2018,02M527,P.S. 527 - East Side School for Social Action,EMS,3.7354545454545454,11
2018,02M529,Jacqueline Kennedy Onassis High School,HS,2.3235483870967744,31
2018,02M531,Repertory Company High School for Theatre Arts,HS,4.187307692307693,26
2016,31R034,I.S. 034 Tottenville,EMS,4.09,18
2018,02M533,Union Square Academy for Health Sciences,HS,3.025,30
2016,75K140,P.S. K140,D75,3.0300000000000002,3
2018,02M534,Harvest Collegiate High School,HS,3.2795833333333335,24
2018,02M542,Manhattan Bridges High School,HS,4.347666666666667,30
2018,02M543,New Design High School,HS,3.106,30
2018,02M544,Independence High School,HST,2.8485185185185187,27
2018,02M545,High School for Dual Language and Asian Studies,HS,4.5764000000000005,25
2018,02M550,Liberty High School Academy for Newcomers,HST,3.926,25
2018,02M551,Urban Assembly New York Harbor School,HS,2.7363333333333335,30
2018,02M560,High School M560 - City As School,HST,2.684,20
2018,02M565,Urban Academy Laboratory High School,HST,3.1141666666666667,12
2018,02M570,Satellite Academy High School,HST,3.392857142857143,21
2018,02M575,Manhattan Comprehensive Night and Day High School,HST,3.2292592592592593,27
2018,02M580,Richard R. Green High School of Teaching,HS,2.7266666666666666,30
2018,02M586,Harvey Milk High School,HST,2.6622222222222223,18
2018,02M600,The High School of Fashion Industries,HS,3.739642857142857,28
2018,02M605,Humanities Preparatory Academy,HS,4.249583333333334,24
2018,02M615,Chelsea Career and Technical Education High School,HS,3.2683333333333335,30
2018,03M009,P.S. 009 Sarah Anderson,EMS,3.6,11
2018,02M630,Art and Design High School,HS,3.4732,25
2018,02M655,Life Sciences Secondary School,HS,2.3732258064516127,31
2016,75K141,P.S. K141,D75,2.9433333333333334,3
2018,02M896,Lower Manhattan Community Middle School,EMS,4.4825,20
2018,02M933,City Knoll Middle School,EMS,3.4244444444444446,27
2018,03M054,J.H.S. 054 Booker T. Washington,EMS,3.993125,16
2018,03M075,P.S. 075 Emily Dickinson,EMS,3.578,20
2018,03M076,P.S. 076 A. Philip Randolph,EMS,2.5611111111111113,27
2018,03M084,P.S. 084 Lillian Weber,EMS,3.1475,20
2018,03M087,P.S. 087 William Sherman,EMS,4.090909090909091,11
2018,03M145,"P.S. 145, The Bloomingdale School",EMS,2.2295454545454545,22
2018,03M149,P.S. 149 Sojourner Truth,EMS,2.6933333333333334,27
2018,03M163,P.S. 163 Alfred E. Smith,EMS,3.316923076923077,13
2018,03M165,P.S. 165 Robert E. Simon,EMS,3.425263157894737,19
2018,03M166,P.S. 166 The Richard Rodgers School of The Arts an,EMS,3.957272727272727,11
2018,03M180,P.S. 180 Hugo Newman,EMS,2.1564,25
2018,03M191,The Riverside School for Makers and Artists,EMS,2.7364,25
2018,03M199,P.S. 199 Jessie Isador Straus,EMS,4.048461538461538,13
2018,03M241,STEM Institute of Manhattan,EMS,2.6075,20
2018,03M242,P.S. 242 - The Young Diplomats Magnet Academy,EMS,2.06875,16
2018,03M243,M.S. 243 Center School,EMS,4.571875,16
2018,03M245,M.S. M245 The Computer School,EMS,4.32125,16
2018,03M247,M.S. M247 Dual Language Middle School,EMS,3.5317391304347825,23
2018,03M250,M.S. 250 West Side Collaborative Middle School,EMS,2.3945,20
2018,03M256,Lafayette Academy,EMS,3.8460869565217393,23
2018,03M258,Community Action School - MS 258,EMS,3.563181818181818,22
2018,03M291,West End Secondary School,EMS,4.428888888888888,18
2018,03M299,The Maxine Greene HS for Imaginative Inquiry,HS,2.5212903225806453,31
2018,03M307,"Urban Assembly School for Media Studies, The",HS,3.352333333333333,30
2017,03M009,P.S. 009 Sarah Anderson,EMS,3.728181818181818,11
2018,03M333,P.S. 333 Manhattan School for Children,EMS,3.6794444444444445,18
2017,03M054,J.H.S. 054 Booker T. Washington,EMS,4.035,14
2018,03M334,The Anderson School,EMS,4.574375,16
2018,03M402,The Urban Assembly School for Green Careers,HS,3.4761290322580645,31
2018,03M403,The Global Learning Collaborative,HS,2.919,30
2018,03M404,Innovation Diploma Plus,HST,3.4804166666666667,24
2018,03M415,Wadleigh Secondary School for the Performing & Vis,EMS,3.7914285714285714,21
2018,03M415,Wadleigh Secondary School for the Performing & Vis,HS,3.0486666666666666,30
2016,75K231,P.S. K231,D75,3.6999999999999997,3
2018,03M417,Frank McCourt High School,HS,3.8048,25
2018,03M421,West Prep Academy,EMS,3.816666666666667,24
2018,03M452,P.S. 452,EMS,3.226363636363636,11
2018,03M479,Beacon High School,HS,4.062380952380953,21
2018,03M485,Fiorello H. LaGuardia High School of Music & Art a,HS,4.4975,24
2018,03M492,"High School for Law, Advocacy and Community Justic",HS,2.71,30
2018,03M494,High School of Arts and Technology,HS,2.769,30
2018,03M505,Edward A. Reynolds West Side High School,HST,2.165185185185185,27
2018,03M541,Manhattan / Hunter Science High School,HS,4.6652000000000005,25
2018,12X316,Kappa III,EMS,3.5185185185185186,27
2018,03M610,Young Women's Leadership School,EMS,4.068235294117647,17
2018,03M610,Young Women's Leadership School,HS,4.4604,25
2018,04M007,P.S. 007 Samuel Stern,EMS,2.3724,25
2018,03M859,Special Music School,EMS,4.391666666666667,12
2018,03M859,Special Music School,HS,4.075,24
2018,03M860,Frederick Douglass Academy II Secondary School,EMS,3.7515789473684213,19
2018,03M860,Frederick Douglass Academy II Secondary School,HS,2.8329032258064517,31
2018,03M862,Mott Hall II,EMS,3.584090909090909,22
2018,04M012,Tag Young Scholars,EMS,4.440625,16
2018,04M037,River East Elementary,EMS,1.9266666666666667,15
2018,04M038,P.S. 38 Roberto Clemente,EMS,2.7655,20
2018,04M057,James Weldon Johnson,EMS,2.0374074074074073,27
2018,04M072,The Lexington Academy,EMS,2.4444,25
2018,04M083,P.S. 083 Luis Munoz Rivera,EMS,3.5214285714285714,21
2018,04M096,P.S. 096 Joseph Lanzetta,EMS,2.7016,25
2016,75K368,P.S. 368,D75,3.7866666666666666,3
2018,04M102,P.S. 102 Jacques Cartier,EMS,2.546666666666667,18
2018,04M108,P.S. 108 Assemblyman Angelo Del Toro Educational C,EMS,2.6204,25
2018,04M112,P.S. 112 Jose Celso Barbosa,EC,2.915,2
2018,04M146,P.S. 146 Ann M. Short,EMS,3.634,20
2018,04M155,P.S. 155 William Paca,EMS,2.747272727272727,22
2018,04M171,P.S. 171 Patrick Henry,EMS,3.7377777777777776,18
2018,04M182,The Bilingual Bicultural School,EMS,3.727,20
2018,04M224,M.S. 224 Manhattan East School for Arts & Academic,EMS,4.1868181818181816,22
2018,04M310,THE JUDITH S. KAYE HIGH SCHOOL,HST,2.727,10
2018,04M372,Esperanza Preparatory Academy,EMS,3.986,25
2018,04M372,Esperanza Preparatory Academy,HS,3.1896774193548385,31
2017,03M075,P.S. 075 Emily Dickinson,EMS,3.594,20
2018,04M375,Mosaic Preparatory Academy,EMS,2.537777777777778,18
2018,04M377,Renaissance School of the Arts,EMS,3.9092307692307693,26
2018,04M435,Manhattan Center for Science and Mathematics,HS,4.1072,25
2018,04M495,Park East High School,HS,4.61448275862069,29
2018,04M497,Central Park East I,EMS,2.4115384615384614,13
2018,04M555,Central Park East High School,HS,4.3164,25
2018,04M680,"Heritage School, The",HS,3.4926666666666666,30
2018,04M825,Isaac Newton Middle School for Math & Science,EMS,4.3668,25
2018,04M964,Central Park East II,EMS,2.039,20
2016,75M035,P.S. 035,D75,3.2933333333333334,3
2018,05M030,P.S. 030 Hernandez/Hughes,EMS,3.132222222222222,18
2018,05M036,P.S. 036 Margaret Douglas,EMS,2.978,20
2018,05M046,P.S. 046 Arthur Tappan,EMS,2.6214814814814815,27
2018,05M092,P.S. 092 Mary McLeod Bethune,EMS,3.3757894736842107,19
2018,05M123,P.S. 123 Mahalia Jackson,EMS,2.3912,25
2018,05M125,P.S. 125 Ralph Bunche,EMS,4.112857142857143,14
2018,05M129,P.S. 129 John H. Finley,EMS,2.716296296296296,27
2018,05M133,P.S. 133 Fred R Moore,EMS,3.35,20
2018,05M148,Eagle Academy for Young Men of Harlem,EMS,2.3541666666666665,24
2018,05M148,Eagle Academy for Young Men of Harlem,HS,1.8776923076923078,13
2018,05M154,P.S. 154 Harriet Tubman,EMS,3.4015,20
2018,05M157,The Urban Assembly School for Global Commerce,HS,2.777241379310345,29
2018,05M304,Mott Hall High School,HS,2.5283870967741935,31
2018,05M161,P.S. 161 Pedro Albizu Campos,EMS,2.536,25
2018,05M175,P.S. 175 Henry H Garnet,EMS,3.2705,20
2018,05M194,P.S. 194 Countee Cullen,EMS,2.108,20
2018,05M197,P.S. 197 John B. Russwurm,EMS,2.5141176470588236,17
2018,05M200,P.S. 200- The James McCune Smith School,EMS,3.329,20
2018,05M285,Harlem Renaissance High School,HST,2.6348148148148147,27
2018,05M286,Urban Assembly Academy for Future Leaders,EMS,2.5554545454545456,22
2018,05M318,Thurgood Marshall Academy Lower School,EMS,2.827058823529412,17
2018,05M362,Columbia Secondary School,EMS,4.361111111111112,18
2018,05M362,Columbia Secondary School,HS,4.133478260869565,23
2018,06M128,P.S. 128 Audubon,EMS,3.33,20
2018,05M369,Urban Assembly School for the Performing Arts,HS,3.033333333333333,30
2018,05M499,Frederick Douglass Academy,EMS,2.4177272727272725,22
2018,05M499,Frederick Douglass Academy,HS,2.763,30
2018,05M514,New Design Middle School,EMS,2.0745454545454547,22
2018,05M517,Teachers College Community School,EMS,3.21,16
2016,75M226,P.S. M226,D75,3.02,3
2018,05M670,Thurgood Marshall Academy for Learning and Social,EMS,2.056363636363636,22
2018,05M670,Thurgood Marshall Academy for Learning and Social,HS,2.609655172413793,29
2018,05M692,"High School for Mathematics, Science and Engineeri",HS,4.46875,24
2018,06M004,P.S. 004 Duke Ellington,EMS,3.275909090909091,22
2018,06M005,P.S. 005 Ellen Lurie,EMS,3.3865,20
2018,06M008,P.S. 008 Luis Belliard,EMS,3.4313636363636366,22
2018,06M018,P.S. 018 Park Terrace,EMS,2.496,25
2018,06M028,P.S. 028 Wright Brothers,EMS,3.375909090909091,22
2018,06M048,P.S. 048 P.O. Michael J. Buczek,EMS,3.3859090909090908,22
2018,06M052,Harold O. Levy School,EMS,3.0308,25
2018,06M098,P.S. 098 Shorac Kappock,EMS,3.0845454545454545,22
2018,06M103,Dos Puentes Elementary School,EMS,2.7473684210526317,19
2018,06M115,P.S. 115 Alexander Humboldt,EMS,2.6805555555555554,18
2018,06M132,P.S. 132 Juan Pablo Duarte,EMS,3.091111111111111,18
2018,06M223,The Mott Hall School,EMS,4.057777777777778,18
2018,06M143,J.H.S. 143 Eleanor Roosevelt,EMS,3.2344,25
2018,06M152,P.S. 152 Dyckman Valley,EMS,2.8165,20
2018,06M153,P.S. 153 Adam Clayton Powell,EMS,2.917,20
2018,06M173,P.S. 173,EMS,3.1577272727272727,22
2018,06M178,Professor Juan Bosch Public School,EMS,2.7055555555555557,18
2018,06M187,P.S./I.S. 187 Hudson Cliffs,EMS,3.958421052631579,19
2018,06M189,P.S. 189,EMS,3.525,18
2018,06M192,P.S. 192 Jacob H. Schiff,EMS,3.0766666666666667,18
2018,06M209,Hamilton Grange Middle School,EMS,3.6174074074074074,27
2018,06M210,P.S./I.S. 210 - Twenty-first Century Academy for C,EMS,3.915,22
2018,06M211,Inwood Early College for Health and Information Te,HS,3.105769230769231,26
2018,06M278,Paula Hedbavny School,EMS,3.3044444444444445,27
2018,06M293,City College Academy of the Arts,EMS,3.1830434782608696,23
2018,06M293,City College Academy of the Arts,HS,3.9945833333333334,24
2016,75Q009,P.S. 009,D75,3.1233333333333335,3
2018,06M311,Amistad Dual Language School,EMS,3.168,25
2018,06M314,Muscota,EMS,4.652142857142858,14
2018,06M319,M.S. 319 - Maria Teresa,EMS,3.1625925925925924,27
2018,06M322,Middle School 322,EMS,3.094,25
2018,06M324,M.S. 324 - Patria Mirabal,EMS,3.803703703703704,27
2018,06M328,Community Math & Science Prep,EMS,2.9366666666666665,27
2018,06M346,Community Health Academy of the Heights,EMS,3.4712,25
2017,03M076,P.S. 076 A. Philip Randolph,EMS,2.4722222222222223,27
2018,06M346,Community Health Academy of the Heights,HS,3.4096774193548387,31
2018,06M348,Washington Heights Expeditionary Learning School,EMS,3.8788,25
2018,06M348,Washington Heights Expeditionary Learning School,HS,3.188148148148148,27
2018,06M349,Harbor Heights,EMS,3.401764705882353,17
2018,06M366,Washington Heights Academy,EMS,4.505238095238095,21
2018,06M368,Hamilton Heights School,EMS,2.651111111111111,18
2018,06M423,High School for Excellence and Innovation,HST,3.476923076923077,26
2018,06M457,George Washington Yabc,YABC,3.587,20
2018,06M462,The College Academy,HS,3.2825806451612904,31
2018,06M463,High School for Media and Communications,HS,2.5806451612903225,31
2018,06M467,High School for Law and Public Service,HS,2.347741935483871,31
2018,06M468,High School for Health Careers and Sciences,HS,3.1283870967741936,31
2018,06M513,Castle Bridge School,EMS,3.8475,4
2018,06M528,I.S. 528 Bea Fuller Rodgers School,EMS,3.795925925925926,27
2018,06M540,A. Philip Randolph Campus High School,HS,2.8756666666666666,30
2018,06M552,Gregorio Luperon High School for Science and Mathe,HS,3.4996666666666667,30
2018,07X001,P.S. 001 Courtlandt School,EMS,3.0195454545454545,22
2018,07X005,P.S. 5 Port Morris,EMS,2.4916,25
2018,07X018,P.S. 018 John Peter Zenger,EMS,2.418,20
2018,07X025,P.S. 025 Bilingual School,EMS,3.6455,20
2018,07X029,P.S./M.S. 029 Melrose School,EMS,2.2392307692307694,26
2018,07X030,P.S. 030 Wilton,EMS,2.8255,20
2018,07X031,P.S./M.S. 031 The William Lloyd Garrison,EMS,3.1862962962962964,27
2018,07X043,P.S. 043 Jonas Bronck,EMS,3.1145,20
2018,07X049,P.S. 049 Willis Avenue,EMS,4.288181818181818,22
2018,07X065,P.S. 065 Mother Hale Academy,EMS,3.0652631578947367,19
2018,07X379,Jill Chaifetz Transfer High School,HST,2.8244444444444445,27
2018,07X151,J.H.S. 151 Lou Gehrig,EMS,2.8084,25
2018,07X154,P.S. 154 Jonathan D. Hyatt,EMS,3.8200000000000003,15
2018,07X157,P.S. 157 Grove Hill,EMS,2.931111111111111,18
2018,07X161,P.S. 161 Juan Ponce De Leon School,EMS,3.4586363636363635,22
2018,07X179,P.S. 179,EMS,3.227,20
2018,07X221,South Bronx Preparatory: A College Board School,EMS,3.8596,25
2018,07X221,South Bronx Preparatory: A College Board School,HS,4.153333333333333,30
2018,07X223,The Laboratory School of Finance and Technology: X,EMS,3.9264,25
2016,75Q233,P.S. Q233,D75,2.0366666666666666,3
2018,07X223,The Laboratory School of Finance and Technology: X,HS,3.8581481481481483,27
2018,07X224,P.S./I.S. 224,EMS,1.95,25
2018,07X259,"H.E.R.O. High (Health, Education, and Research Occ",HS,2.8932258064516128,31
2018,07X277,P.S. 277,EMS,2.3995,20
2018,07X296,South Bronx Academy for Applied Media,EMS,3.1255555555555556,27
2018,07X298,Academy of Public Relations,EMS,3.29875,24
2018,07X334,International Community High School,HS,3.9132000000000002,25
2018,07X343,Academy of Applied Mathematics and Technology,EMS,3.884074074074074,27
2018,07X359,Concourse Village Elementary School,EMS,4.114166666666667,12
2018,07X369,Young Leaders Elementary School,EMS,3.2455,20
2018,07X381,Bronx Haven High School,HST,2.7842307692307693,26
2018,07X427,Community School for Social Justice,HS,3.373846153846154,26
2018,07X456,Alfred E. Smith Campus YABC,YABC,1.9133333333333333,24
2018,07X473,Mott Haven Village Preparatory High School,HS,2.326774193548387,31
2018,07X495,University Heights Secondary School,HS,4.5945,20
2016,75Q255,P.S. Q255,D75,3.126666666666667,3
2018,07X500,Hostos-Lincoln Academy of Science,EMS,3.1668421052631577,19
2018,07X500,Hostos-Lincoln Academy of Science,HS,3.5300000000000002,29
2018,08X123,J.H.S. 123 James M. Kieran,EMS,3.024814814814815,27
2018,07X522,Bronx Design and Construction Academy,HS,2.4619354838709677,31
2018,07X527,Bronx Leadership Academy II High School,HS,3.523548387096774,31
2018,07X548,Careers in Sports High School,HS,2.313225806451613,31
2018,07X551,The Urban Assembly Bronx Academy of Letters,EMS,2.6084,25
2018,07X551,The Urban Assembly Bronx Academy of Letters,HS,3.673,30
2017,03M145,"P.S. 145, The Bloomingdale School",EMS,2.4463636363636363,22
2018,07X557,Mott Haven Community High School,HST,3.848888888888889,27
2018,07X584,I.S. 584,EMS,3.235925925925926,27
2018,07X600,Alfred E. Smith Career and Technical Education Hig,HS,3.7158064516129032,31
2018,07X670,Health Opportunities High School,HS,2.6348387096774193,31
2018,08X014,P.S. X014 Senator John Calandra,EMS,3.4015789473684213,19
2018,08X036,P.S. 036 Unionport,EMS,3.356666666666667,21
2018,08X048,P.S. 048 Joseph R. Drake,EMS,2.9435,20
2018,08X062,P.S. 062 Inocensio Casanova,EMS,2.9465,20
2018,08X069,P.S. 069 Journey Prep School,EMS,4.591666666666667,18
2018,08X071,P.S. 071 Rose E. Scala,EMS,3.435925925925926,27
2018,08X072,P.S. 072 Dr. William Dorney,EMS,4.056842105263158,19
2016,75Q256,P.S. Q256,D75,3.4166666666666665,3
2018,08X075,P.S. 75 School of Research and Discovery,EMS,3.26,22
2018,08X093,P.S. 093 Albert G. Oliver,EMS,2.97,17
2018,08X100,P.S. 100 Isaac Clason,EMS,2.9273684210526314,19
2018,08X101,M.S. X101 Edward R. Byrne,EMS,3.907,20
2018,08X107,P.S. 107,EMS,3.3265000000000002,20
2018,08X119,The Dr. Emmett W. Bassett School,EMS,3.3085,20
2018,08X130,P.S. 130 Abram Stevens Hewitt,EMS,3.273636363636364,22
2018,08X131,J.H.S. 131 Albert Einstein,EMS,2.6977777777777776,27
2018,08X138,P.S. 138 Samuel Randall,EMS,2.4410526315789474,19
2018,08X140,P.S. X140 The Eagle School,EMS,3.169,20
2018,08X146,P.S. 146 Edward Collins,EMS,3.1065,20
2018,08X152,P.S. 152 Evergreen,EMS,3.185,22
2018,08X182,P.S. 182,EMS,2.63,17
2018,08X269,Bronx Studio School for Writers and Artists,EMS,2.937777777777778,27
2018,08X269,Bronx Studio School for Writers and Artists,HS,3.0012903225806453,31
2018,08X282,Women's Academy of Excellence,HS,2.706,30
2018,08X293,Renaissance High School for Musical Theater and th,HS,3.214,30
2018,08X301,M.S. 301 Paul L. Dunbar,EMS,2.1277777777777778,27
2018,08X302,M.S. 302 Luisa Dessus Cruz,EMS,3.573703703703704,27
2018,08X304,P.S. 304 Early Childhood School,EMS,3.028235294117647,17
2018,08X312,Millennium Art Academy,HS,3.0363333333333333,30
2018,08X320,Pelham Lab High School,HS,2.6574193548387095,31
2018,08X333,The Longwood Academy of Discovery,EMS,2.445,22
2018,08X337,The School for Inquiry and Social Justice,EMS,4.322592592592593,27
2018,08X348,Schuylerville Preparatory High School,HS,2.3746666666666667,30
2018,09X053,P.S. 053 Basheer Quisim,EMS,3.0595454545454546,22
2018,08X349,Bronx River High School,HS,3.26741935483871,31
2018,08X367,"Archimedes Academy for Math, Science and Technolog",EMS,2.7446153846153845,26
2016,75Q277,The Riverview School,D75,3.973333333333333,3
2018,08X367,"Archimedes Academy for Math, Science and Technolog",HS,2.8026666666666666,30
2018,08X371,Urban Institute of Mathematics,EMS,3.2363636363636363,22
2018,08X375,The Bronx Mathematics Preparatory School,EMS,2.9285185185185187,27
2016,75Q993,P.S. Q993,D75,2.7800000000000002,3
2018,08X376,Antonia Pantoja Preparatory Academy: A College Boa,EMS,2.79,27
2018,08X376,Antonia Pantoja Preparatory Academy: A College Boa,HS,2.911935483870968,31
2017,03M149,P.S. 149 Sojourner Truth,EMS,3.0004,25
2018,08X377,Bronx Community High School,HST,3.213846153846154,26
2018,08X405,Herbert H. Lehman High School,HS,2.2593548387096773,31
2018,08X408,Herbert H. Lehman Yabc,YABC,2.78,24
2018,08X424,The Hunts Point School,EMS,2.8444444444444446,27
2018,08X432,Bronx Bridges High School,HS,3.2929032258064517,31
2018,08X448,Soundview Academy for Culture and Scholarship,EMS,3.125,24
2018,08X452,Gotham Collaborative High School,HS,2.575806451612903,31
2018,08X467,Mott Hall Community School,EMS,2.542222222222222,27
2018,08X507,Stevenson Yabc,YABC,2.7395652173913043,23
2018,08X530,Longwood Preparatory Academy,HS,3.469,30
2018,08X537,Bronx Arena High School,HST,2.533846153846154,26
2018,08X558,Westchester Square Academy,HS,2.9848387096774194,31
2018,08X559,School for Tourism and Hospitality,HS,1.783548387096774,31
2018,08X561,Bronx Compass High School,HS,2.644,30
2018,08X562,Blueprint Middle School,EMS,3.557037037037037,27
2018,08X583,P.S. 583,EC,2.635,2
2018,09X004,P.S./M.S. 004 Crotona Park West,EMS,2.904074074074074,27
2018,09X011,P.S. 011 Highbridge,EMS,2.649090909090909,22
2018,09X022,J.H.S. 022 Jordan L. Mott,EMS,3.1311999999999998,25
2018,09X028,P.S. 028 Mount Hope,EMS,3.0613636363636365,22
2018,09X035,P.S. 035 Franz Siegel,EMS,2.8585,20
2018,09X042,P.S. 042 Claremont,EMS,3.6359090909090908,22
2018,09X055,P.S. 055 Benjamin Franklin,EMS,3.4636842105263157,19
2018,09X058,P.S. 058,EMS,3.4155,20
2018,09X063,P.S. 063 Author's Academy,EMS,3.198,20
2018,09X070,P.S. 070 Max Schoenfeld,EMS,3.162272727272727,22
2018,09X073,P.S. 073 Bronx,EMS,2.9779999999999998,20
2018,09X088,P.S. X088 - S. Silverstein Little Sparrow School,EC,2.7750000000000004,2
2018,09X109,P.S. 109 Sedgwick,EMS,2.6735,20
2018,09X110,P.S. 110 Theodore Schoenfeld,EMS,3.152,20
2018,09X114,P.S. X114 - Luis Llorens Torres Schools,EMS,2.5568181818181817,22
2018,09X117,I.S. 117 Joseph H. Wade,EMS,2.7965384615384616,26
2018,09X126,P.S. 126 Dr Marjorie H Dunbar,EMS,2.636842105263158,19
2018,09X128,Mott Hall III,EMS,3.79,23
2018,09X132,P.S. 132 Garret A. Morgan,EMS,3.285,20
2018,09X163,P.S. 163 Arthur A. Schomburg,EMS,3.239,20
2018,09X170,P.S. 170,EC,2.735,2
2018,09X199,P.S. 199X - The Shakespeare School,EMS,3.263,20
2018,09X204,P.S. 204 Morris Heights,EMS,4.232,20
2018,09X215,Kappa,EMS,3.3537037037037036,27
2018,09X218,P.S./I.S. 218 Rafael Hernandez Dual Language Magne,EMS,2.9556,25
2018,09X219,I.S. 219 New Venture School,EMS,2.794814814814815,27
2018,09X227,Bronx Collegiate Academy,HS,3.071290322580645,31
2018,09X229,I.S. 229 Roland Patterson,EMS,2.404074074074074,27
2018,09X231,Eagle Academy for Young Men,EMS,2.9970833333333333,24
2018,09X231,Eagle Academy for Young Men,HS,3.209,30
2018,09X232,I.S. 232,EMS,2.8877777777777776,27
2018,09X236,P.S. 236 Langston Hughes,EMS,3.4811111111111113,18
2018,09X241,Urban Assembly School for Applied Math and Science,EMS,3.1992592592592595,27
2018,09X241,Urban Assembly School for Applied Math and Science,HS,3.393666666666667,30
2018,09X339,I.S. 339,EMS,3.4815384615384617,26
2018,09X250,Eximius College Preparatory Academy: A College Boa,HS,3.6616666666666666,30
2018,09X252,Mott Hall Bronx High School,HS,3.5023333333333335,30
2018,09X260,Bronx Center for Science and Mathematics,HS,3.968,30
2018,09X263,Validus Preparatory Academy,HS,2.9858064516129033,31
2018,09X274,The New American Academy at Roberto Clemente State,EMS,2.879090909090909,22
2018,09X294,The Walton Avenue School,EMS,4.44125,16
2018,09X297,Morris Academy for Collaborative Studies,HS,3.7758064516129033,31
2018,09X303,I.S. X303 Leadership & Community Service,EMS,4.1536,25
2018,09X311,Lucero Elementary School,EMS,3.680555555555556,18
2018,09X313,I.S. 313 School of Leadership Development,EMS,2.953333333333333,27
2018,09X323,Bronx Writing Academy,EMS,3.010740740740741,27
2018,09X324,Bronx Early College Academy for Teaching & Learnin,EMS,3.0717391304347825,23
2018,09X324,Bronx Early College Academy for Teaching & Learnin,HS,3.864642857142857,28
2018,09X327,Comprehensive Model School Project M.S. 327,EMS,3.904074074074074,27
2018,09X327,Comprehensive Model School Project M.S. 327,HS,3.0064516129032257,31
2018,09X328,New Millennium Business Academy Middle School,EMS,3.0296296296296297,27
2018,09X329,DreamYard Preparatory School,HS,3.132258064516129,31
2018,09X350,New Directions Secondary School,EMS,1.8588,25
2018,09X350,New Directions Secondary School,HST,2.2054545454545456,11
2018,09X361,The Highbridge Green School,EMS,3.4412,25
2018,09X365,Academy for Language and Technology,HS,4.503333333333334,30
2018,09X403,Bronx International High School,HS,3.8372,25
2018,09X404,School for Excellence,HS,2.951290322580645,31
2018,09X412,Bronx High School of Business,HS,2.908709677419355,31
2018,09X413,Bronx High School for Medical Science,EMS,3.9595652173913045,23
2018,09X413,Bronx High School for Medical Science,HS,3.1013793103448277,29
2018,09X443,The Family School,EMS,3.8868181818181817,22
2018,09X449,Grant Avenue Elementary School,EMS,3.3565,20
2018,09X454,Science and Technology Academy: A Mott Hall School,EMS,4.328888888888889,27
2018,09X457,Sheridan Academy for Young Leaders,EMS,3.2545,20
2018,09X505,"Bronx School for Law, Government and Justice",EMS,3.7428,25
2018,09X505,"Bronx School for Law, Government and Justice",HS,3.02037037037037,27
2016,75X010,P.S. X010,D75,3.7866666666666666,3
2018,09X517,Frederick Douglass Academy III Secondary School,HS,3.7364516129032257,31
2018,09X525,Bronx Leadership Academy High School,HS,2.540967741935484,31
2018,09X543,High School for Violin and Dance,HS,2.6383870967741934,31
2018,10X086,P.S. 086 Kingsbridge Heights,EMS,3.4518181818181817,22
2018,09X555,Mount Eden Children's Academy,EMS,2.924736842105263,19
2018,09X564,Claremont International HS,HS,3.6752000000000002,25
2018,09X568,Young Women's Leadership School of the Bronx,EMS,2.7835,20
2018,09X568,Young Women's Leadership School of the Bronx,HS,3.7142105263157896,19
2018,10X003,P.S. 3 Raul Julia Micro Society,EMS,3.2752,25
2018,10X007,Milton Fein School,EMS,3.091578947368421,19
2018,10X008,P.S. 008 Isaac Varian,EMS,3.169090909090909,22
2018,10X009,P.S. 9 Ryer Avenue Elementary School,EMS,3.5336363636363637,22
2018,10X015,P.S. X015 Institute for Environmental Learning,EMS,3.0507692307692307,26
2018,10X020,"PS/MS 20 P.O.George J. Werdann, III",EMS,2.852,25
2018,10X023,P.S. 023 The New Children's School,EMS,3.057,20
2018,10X024,P.S. 024 Spuyten Duyvil,EMS,3.501818181818182,11
2018,10X032,P.S. 032 Belmont,EMS,3.104,20
2018,10X033,P.S. 033 Timothy Dwight,EMS,2.568636363636364,22
2018,10X037,P.S. X037 - Multiple Intelligence School,EMS,2.7666666666666666,27
2018,10X045,Thomas C. Giordano Middle School 45,EMS,2.8156,25
2018,10X046,P.S. 046 Edgar Allan Poe,EMS,2.8004545454545453,22
2018,10X051,P.S. 051 Bronx New School,EMS,2.0060000000000002,15
2018,10X054,P.S./I.S. 54,EMS,3.396190476190476,21
2018,10X056,P.S. 056 Norwood Heights,EMS,3.5895454545454544,22
2018,10X059,P.S. 059 The Community School of Technology,EMS,2.700454545454545,22
2018,10X080,J.H.S. 080 The Mosholu Parkway,EMS,3.961851851851852,27
2018,10X081,P.S. 081 Robert J. Christen,EMS,3.2454545454545456,11
2018,10X085,P.S. 085 Great Expectations,EMS,2.61,22
2018,10X091,P.S. 091 Bronx,EMS,3.2285,20
2018,10X094,P.S. 094 Kings College School,EMS,2.461,20
2018,10X095,P.S. 095 Sheila Mencher,EMS,3.057037037037037,27
2018,10X118,J.H.S. 118 William W. Niles,EMS,2.4948148148148146,27
2018,10X141,Riverdale / Kingsbridge Academy (Middle School / H,EMS,2.7111111111111112,18
2018,10X141,Riverdale / Kingsbridge Academy (Middle School / H,HS,3.602,30
2018,10X159,P.S. 159 Luis Munoz Marin Biling,EMS,2.6844444444444444,18
2018,10X205,P.S. 205 Fiorello LaGuardia,EMS,3.778,20
2018,10X206,I.S. 206 Ann Mersereau,EMS,3.2092,25
2018,10X207,P.S. 207,EC,3.2249999999999996,2
2018,10X209,P.S. 209,EC,3.245,2
2018,10X213,Bronx Engineering and Technology Academy,HS,2.5733333333333333,30
2018,10X225,Theatre Arts Production Company School,EMS,3.236818181818182,22
2018,10X225,Theatre Arts Production Company School,HS,2.6389655172413793,29
2018,10X226,P.S. 226,EMS,3.535,20
2018,10X228,Jonas Bronck Academy,EMS,3.6554166666666665,24
2018,10X237,"The Marie Curie School for Medicine, Nursing, and",HS,2.6961290322580647,31
2018,10X243,West Bronx Academy for the Future,EMS,2.2199999999999998,27
2018,10X243,West Bronx Academy for the Future,HS,3.3033333333333332,30
2018,10X244,The New School for Leadership and Journalism,EMS,3.5881481481481483,27
2016,75X811,P.S. X811,D75,2.4966666666666666,3
2018,10X246,P.S. 246 Poe Center,EMS,2.7354545454545454,22
2018,10X254,I.S. 254,EMS,3.3933333333333335,27
2018,10X264,Bronx Academy for Software Engineering (BASE),HS,2.9593333333333334,30
2017,03M163,P.S. 163 Alfred E. Smith,EMS,3.4166666666666665,15
2018,10X268,Kingsbridge International High School,HS,1.8506666666666667,30
2018,10X279,"P.S. 279 Captain Manuel Rivera, Jr.",EMS,3.5084,25
2018,10X280,P.S./M.S. 280 Mosholu Parkway,EMS,3.3596,25
2018,10X284,Bronx School of Law and Finance,HS,3.137741935483871,31
2018,10X291,P.S. 291,EMS,2.987,20
2018,10X306,P.S. 306,EMS,2.8665,20
2018,10X307,Luisa Pineiro Fuentes School of Science and Discov,EMS,2.5759090909090907,22
2018,10X308,Bronx Dance Academy School,EMS,3.578333333333333,24
2018,10X310,P.S. 310 Marble Hill,EMS,3.2486363636363635,22
2018,10X315,P.S. 315 Lab School,EMS,2.6326923076923077,26
2018,10X319,Providing Urban Learners Success In Education High,HST,2.636296296296296,27
2018,10X331,The Bronx School of Young Leaders,EMS,3.2244,25
2018,10X340,P.S. 340,EMS,3.26,19
2018,10X342,International School for Liberal Arts,EMS,3.6317391304347826,23
2018,10X342,International School for Liberal Arts,HS,2.339,30
2018,10X344,Ampark Neighborhood,EMS,2.5752941176470587,17
2018,10X351,Bronx Collaborative High School,HS,2.9392592592592592,27
2018,10X353,World View High School,HS,4.354193548387097,31
2018,10X360,P.S. 360,EMS,3.223333333333333,21
2018,10X363,Academy For Personal Leadership And Excellence,EMS,3.0244444444444447,27
2016,84K731,Brooklyn Excelsior Charter School,EMS,3.213636363636364,22
2018,10X368,In-Tech Academy (M.S. / High School 368),EMS,2.4928,25
2018,10X368,In-Tech Academy (M.S. / High School 368),HS,3.250689655172414,29
2018,10X374,Knowledge and Power Preparatory Academy Internatio,HS,4.110967741935484,31
2018,10X382,"Elementary School for Math, Science, and Technolog",EMS,2.2244444444444444,18
2018,10X386,School for Environmental Citizenship,EMS,3.073,20
2018,10X390,M.S. 390,EMS,3.018,25
2018,10X391,The Angelo Patri Middle School,EMS,2.3025925925925925,27
2018,10X396,P.S. 396,EMS,2.9231818181818183,22
2018,10X397,English Language Learners and International Suppor,HST,3.4585,20
2018,10X433,High School for Teaching and the Professions,HS,3.3512903225806454,31
2018,10X434,Belmont Preparatory High School,HS,3.9506451612903226,31
2018,10X437,Fordham High School for the Arts,HS,4.253846153846154,26
2017,03M165,P.S. 165 Robert E. Simon,EMS,2.524814814814815,27
2018,10X438,Fordham Leadership Academy,HS,3.8138709677419356,31
2018,10X439,Bronx High School for Law and Community Service,HS,4.157,30
2018,10X440,DeWitt Clinton High School,HS,2.9116129032258065,31
2018,10X442,"Celia Cruz Bronx High School of Music, The",HS,4.141,30
2018,10X445,The Bronx High School of Science,HS,4.7725,24
2018,10X447,Creston Academy,EMS,4.1768,25
2018,10X459,East Fordham Academy for the Arts,EMS,2.3266666666666667,27
2018,10X477,Marble Hill High School for International Studies,HS,4.713793103448276,29
2017,27Q487,John Adams Yabc,YABC,3.3,23
2018,10X503,Walton Yabc,YABC,2.850833333333333,24
2018,10X504,Kennedy Yabc,YABC,2.9891666666666667,24
2018,10X524,Crotona International High School,HS,3.4979999999999998,25
2018,10X546,Bronx Theatre High School,HS,3.2843333333333335,30
2018,10X549,Discovery High School,HS,4.299032258064516,31
2018,10X565,High School for Energy and Technology,HS,3.275483870967742,31
2018,10X668,Dewitt Clinton Campus YABC,YABC,3.5775,24
2018,10X696,High School of American Studies at Lehman College,HS,4.735,24
2018,11X083,P.S. 083 Donald Hertz,EMS,2.9788,25
2018,11X016,P.S. 016 Wakefield,EMS,3.7957894736842106,19
2018,11X019,P.S. 019 Judith K. Weiss,EMS,3.4808695652173913,23
2018,11X021,P.S. 021 Philip H. Sheridan,EMS,2.743888888888889,18
2018,11X041,P.S. 041 Gun Hill Road,EMS,2.3965,20
2018,11X068,P.S. 068 Bronx,EMS,3.7452941176470587,17
2018,11X076,P.S. 076 The Bennington School,EMS,2.14,20
2018,11X078,P.S. 078 Anne Hutchinson,EMS,2.4170588235294117,17
2018,11X087,P.S. 087 Bronx,EMS,3.328421052631579,19
2018,11X089,P.S. 089 Bronx,EMS,2.671851851851852,27
2018,11X096,P.S. 096 Richard Rodgers,EMS,2.000952380952381,21
2018,11X097,P.S. 097 Bronx,EMS,2.7864705882352943,17
2018,11X103,P.S. 103 Hector Fontanez,EMS,2.828181818181818,22
2018,11X105,P.S. 105 Sen Abraham Bernstein,EMS,2.899,20
2018,11X265,Bronx Lab School,HS,2.978076923076923,26
2018,11X106,P.S. 106 Parkchester,EMS,3.0165,20
2018,11X108,P.S. 108 Philip J. Abinanti,EMS,3.6746666666666665,15
2018,11X111,P.S. 111 Seton Falls,EMS,2.7342105263157896,19
2018,11X112,P.S. 112 Bronxwood,EMS,2.506842105263158,19
2018,11X121,P.S. 121 Throop,EMS,2.2405882352941178,17
2018,11X127,J.H.S. 127 The Castle Hill,EMS,2.6992592592592595,27
2018,11X144,J.H.S. 144 Michelangelo,EMS,3.4144,25
2017,02M500,Unity Center for Urban Technologies,HS,3.9146666666666667,30
2018,11X153,P.S. 153 Helen Keller,EMS,2.8233333333333333,15
2018,11X160,P.S. 160 Walt Disney,EMS,2.7594736842105263,19
2018,11X169,Baychester Academy,EMS,2.96,17
2018,11X175,P.S. 175 City Island,EMS,1.9705263157894737,19
2018,11X178,P.S. 178 - Dr. Selman Waksman,EMS,2.4382352941176473,17
2018,11X180,M.S. 180 Dr. Daniel Hale Williams,EMS,2.938181818181818,22
2018,11X181,I.S. 181 Pablo Casals,EMS,3.2725,24
2018,11X189,Cornerstone Academy for Social Action,EMS,2.199411764705882,17
2018,11X194,P.S./M.S. 194,EMS,2.8856,25
2018,11X249,Bronx Health Sciences High School,HS,4.118,25
2018,11X253,Bronx High School for Writing and Communication Ar,HS,2.8819354838709677,31
2018,11X270,Academy for Scholarship and Entrepreneurship: A Co,HS,2.981,30
2018,11X275,High School of Computers and Technology,HS,3.287333333333333,30
2018,11X544,High School for Contemporary Arts,HS,3.330967741935484,31
2018,11X287,North Bronx School of Empowerment,EMS,2.1285185185185185,27
2017,29Q295,P.S./I.S. 295,EMS,3.5369565217391306,23
2018,11X288,Collegiate Institute for Math and Science,HS,3.3238461538461537,26
2018,11X290,Bronx Academy of Health Careers,HS,3.669032258064516,31
2018,11X299,Astor Collegiate Academy,HS,2.913,30
2018,12X248,"Metropolitan High School, The",HS,2.462258064516129,31
2018,11X326,Bronx Green Middle School,EMS,2.801111111111111,27
2018,11X355,Bronx Alliance Middle School,EMS,2.3122727272727275,22
2018,11X357,Young Voices Academy of the Bronx,EMS,2.4129411764705884,17
2018,11X370,Leaders of Tomorrow,EMS,2.5987999999999998,25
2018,11X417,C Columbus Hs Yabc,YABC,3.1021739130434782,23
2018,11X418,Bronx High School for the Visual Arts,HS,3.0629032258064517,31
2018,11X455,Harry S Truman High School,HS,3.352333333333333,30
2018,11X462,Cornerstone Academy for Social Action Middle Schoo,EMS,2.5645454545454545,22
2018,11X468,Pelham Academy of Academics and Community Engageme,EMS,3.2008,25
2018,11X481,The STEAM Bridge School,EC,3.1950000000000003,2
2018,11X483,The Matilda Avenue School,EC,2.475,2
2018,11X498,P.S./M.S. 11X498 - VAN NEST ACADEMY,EMS,3.5281818181818183,22
2018,11X508,Bronxdale High School,HS,2.885483870967742,31
2018,11X509,High School of Language and Innovation,HS,3.419,30
2018,11X513,New World High School,HS,4.142333333333333,30
2018,11X514,The Bronxwood Preparatory Academy,HS,3.0416666666666665,30
2018,11X529,One World Middle School at Edenwald,EMS,3.4545833333333333,24
2018,11X532,Baychester Middle School,EMS,2.7466666666666666,24
2018,11X542,Pelham Preparatory Academy,HS,3.619666666666667,30
2018,11X545,Bronx Aerospace High School,HS,2.8148387096774194,31
2018,11X556,Bronx Park Middle School,EMS,3.078076923076923,26
2018,11X566,Pelham Gardens Middle School,EMS,3.0816666666666666,24
2018,11X567,Linden Tree Elementary School,EMS,2.897222222222222,18
2018,12X006,P.S. 006 West Farms,EMS,2.971,20
2018,12X044,P.S. 044 David C. Farragut,EMS,3.3195,20
2018,12X047,P.S. 047 John Randolph,EMS,2.5645454545454545,22
2018,12X057,P.S. 057 Crescent,EMS,2.4145454545454546,22
2018,12X061,P.S. 061 Francisco Oller,EMS,3.013333333333333,21
2018,12X066,P.S. 066 School of Higher Expectations,EMS,3.423636363636364,22
2018,12X067,P.S. 067 Mohegan School,EMS,3.574090909090909,22
2018,12X098,J.H.S. 098 Herman Ridder,EMS,2.6729629629629628,27
2018,12X129,M.S. 129 Academy for Independent Learning and Lead,EMS,4.035925925925926,27
2018,12X134,P.S. 134 George F. Bristow,EMS,2.694090909090909,22
2018,12X150,P.S. 150 Charles James Fox,EMS,3.2015,20
2018,12X190,E.S.M.T- I.S. 190,EMS,2.6936,25
2018,12X195,P.S. 195,EMS,2.803181818181818,22
2018,12X196,P.S. 196,EMS,2.7381818181818183,22
2018,12X211,P.S. 211,EMS,2.8784,25
2018,12X212,P.S. 212,EMS,3.232941176470588,17
2018,12X214,P.S. 214,EMS,2.5574074074074074,27
2018,12X217,School of Performing Arts,EMS,2.7914814814814815,27
2018,12X242,Mott Hall V,EMS,3.421111111111111,27
2018,12X242,Mott Hall V,HS,3.6761290322580646,31
2018,12X251,Explorations Academy H.S.,HS,2.9925806451612904,31
2018,12X267,Bronx Latin,EMS,3.828888888888889,27
2018,12X267,Bronx Latin,HS,4.089032258064516,31
2018,12X271,East Bronx Academy for the Future,EMS,3.5125925925925925,27
2018,12X271,East Bronx Academy for the Future,HS,3.165806451612903,31
2017,30Q078,P.S./I.S. 78Q,EMS,3.6625,20
2018,12X273,Frederick Douglass Academy V. Middle School,EMS,2.2932,25
2018,12X286,Fannie Lou Hamer Middle School,EMS,2.8544,25
2018,12X300,The School of Science and Applied Learning,EMS,3.020909090909091,22
2018,12X314,Fairmont Neighborhood School,EMS,2.799545454545455,22
2018,12X318,"I.S. X318 Math, Science & Technology Through Arts",EMS,2.4392592592592592,27
2017,30Q085,P.S. 085 Judge Charles Vallone,EMS,2.690625,16
2018,12X341,Accion Academy,EMS,3.1528,25
2018,12X383,Emolior Academy,EMS,3.1772,25
2018,12X388,Pan American International High School at Monroe,HS,4.577692307692308,26
2018,12X428,Learning To Work Yabc At Monroe Academy,YABC,1.8533333333333333,24
2018,12X446,Arturo A. Schomburg Satellite Academy Bronx,HST,3.5895238095238096,21
2018,12X463,Urban Scholars Community School,EMS,2.9904545454545453,22
2018,12X478,The Cinema School,HS,3.952758620689655,29
2018,12X479,Bronx Career and College Preparatory High School,HS,2.0206451612903225,31
2018,12X480,Bronx Regional High School,HST,2.5234615384615386,26
2018,12X511,Bronx Envision Academy,HS,3.0083333333333333,30
2018,12X521,The Metropolitan Soundview High School,HS,3.121290322580645,31
2018,12X531,Archer Elementary School,EMS,3.2125,20
2018,12X536,P.S. 536,EMS,2.575,18
2018,12X550,High School of World Cultures,HS,2.682,30
2018,12X682,Fannie Lou Hamer Freedom High School,HS,3.3308,25
2018,12X684,Wings Academy,HS,2.2083333333333335,30
2018,12X691,Bronx Little School,EMS,3.008888888888889,18
2017,30Q212,P.S. 212,EMS,3.1455555555555557,18
2018,13K003,P.S. 003 The Bedford Village,EMS,2.752727272727273,22
2018,13K008,P.S. 008 Robert Fulton,EMS,3.1625,16
2018,13K009,P.S. 009 Teunis G. Bergen,EMS,3.1488888888888886,9
2018,13K011,P.S. 011 Purvis J. Behan,EMS,2.9976923076923074,13
2018,13K020,P.S. 020 Clinton Hill,EMS,3.2323529411764707,17
2018,13K044,P.S. 044 Marcus Garvey,EMS,2.85875,16
2018,13K046,P.S. 046 Edward C. Blum,EMS,3.2190909090909092,22
2018,13K054,P.S. 054 Samuel C. Barnes,EMS,3.97,20
2018,13K056,P.S. 056 Lewis H. Latimer,EMS,2.695263157894737,19
2018,13K067,P.S. 067 Charles A. Dorsey,EMS,2.7747058823529414,17
2018,13K093,P.S. 093 William H. Prescott,EMS,2.2827777777777776,18
2018,13K113,M.S. 113 Ronald Edmonds Learning Center,EMS,2.5454166666666667,24
2018,13K133,P.S. 133 William A. Butler,EMS,2.798,15
2018,13K256,P.S. 256 Benjamin Banneker,EMS,2.593888888888889,18
2018,13K265,Dr. Susan S. McKinney Secondary School of the Arts,EMS,3.293181818181818,22
2018,13K265,Dr. Susan S. McKinney Secondary School of the Arts,HS,2.378,30
2018,13K266,M.S. K266 - Park Place Community Middle School,EMS,2.685416666666667,24
2017,30Q234,P.S. 234,EMS,4.5365,20
2018,13K270,P.S. 270 Johann DeKalb,EMS,2.336470588235294,17
2018,13K282,P.S. 282 Park Slope,EMS,2.8772727272727274,22
2018,13K287,P.S. 287 Bailey K. Ashford,EMS,1.8953333333333333,15
2018,13K301,Satellite East Middle School,EMS,2.8424,25
2018,13K305,P.S. 305 Dr. Peter Ray,EMS,2.183333333333333,18
2018,13K307,P.S. 307 Daniel Hale Williams,EMS,3.2223529411764704,17
2018,13K313,Dock Street School for STEAM Studies,EMS,3.658888888888889,18
2018,13K350,Urban Assembly School for Music and Art,HS,3.146,30
2018,13K351,The Urban Assembly Unison School,EMS,3.1577272727272727,22
2018,13K412,Brooklyn Community Arts & Media High School (BCAM),HS,3.2676666666666665,30
2018,13K670,Benjamin Banneker Academy,HS,3.3112,25
2018,13K419,"Science Skills Center High School for Science, Tec",HS,3.922,30
2018,13K430,Brooklyn Technical High School,HS,4.4070833333333335,24
2018,13K439,Brooklyn International High School,HS,4.0120000000000005,25
2018,13K483,The Urban Assembly School for Law and Justice,HS,3.831,30
2018,13K492,Academy of Arts and Letters,EMS,3.76125,16
2018,13K499,ACORN Community High School,HS,2.7266666666666666,30
2018,13K527,Urban Assembly Institute of Math and Science for Y,EMS,3.0127272727272727,22
2018,13K527,Urban Assembly Institute of Math and Science for Y,HS,3.557931034482759,29
2018,13K553,Brooklyn Academy High School,HST,2.9484615384615385,26
2018,13K594,Gotham Professional Arts Academy,HS,3.4808333333333334,12
2018,13K595,Bedford Academy High School,HS,3.6945833333333336,24
2018,13K605,George Westinghouse Career and Technical Education,HS,2.855,30
2018,13K616,Brooklyn High School for Leadership and Community,HST,2.1296153846153847,26
2018,13K657,Downtown Brooklyn Yabc,YABC,2.6708695652173913,23
2018,13K674,"City Polytechnic High School of Engineering, Archi",HS,2.793,30
2018,13K691,Fort Greene Preparatory Academy,EMS,2.6745454545454543,22
2018,14K016,P.S. 016 Leonard Dunkly,EMS,2.582666666666667,15
2018,14K017,P.S. 017 Henry D. Woodworth,EMS,3.471,20
2018,14K018,P.S. 018 Edward Bush,EMS,3.8245,20
2018,14K023,P.S. 023 Carter G. Woodson,EMS,3.1123529411764705,17
2018,14K031,P.S. 031 Samuel F. Dupont,EMS,3.672727272727273,11
2017,31R049,I.S. 49 Berta A. Dreyfus,EMS,2.705185185185185,27
2018,14K034,P.S. 034 Oliver H. Perry,EMS,3.148125,16
2018,14K050,J.H.S. 050 John D. Wells,EMS,4.136666666666667,27
2018,14K059,P.S. 059 William Floyd,EMS,2.8676470588235294,17
2018,14K071,Juan Morel Campos Secondary School,EMS,3.4536000000000002,25
2018,14K071,Juan Morel Campos Secondary School,HS,2.667741935483871,31
2018,14K084,P.S. 084 Jose De Diego,EMS,2.4132000000000002,25
2018,14K110,P.S. 110 The Monitor,EMS,2.689230769230769,13
2018,14K120,P.S. 120 Carlos Tapia,EMS,2.692,20
2018,14K126,John Ericsson Middle School 126,EMS,2.5363636363636366,22
2018,14K132,P.S. 132 The Conselyea School,EMS,3.9847058823529413,17
2018,14K147,P.S. 147 Isaac Remsen,EMS,3.5744444444444445,18
2018,14K157,P.S./I.S. 157 The Benjamin Franklin Health & Scien,EMS,2.3316,25
2018,14K196,P.S. 196 Ten Eyck,EMS,3.0855,20
2018,14K250,P.S. 250 George H. Lindsay,EMS,2.388888888888889,18
2018,14K257,P.S. 257 John F. Hylan,EMS,4.034,20
2018,15K418,The Children's School,EMS,3.62,8
2018,14K297,P.S. 297 Abraham Stockton,EMS,2.611666666666667,18
2018,14K318,I.S. 318 Eugenio Maria De Hostos,EMS,2.691818181818182,22
2018,14K319,P.S. 319,EC,1.965,2
2018,14K380,P.S. 380 John Wayne Elementary,EMS,3.5690909090909093,22
2018,14K414,Brooklyn Arbor Elementary School,EMS,2.654,20
2018,14K449,"Brooklyn Latin School, The",HS,4.424166666666666,24
2018,14K454,The Williamsburg High School of Art and Technology,HS,3.1535483870967744,31
2018,14K474,PROGRESS High School for Professional Careers,HS,2.825483870967742,31
2017,31R440,New Dorp High School,HS,2.817241379310345,29
2018,14K477,East Williamsburg Scholars Academy,HS,2.628709677419355,31
2018,14K478,"The High School for Enterprise, Business and Techn",HS,2.9290322580645163,31
2018,14K488,Brooklyn Preparatory High School,HS,3.3686666666666665,30
2018,14K558,Williamsburg High School for Architecture and Desi,HS,4.19,30
2018,14K561,Williamsburg Preparatory School,HS,4.176333333333333,30
2018,14K577,Conselyea Preparatory School,EMS,3.4411764705882355,17
2018,14K582,M.S. 582,EMS,3.6014814814814815,27
2018,14K586,Lyons Community School,EMS,2.6895652173913045,23
2018,14K586,Lyons Community School,HS,3.0084,25
2018,14K610,Automotive High School,HS,3.2223333333333333,30
2018,14K614,Young Women's Leadership School of Brooklyn,EMS,2.6595,20
2018,14K614,Young Women's Leadership School of Brooklyn,HS,3.7375,28
2018,14K685,El Puente Academy for Peace and Justice,HS,3.0834615384615383,26
2018,14K923,Automotive High School Yabc,YABC,1.9758333333333333,24
2018,15K001,P.S. 001 The Bergen,EMS,2.494090909090909,22
2018,15K010,"Magnet School of Math, Science and Design Technolo",EMS,3.577272727272727,11
2018,15K015,P.S. 015 Patrick F. Daly,EMS,2.6705882352941175,17
2018,15K024,P.S. 024,EMS,2.9305555555555554,18
2018,15K029,P.S. 029 John M. Harrigan,EMS,3.2753846153846156,13
2018,15K032,P.S. 032 Samuel Mills Sprole,EMS,2.956923076923077,13
2018,15K038,P.S. 038 The Pacific,EMS,2.686,15
2018,15K039,P.S. 039 Henry Bristow,EMS,4.124545454545455,11
2018,15K051,M.S. 51 William Alexander,EMS,3.6727777777777777,18
2018,15K058,P.S. 058 The Carroll,EMS,3.4924999999999997,12
2018,15K088,J.H.S. 088 Peter Rouget,EMS,3.0784,25
2018,15K094,P.S. 094 The Henry Longfellow,EMS,3.0157142857142856,14
2018,15K107,P.S. 107 John W. Kimball,EMS,3.2609090909090908,11
2018,15K118,The Maurice Sendak Community School,EMS,3.171,10
2018,15K124,P.S. 124 Silas B. Dutcher,EMS,3.19125,16
2018,15K130,P.S. 130 The Parkside,EMS,2.9306666666666668,15
2018,15K131,P.S. 131 Brooklyn,EMS,3.951578947368421,19
2018,15K136,I.S. 136 Charles O. Dewey,EMS,2.955185185185185,27
2018,15K146,"The Brooklyn New School, P.S. 146",EMS,3.9033333333333333,3
2018,15K154,The Windsor Terrace School,EMS,3.0946153846153845,13
2018,15K169,P.S. 169 Sunset Park,EMS,3.2555555555555555,18
2018,15K172,P.S. 172 Beacon School of Excellence,EMS,4.522142857142858,14
2018,15K230,P.S. 230 Doris L. Cohen,EMS,3.45375,16
2018,15K261,P.S. 261 Philip Livingston,EMS,2.2781818181818183,11
2018,15K295,P.S. 295,EMS,3.963888888888889,18
2018,15K321,P.S. 321 William Penn,EMS,3.7427272727272727,11
2018,15K423,Brooklyn Frontiers High School,HST,3.06375,24
2018,15K429,Digital Arts and Cinema Technology High School,HS,3.650666666666667,30
2018,15K442,M.S. 442 Carroll Gardens School for Innovation,EMS,4.1875,16
2018,15K443,New Voices School of Academic & Creative Arts,EMS,4.395882352941176,17
2018,15K447,The Math & Science Exploratory School,EMS,4.1738888888888885,18
2018,15K448,Brooklyn Collaborative Studies,EMS,1.7533333333333334,21
2018,15K448,Brooklyn Collaborative Studies,HS,3.6056,25
2018,15K462,John Jay School for Law,HS,3.0544827586206895,29
2018,15K464,Park Slope Collegiate,EMS,2.9063157894736844,19
2018,15K464,Park Slope Collegiate,HS,2.878,30
2018,15K497,The Boerum Hill School for International Studies,EMS,3.51625,16
2018,15K497,The Boerum Hill School for International Studies,HS,2.3476666666666666,30
2018,15K516,Sunset Park Avenues Elementary School,EMS,2.74,17
2018,15K519,Cobble Hill School of American Studies,HS,3.2496666666666667,30
2018,15K529,West Brooklyn Community High School,HST,3.4425925925925926,27
2018,15K592,Khalil Gibran International Academy,HS,2.622258064516129,31
2018,15K656,Brooklyn High School of the Arts,HS,3.001923076923077,26
2018,15K667,Sunset Park High School,HS,3.1883870967741936,31
2018,27Q314,Epic High School - South,HS,2.6728,25
2018,15K676,Red Hook Neighborhood School,EMS,2.1694999999999998,20
2018,15K684,Millennium Brooklyn HS,HS,4.5192,25
2018,15K698,South Brooklyn Community High School,HST,3.1303846153846155,26
2018,15K821,Sunset Park Prep,EMS,3.6033333333333335,27
2018,15K839,M.S. 839,EMS,3.1166666666666667,18
2018,16K005,P.S. 005 Dr. Ronald McNair,EMS,3.1906666666666665,15
2018,16K021,P.S. 021 Crispus Attucks,EMS,3.6176470588235294,17
2018,16K025,P.S. 025 Eubie Blake School,EMS,4.03,9
2018,16K026,P.S. 026 Jesse Owens,EMS,3.3075,16
2018,16K028,P.S. 028 The Warren Prep Academy,EMS,2.818235294117647,17
2018,16K035,M.S. 035 Stephen Decatur,EMS,3.821818181818182,22
2018,16K040,P.S. 040 George W. Carver,EMS,4.3725000000000005,20
2018,16K057,J.H.S. 057 Whitelaw Reid,EMS,2.9941666666666666,24
2018,16K081,P.S. 081 Thaddeus Stevens,EMS,2.791764705882353,17
2018,16K243,P.S. 243K- The Weeksville School,EMS,2.5141176470588236,17
2018,16K262,P.S. 262 El Hajj Malik El Shabazz Elementary Schoo,EMS,3.2023529411764704,17
2018,16K267,"M.S. 267 Math, Science & Technology",EMS,3.807916666666667,24
2018,16K308,P.S. 308 Clara Cardwell,EMS,1.6527272727272726,22
2018,16K309,P.S. 309 The George E. Wibecan Preparatory Academy,EMS,2.771176470588235,17
2018,16K335,P.S. 335 Granville T. Woods,EMS,2.785,18
2018,16K455,Boys and Girls High School,HS,3.0953333333333335,30
2017,04M007,P.S. 007 Samuel Stern,EMS,3.2959259259259257,27
2018,16K498,Brooklyn High School for Law and Technology,HS,3.083,30
2018,16K627,Brighter Choice Community School,EMS,1.9542105263157894,19
2018,16K628,Brooklyn Brownstone School,EMS,2.8553333333333333,15
2018,16K669,Research and Service High School,HST,2.9846153846153847,26
2018,16K681,Madiba Prep Middle School,EMS,3.0508333333333333,24
2018,16K688,The Brooklyn Academy of Global Finance,HS,3.197241379310345,29
2018,16K765,Nelson Mandela High School,HS,2.7396,25
2018,16K959,BOYS AND GIRLS YABC,YABC,3.262608695652174,23
2018,17K002,Parkside Preparatory Academy,EMS,2.921111111111111,27
2018,17K006,Norma Adams Clemons Academy,EMS,2.962727272727273,22
2018,17K012,Dr. Jacqueline Peek-Davis School,EMS,2.606470588235294,17
2018,17K061,M.S. 061 Dr. Gladstone H. Atwell,EMS,2.1820833333333334,24
2018,17K091,P.S. 091 The Albany Avenue School,EMS,4.424736842105263,19
2018,17K092,P.S. 092 Adrian Hegeman,EMS,2.879090909090909,22
2018,17K122,Pathways in Technology Early College High School (,HS,3.013333333333333,30
2018,17K138,P.S. 138 Brooklyn,EMS,3.6264,25
2018,17K161,P.S. 161 The Crown,EMS,2.953684210526316,19
2018,17K181,P.S. 181 Brooklyn,EMS,2.364074074074074,27
2018,17K189,P.S. 189 The Bilingual Center,EMS,3.377307692307692,26
2018,17K191,P.S. 191 Paul Robeson,EMS,4.151666666666666,12
2018,17K221,P.S. 221 Toussaint L'Ouverture,EMS,2.466666666666667,15
2018,17K241,P.S. 241 Emma L. Johnston,EMS,3.5806666666666667,15
2018,17K246,M.S. 246 Walt Whitman,EMS,3.4785185185185186,27
2018,17K249,P.S. 249 The Caton,EMS,4.330666666666667,15
2018,17K289,P.S. 289 George V. Brower,EMS,4.136842105263158,19
2018,17K316,P.S. 316 Elijah Stroud,EMS,3.9384615384615387,13
2018,17K340,I.S. 340,EMS,3.4222727272727274,22
2018,29Q268,P.S./I.S. 268,EMS,2.8084,25
2018,17K352,Ebbets Field Middle School,EMS,3.614074074074074,27
2018,17K353,Elijah Stroud Middle School,EMS,2.9477777777777776,27
2018,17K354,The School of Integrated Learning,EMS,3.97,24
2018,17K375,P.S. 375 Jackie Robinson School,EMS,2.7122727272727274,22
2018,17K382,Academy for College Preparation and Career Explora,EMS,2.488148148148148,27
2018,17K382,Academy for College Preparation and Career Explora,HS,3.04,30
2018,17K394,M.S. K394,EMS,2.0717391304347825,23
2018,17K397,P.S. 397 Foster-Laurie,EMS,3.7094444444444443,18
2018,17K398,P.S. 398 Walter Weaver,EMS,3.429047619047619,21
2018,17K399,P.S. 399 Stanley Eugene Clark,EMS,1.8533333333333333,15
2018,17K408,Academy of Hospitality and Tourism,HS,3.670689655172414,29
2018,17K467,Erasmus Yabc,YABC,2.3995454545454544,22
2018,17K484,Ronald Edmonds Learning Center II,EMS,4.209545454545455,22
2018,17K524,International High School at Prospect Heights,HS,3.376153846153846,26
2018,17K528,The High School for Global Citizenship,HS,3.039310344827586,29
2018,17K531,"School for Human Rights, The",EMS,4.454375,16
2018,17K531,"School for Human Rights, The",HS,3.6763333333333335,30
2018,17K532,New Bridges Elementary,EMS,3.223333333333333,18
2018,17K537,High School for Youth and Community Development at,HS,3.287333333333333,30
2018,17K539,High School for Service & Learning at Erasmus,HS,3.2287096774193547,31
2018,17K543,"Science, Technology and Research Early College Hig",EMS,4.6275,16
2018,17K543,"Science, Technology and Research Early College Hig",HS,3.8475,24
2018,17K546,High School for Public Service: Heroes of Tomorrow,HS,3.27,28
2018,17K547,Brooklyn Academy of Science and the Environment,HS,3.2303333333333333,30
2018,17K548,Brooklyn School for Music & Theatre,HS,2.708666666666667,30
2018,17K568,Brownsville Academy High School,HST,3.1168,25
2018,17K590,Medgar Evers College Preparatory School,EMS,3.1014285714285714,14
2018,17K590,Medgar Evers College Preparatory School,HS,3.3137499999999998,24
2017,04M072,The Lexington Academy,EMS,2.5016,25
2018,17K600,Clara Barton High School,HS,2.9370967741935483,31
2017,03M180,P.S. 180 Hugo Newman,EMS,2.586,25
2018,17K705,Brooklyn Arts and Science Elementary School,EMS,2.352,20
2018,17K722,New Heights Middle School,EMS,2.8004166666666666,24
2018,17K745,Brooklyn Institute for Liberal Arts,HS,4.174333333333333,30
2018,17K751,Academy for Health Careers,HS,3.01,29
2018,17K770,P.S. 770 New American Academy,EMS,2.7385714285714284,14
2018,18K066,P.S. 66,EMS,2.4771428571428573,21
2018,18K068,I.S. 068 Isaac Bildersee,EMS,2.879259259259259,27
2018,18K114,P.S. 114 Ryder Elementary,EMS,3.529,20
2018,18K115,P.S. 115 Daniel Mucatel School,EMS,2.902941176470588,17
2018,18K135,P.S. 135 Sheldon A. Brookner,EMS,2.6233333333333335,15
2018,18K208,P.S. 208 Elsa Ebeling,EMS,3.0364705882352943,17
2018,18K211,I.S. 211 John Wilson,EMS,3.05,25
2018,18K219,P.S. 219 Kennedy-King,EMS,3.085,20
2018,18K233,P.S. 233 Langston Hughes,EMS,2.475263157894737,19
2018,18K235,P.S. 235 Janice Marie Knight School,EMS,3.3240000000000003,20
2018,18K244,P.S. 244 Richard R. Green,EMS,3.4236842105263157,19
2018,18K268,P.S. 268 Emma Lazarus,EMS,3.0613333333333332,15
2018,18K272,P.S. 272 Curtis Estabrook,EMS,3.0241176470588234,17
2018,18K276,P.S. 276 Louis Marshall,EMS,2.317727272727273,22
2018,18K279,P.S. 279 Herman Schreiber,EMS,3.14,15
2018,18K285,I.S. 285 Meyer Levin,EMS,3.6045833333333333,24
2018,18K366,The Science And Medicine Middle School,EMS,2.889090909090909,22
2018,18K563,It Takes a Village Academy,HS,4.018387096774194,31
2018,18K566,Brooklyn Generation School,HS,2.876,30
2018,18K567,Brooklyn Theatre Arts High School,HS,2.922758620689655,29
2018,18K569,Kurt Hahn Expeditionary Learning School,HS,3.7428,25
2018,18K576,Victory Collegiate High School,HS,2.889333333333333,30
2018,18K578,Brooklyn Bridge Academy,HST,3.4326923076923075,26
2018,18K581,East Flatbush Community Research School,EMS,2.821111111111111,27
2018,18K588,Middle School for Art and Philosophy,EMS,3.5608333333333335,24
2018,18K617,High School for Innovation in Advertising and Medi,HS,2.606666666666667,30
2018,18K637,Academy for Conservation and the Environment,HS,3.690645161290323,31
2018,18K629,Cultural Academy for the Arts and Sciences,HS,3.0406451612903225,31
2018,21K238,P.S. 238 Anne Sullivan,EMS,2.8466666666666667,27
2018,18K633,High School for Medical Professions,HS,3.085,30
2018,18K635,Olympus Academy,HST,2.6834615384615383,26
2018,18K642,Urban Action Academy,HS,2.529032258064516,31
2018,22K236,P.S. 236 Mill Basin,EMS,3.3754545454545455,11
2018,18K673,East Brooklyn Community High School,HST,3.7534615384615386,26
2018,18K763,Brooklyn Science and Engineering Academy,EMS,3.2936363636363635,22
2018,18K922,South Shore Educational Complex Yabc,YABC,3.726086956521739,23
2018,19K007,P.S. 007 Abraham Lincoln,EMS,2.821,20
2018,19K013,P.S. 013 Roberto Clemente,EMS,3.8394117647058823,17
2018,19K065,P.S. 065,EMS,3.9522222222222223,18
2018,19K089,P.S. 089 Cypress Hills,EMS,2.3868,25
2018,19K108,P.S. 108 Sal Abbracciamento,EMS,4.45,20
2018,19K149,P.S. 149 Danny Kaye,EMS,3.9,18
2018,19K158,P.S. 158 Warwick,EMS,2.657058823529412,17
2018,19K159,P.S. 159 Isaac Pitkin,EMS,3.4615,20
2018,19K171,I.S. 171 Abraham Lincoln,EMS,2.5785185185185187,27
2018,19K190,P.S. 190 Sheffield,EMS,2.0707692307692307,13
2018,19K202,P.S. 202 Ernest S. Jenkyns,EMS,2.9625,20
2018,19K213,P.S. 213 New Lots,EMS,2.41,20
2018,19K214,P.S. 214 Michael Friedsam,EMS,3.2385,20
2018,19K218,J.H.S. 218 James P. Sinnott,EMS,2.645185185185185,27
2018,19K224,P.S. 224 Hale A. Woodruff,EMS,2.61375,16
2018,19K273,P.S. 273 Wortman,EMS,2.2936842105263158,19
2018,19K290,P.S. 290 Juan Morel Campos,EMS,3.3895,20
2018,19K292,J.H.S. 292 Margaret S. Douglas,EMS,3.7014814814814816,27
2018,19K306,P.S. 306 Ethan Allen,EMS,3.670526315789474,19
2018,19K325,The Fresh Creek School,EMS,2.11625,16
2018,19K328,P.S. 328 Phyllis Wheatley,EMS,2.715,20
2018,19K345,P.S. 345 Patrolman Robert Bolden,EMS,2.33,18
2018,19K346,P.S. 346 Abe Stark,EMS,2.818235294117647,17
2018,19K364,I.S. 364 Gateway,EMS,2.5908333333333333,24
2018,19K404,Academy for Young Writers,EMS,2.514090909090909,22
2018,19K404,Academy for Young Writers,HS,3.3993333333333333,30
2018,19K409,East New York Family Academy,EMS,4.233636363636363,22
2018,19K409,East New York Family Academy,HS,3.7856666666666667,30
2018,19K422,Spring Creek Community School,EMS,3.4686363636363637,22
2018,19K422,Spring Creek Community School,HS,3.1891304347826086,23
2018,19K431,Thomas Jefferson Yabc,YABC,2.035217391304348,23
2018,19K452,Frederick Douglass Academy VIII Middle School,EMS,2.360909090909091,22
2018,19K501,Franklin K. Lane Campus YABC,YABC,2.73625,24
2018,19K502,FDNY - Captain Vernon A. Richard High School for F,HS,2.825,30
2017,03M199,P.S. 199 Jessie Isador Straus,EMS,3.8692307692307693,13
2018,19K504,High School for Civil Rights,HS,2.7235483870967743,31
2018,22K425,James Madison High School,HS,3.1533333333333333,30
2018,19K507,Performing Arts and Technology High School,HS,3.293,30
2018,19K510,World Academy for Total Community Health High Scho,HS,2.8966666666666665,30
2018,19K557,Brooklyn Gardens Elementary School,EMS,2.7005882352941177,17
2018,19K583,Multicultural High School,HS,3.3487999999999998,25
2017,03M243,M.S. 243 Center School,EMS,4.233888888888889,18
2018,19K615,Transit Tech Career and Technical Education High S,HS,2.7343333333333333,30
2018,19K618,Academy of Innovative Technology,HS,3.5433333333333334,30
2018,19K639,Brooklyn Lab School,HS,2.8503225806451615,31
2018,19K654,Van Siclen Community Middle School,EMS,2.879259259259259,27
2018,19K659,Cypress Hills Collegiate Preparatory School,HS,3.1566666666666667,30
2018,19K660,W. H. Maxwell Career and Technical Education High,HS,3.2496666666666667,30
2018,19K661,Vista Academy,EMS,3.3033333333333332,27
2018,19K662,Liberty Avenue Middle School,EMS,3.4848,25
2018,19K663,School of the Future Brooklyn,EMS,2.157391304347826,23
2018,19K677,East New York Elementary School of Excellence,EMS,2.7495,20
2018,19K678,East New York Middle School of Excellence,EMS,3.0384,25
2018,19K683,School for Classics High School,HS,3.190645161290323,31
2018,23K668,Riverdale Avenue Middle School,EMS,3.0513636363636363,22
2018,19K760,Highland Park Community School,EMS,2.222962962962963,27
2018,19K764,The Urban Assembly School for Collaborative Health,HS,3.278,25
2018,20K030,P.S./I.S. 30 Mary White Ovington,EMS,3.2895652173913046,23
2018,20K048,P.S. 048 Mapleton,EMS,3.6625,20
2018,20K062,J.H.S. 062 Ditmas,EMS,2.997037037037037,27
2018,20K069,P.S. 69 Vincent D. Grippo School,EMS,4.3613333333333335,15
2018,20K102,P.S. 102 The Bayview,EMS,3.303529411764706,17
2018,20K104,P.S./I.S. 104 The Fort Hamilton School,EMS,3.46125,24
2018,20K105,P.S. 105 The Blythebourne,EMS,3.9026666666666667,15
2018,20K112,P.S. 112 Lefferts Park,EMS,3.796875,16
2018,20K127,P.S. 127 Mckinley Park,EMS,3.7783333333333333,18
2018,20K160,P.S. 160 William T. Sampson,EMS,4.513333333333334,15
2018,20K163,P.S. 163 Bath Beach,EMS,3.964,25
2018,20K164,P.S. 164 Caesar Rodney,EMS,4.0475,20
2018,20K170,Ralph A. Fabrizio School,EMS,4.354375,16
2018,20K176,P.S. 176 Ovington,EMS,4.128,15
2018,20K179,P.S. 179 Kensington,EMS,3.096875,16
2018,20K180,The SEEALL Academy,EMS,3.8285714285714287,21
2018,20K185,P.S. 185 Walter Kassenbrock,EMS,2.998,15
2018,20K186,P.S. 186 Dr. Irving A Gladstone,EMS,3.6933333333333334,18
2018,20K187,The Christa McAuliffe School\I.S. 187,EMS,4.418571428571428,14
2018,20K192,P.S. 192 - The Magnet School for Math and Science,EMS,4.1924,25
2018,24Q061,I.S. 061 Leonardo Da Vinci,EMS,3.2828,25
2018,20K200,P.S. 200 Benson School,EMS,3.466111111111111,18
2018,20K201,J.H.S. 201 The Dyker Heights,EMS,4.197058823529412,17
2018,20K204,P.S. 204 Vince Lombardi,EMS,3.7952631578947367,19
2018,20K205,P.S. 205 Clarion,EMS,3.783333333333333,18
2018,20K220,J.H.S. 220 John J. Pershing,EMS,3.9433333333333334,27
2018,20K223,J.H.S. 223 The Montauk,EMS,3.9252,25
2018,20K227,J.H.S. 227 Edward B. Shallow,EMS,3.0928,25
2018,20K229,P.S. 229 Dyker,EMS,3.7981818181818183,22
2017,06M314,Muscota,EMS,4.260909090909091,11
2018,20K247,P.S. 247 Brooklyn,EMS,4.168571428571429,14
2018,20K259,J.H.S. 259 William McKinley,EMS,4.26,19
2018,20K264,P.S. 264 Bay Ridge Elementary School For The Arts,EMS,3.806111111111111,18
2017,03M245,M.S. M245 The Computer School,EMS,4.030625,16
2018,20K310,The School For Future Leaders,EMS,4.396428571428571,14
2018,20K445,New Utrecht High School,HS,3.0476666666666667,30
2017,06M322,Middle School 322,EMS,3.302962962962963,27
2018,20K485,High School of Telecommunication Arts and Technolo,HS,3.8015384615384615,26
2018,20K490,Fort Hamilton High School,HS,2.7863333333333333,30
2018,20K503,P.S. 503: The School of Discovery,EMS,3.713888888888889,18
2018,20K505,Franklin Delano Roosevelt High School,HS,3.0406451612903225,31
2018,24Q119,I.S. 119 The Glendale,EMS,3.5511764705882354,17
2018,20K506,P.S. 506: The School of Journalism & Technology,EMS,3.1985,20
2018,20K609,Urban Assembly School for Criminal Justice,EMS,4.51,21
2018,20K609,Urban Assembly School for Criminal Justice,HS,4.246896551724138,29
2018,20K658,Franklin Delano Roosevelt YABC,YABC,3.3395833333333336,24
2018,20K682,The Academy of Talented Scholars,EMS,4.4790909090909095,11
2017,06M349,Harbor Heights,EMS,3.528,20
2018,20K686,Brooklyn School of Inquiry,EMS,4.151111111111111,18
2018,20K748,P.S. 748 Brooklyn School for Global Scholars,EMS,3.3546666666666667,15
2018,20K971,"School of Math, Science, and Healthy Living",EMS,3.0838888888888887,18
2018,21K090,P.S. 90 Edna Cohen School,EMS,2.853888888888889,18
2018,21K095,P.S. 095 The Gravesend,EMS,3.655,24
2018,21K096,I.S. 096 Seth Low,EMS,3.558846153846154,26
2018,21K097,P.S. 97 The Highlawn,EMS,3.965,18
2018,21K098,I.S. 98 Bay Academy,EMS,4.5407142857142855,14
2018,21K099,P.S. 099 Isaac Asimov,EMS,3.635217391304348,23
2018,21K100,P.S. 100 The Coney Island School,EMS,3.665294117647059,17
2018,21K101,P.S. 101 The Verrazano,EMS,4.55375,16
2018,21K121,P.S. 121 Nelson A. Rockefeller,EMS,3.582727272727273,22
2018,21K128,P.S. 128 Bensonhurst,EMS,3.1505555555555556,18
2018,21K153,P.S. 153 Homecrest,EMS,3.178235294117647,17
2018,21K177,P.S. 177 The Marlboro,EMS,3.4605555555555556,18
2018,21K188,P.S. 188 Michael E. Berdy,EMS,2.273529411764706,17
2018,21K199,P.S. 199 Frederick Wachtel,EMS,3.2688888888888887,18
2018,21K209,P.S. 209 Margaret Mead,EMS,3.3708695652173915,23
2018,21K212,P.S. 212 Lady Deborah Moody,EMS,3.9822727272727274,22
2018,21K215,P.S. 215 Morris H. Weiss,EMS,3.37875,16
2018,21K216,P.S. 216 Arturo Toscanini,EMS,3.0483333333333333,18
2018,21K225,P.S. K225 - The Eileen E. Zaglin,EMS,3.6152,25
2018,21K226,P.S. 226 Alfred De B. Mason,EMS,3.497826086956522,23
2018,21K228,I.S. 228 David A. Boody,EMS,3.89,21
2018,21K239,Mark Twain I.S. 239 for the Gifted & Talented,EMS,4.2975,16
2018,21K253,P.S. 253,EMS,4.713571428571429,14
2018,21K281,I.S. 281 Joseph B Cavallaro,EMS,3.8778260869565218,23
2018,21K288,P.S. 288 The Shirley Tanyhill,EMS,3.0408333333333335,24
2018,21K303,I.S. 303 Herbert S. Eisenberg,EMS,3.4147826086956523,23
2018,21K329,P.S. 329 Surfside,EMS,2.628,15
2018,21K337,International High School at Lafayette,HS,2.601923076923077,26
2018,21K344,Rachel Carson High School for Coastal Studies,HS,2.903,30
2018,21K348,High School of Sports Management,HS,2.5166666666666666,30
2018,21K410,Abraham Lincoln High School,HS,3.214516129032258,31
2018,21K411,Abraham Lincoln Yabc,YABC,2.912105263157895,19
2018,21K468,Kingsborough Early College School,EMS,3.34375,24
2018,21K468,Kingsborough Early College School,HS,3.9588,25
2018,21K525,Edward R. Murrow High School,HS,2.8733333333333335,30
2018,21K540,John Dewey High School,HS,3.2236666666666665,30
2018,21K559,Life Academy High School for Film and Music,HS,2.963103448275862,29
2018,21K572,Expeditionary Learning School for Community Leader,HS,3.7964,25
2018,21K620,William E. Grady Career and Technical Education Hi,HS,2.7643333333333335,30
2018,25Q029,P.S. 029 Queens,EMS,3.6766666666666667,18
2018,21K690,Brooklyn Studio Secondary School,EMS,3.398695652173913,23
2018,21K690,Brooklyn Studio Secondary School,HS,3.2156666666666665,30
2018,21K728,Liberation Diploma Plus,HST,3.019230769230769,26
2018,22K014,J.H.S. 014 Shell Bank,EMS,3.3944,25
2018,22K052,P.S. 052 Sheepshead Bay,EMS,2.6475,16
2018,22K078,J.H.S. 078 Roy H. Mann,EMS,3.7175000000000002,24
2018,22K109,P.S. 109,EMS,2.78,22
2018,22K119,P.S. 119 Amersfort,EMS,2.988947368421053,19
2018,22K134,P.S. K134,EMS,4.567857142857143,14
2018,22K139,P.S. 139 Alexine A. Fenty,EMS,2.9605,20
2018,22K152,School of Science & Technology,EMS,3.221,20
2018,22K193,P.S. 193 Gil Hodges,EMS,3.4025,20
2018,22K194,P.S. 194 Raoul Wallenberg,EMS,2.9725,20
2018,22K195,P.S. 195 Manhattan Beach,EMS,3.5433333333333334,12
2018,22K197,P.S. 197 - The Kings Highway Academy,EMS,3.486470588235294,17
2018,22K198,P.S. 198 Brooklyn,EMS,2.6121052631578947,19
2018,22K203,P.S. 203 Floyd Bennett School,EMS,2.7652941176470587,17
2018,22K206,P.S. 206 Joseph F Lamb,EMS,3.4582608695652173,23
2018,22K207,P.S. 207 Elizabeth G. Leary,EMS,3.1504761904761907,21
2018,22K217,P.S. 217 Colonel David Marcus School,EMS,2.92125,16
2018,22K222,P.S. 222 Katherine R. Snyder,EMS,3.5828571428571427,14
2018,22K234,J.H.S. 234 Arthur W. Cunningham,EMS,3.4804545454545455,22
2018,22K240,Andries Hudde,EMS,2.7555555555555555,27
2018,22K245,P.S. 245,EMS,3.3978947368421055,19
2018,22K251,P.S. 251 Paerdegat,EMS,2.311176470588235,17
2018,22K254,P.S. 254 Dag Hammarskjold,EMS,3.858,15
2018,22K255,P.S. 255 Barbara Reing School,EMS,3.78875,16
2018,22K277,P.S. 277 Gerritsen Beach,EMS,3.650714285714286,14
2018,22K278,J.H.S. 278 Marine Park,EMS,3.6342857142857143,21
2018,22K312,P.S. 312 Bergen Beach,EMS,3.233076923076923,13
2018,22K315,P.S. K315,EMS,3.5375,20
2018,22K326,P.S. 326,EC,3.42,2
2018,22K381,I. S. 381,EMS,3.4392592592592592,27
2018,22K405,Midwood High School,HS,3.6841666666666666,24
2018,22K535,Leon M. Goldstein High School for the Sciences,HS,4.164,25
2018,22K555,Brooklyn College Academy,HS,4.01625,24
2018,23K150,P.S. 150 Christopher,EMS,2.201764705882353,17
2018,22K611,Origins High School,HS,3.613,30
2018,22K630,Professional Pathways High School,HST,3.875769230769231,26
2018,22K889,P.S. 889,EC,3.465,2
2018,22K890,M.S. 890,EMS,2.993,20
2018,23K041,P.S. 041 Francis White,EMS,2.5284615384615385,26
2018,23K137,P.S./I.S. 137 Rachel Jean Mitchell,EMS,2.6179166666666664,24
2018,23K155,P.S./ I.S. 155 Nicholas Herkimer,EMS,2.6996296296296296,27
2018,23K156,P.S. 156 Waverly,EMS,2.791578947368421,19
2018,23K165,P.S. 165 Ida Posner,EMS,3.16,17
2018,23K178,P.S. 178 Saint Clair Mckelway,EMS,2.161739130434783,23
2018,23K184,P.S. 184 Newport,EMS,1.9995454545454545,22
2018,23K284,"The Gregory Jocko Jackson School of Sports, Art, a",EMS,3.3294444444444444,18
2018,23K298,P.S. 298 Dr. Betty Shabazz,EMS,2.7335294117647058,17
2018,23K323,P.S./I.S. 323,EMS,2.3329166666666667,24
2018,23K327,P.S. 327 Dr. Rose B. English,EMS,2.35125,16
2018,23K363,Brownsville Collaborative Middle School,EMS,2.5095652173913043,23
2018,23K392,I.S. 392,EMS,3.2135294117647057,17
2018,23K401,Christopher Avenue Community School,EMS,2.8052941176470587,17
2018,23K446,Riverdale Avenue Community School,EMS,2.9847058823529413,17
2018,23K493,Brooklyn Collegiate: A College Board School,HS,3.3209999999999997,30
2018,23K514,Frederick Douglass Academy VII High School,HS,3.039,30
2018,23K518,Kappa V (Knowledge and Power Preparatory Academy),EMS,2.649583333333333,24
2018,23K522,Mott Hall IV,EMS,2.21375,24
2018,23K599,Brooklyn Landmark Elementary School,EMS,4.478571428571429,14
2018,23K643,Brooklyn Democracy Academy,HST,3.2611538461538463,26
2018,23K644,Eagle Academy for Young Men II,EMS,3.4683333333333333,24
2018,23K644,Eagle Academy for Young Men II,HS,3.174,30
2018,23K647,Metropolitan Diploma Plus High School,HST,4.0872,25
2017,03M256,Lafayette Academy,EMS,3.376086956521739,23
2018,23K664,Brooklyn Environmental Exploration School (BEES),EMS,3.2363636363636363,22
2018,23K671,Mott Hall Bridges Academy,EMS,3.65375,24
2018,23K697,Teachers Preparatory High School,EMS,3.875,4
2018,23K697,Teachers Preparatory High School,HS,2.6073333333333335,30
2018,24Q005,I.S. 5 - The Walter Crowley Intermediate School,EMS,3.4592592592592593,27
2017,08X125,J.H.S. 125 Henry Hudson,EMS,3.044074074074074,27
2018,24Q012,P.S. 012 James B. Colgate,EMS,3.582777777777778,18
2018,24Q013,P.S. 013 Clement C. Moore,EMS,3.1215,20
2018,24Q014,P.S. 014 Fairview,EMS,2.5305,20
2018,24Q016,P.S. Q016 The Nancy DeBenedittis School,EMS,3.1005,20
2018,24Q019,P.S. 019 Marino Jeantet,EMS,3.6772727272727272,22
2018,27Q043,P.S. 043,EMS,2.3268,25
2018,24Q028,P.S. 28 - The Thomas Emanuel Early Childhood Cente,EC,3.33,2
2018,24Q049,P.S. 049 Dorothy Bonawit Kole,EMS,3.208421052631579,19
2018,24Q058,P.S. 58 - The School of Heroes,EMS,3.6378947368421053,19
2018,24Q068,P.S. 068 Cambridge,EMS,3.4085,20
2018,24Q071,P.S. 071 Forest,EMS,3.365555555555556,18
2018,24Q073,I.S. 73 - The Frank Sansivieri Intermediate School,EMS,4.008518518518518,27
2018,24Q077,I.S. 077,EMS,3.0903703703703704,27
2018,24Q081,P.S. 81Q Jean Paul Richter,EMS,3.751578947368421,19
2018,24Q087,P.S./I.S. 087 Middle Village,EMS,3.32,25
2018,24Q088,P.S. 088 Seneca,EMS,2.563888888888889,18
2018,24Q089,P.S. 089 Elmhurst,EMS,3.709047619047619,21
2018,24Q091,P.S. 091 Richard Arkwright,EMS,2.8421052631578947,19
2018,24Q093,I.S. 093 Ridgewood,EMS,3.5344444444444445,27
2018,24Q102,P.S. 102 Bayview,EMS,3.4430434782608694,23
2018,24Q110,P.S. 110,EMS,3.258,20
2018,24Q113,P.S./I.S. 113 Anthony J. Pranzo,EMS,3.1159090909090907,22
2018,24Q125,I.S. 125 Thom J. McCann Woodside,EMS,3.5953846153846154,26
2018,24Q128,"P.S. 128 The Lorraine Tuzzo, Juniper Valley Elemen",EMS,3.453125,16
2018,24Q143,P.S. 143 Louis Armstrong,EMS,2.8,20
2018,24Q153,P.S. 153 Maspeth Elem,EMS,2.781904761904762,21
2018,24Q199,P.S. 199 Maurice A. Fitzgerald,EMS,3.186,20
2018,24Q211,Elm Tree Elementary School,EMS,3.4589473684210525,19
2018,24Q229,P.S. 229 Emanuel Kaplan,EMS,3.2525,20
2018,24Q236,International High School for Health Sciences,HS,2.8376923076923077,26
2018,24Q239,P.S. 239,EMS,3.3175,20
2018,24Q264,Academy of Finance and Enterprise,HS,4.33,24
2018,24Q267,High School of Applied Communication,HS,3.6256666666666666,30
2018,24Q290,A.C.E. Academy for Scholars at the Geraldine Ferra,EMS,3.664615384615385,13
2018,24Q293,Civic Leadership Academy,HS,4.1038461538461535,26
2018,24Q296,Pan American International High School,HS,4.43,26
2018,24Q299,Bard High School Early College Queens,HS,4.494166666666667,24
2018,24Q305,Learners and Leaders,EMS,3.462,20
2018,24Q307,Pioneer Academy,EMS,3.46,20
2018,24Q311,Corona Arts & Sciences Academy,EMS,2.4872,25
2018,24Q330,Helen M. Marshall School,EMS,2.730909090909091,22
2018,24Q455,Newtown High School,HS,3.101935483870968,31
2018,24Q457,H.S. Arts & Business Yabc,YABC,3.094782608695652,23
2018,24Q485,Grover Cleveland High School,HS,2.4751612903225806,31
2018,24Q520,Middle College High School at LaGuardia Community,HS,3.7415,20
2018,24Q530,International High School at LaGuardia Community C,HS,3.7364,25
2018,24Q550,High School for Arts and Business,HS,4.00076923076923,26
2018,24Q560,"Robert F. Wagner, Jr. Secondary School for Arts an",EMS,4.35625,16
2018,24Q560,"Robert F. Wagner, Jr. Secondary School for Arts an",HS,4.03923076923077,26
2018,24Q585,Maspeth High School,HS,4.272,25
2018,24Q600,Queens Technical High School,HS,3.010666666666667,30
2018,24Q610,Aviation Career & Technical Education High School,HS,4.2219999999999995,25
2018,24Q744,VOYAGES Preparatory,HST,2.6508,25
2018,25Q020,P.S. 020 John Bowne,EMS,3.4035294117647057,17
2018,25Q021,P.S. 021 Edward Hart,EMS,3.527857142857143,14
2018,25Q022,P.S. 022 Thomas Jefferson,EMS,4.2973333333333334,15
2018,25Q024,P.S. 024 Andrew Jackson,EMS,4.47,15
2018,25Q025,I.S. 025 Adrien Block,EMS,3.7142105263157896,19
2018,25Q032,P.S. 032 State Street,EMS,3.5475,16
2018,25Q079,P.S. 079 Francis Lewis,EMS,3.33,14
2018,25Q107,P.S. 107 Thomas A Dooley,EMS,3.506875,16
2018,25Q120,P.S. 120 Queens,EMS,4.05875,16
2018,25Q129,P.S. 129 Patricia Larkin,EMS,3.748125,16
2018,25Q130,P.S. 130,EMS,3.9707692307692306,13
2018,25Q154,P.S. 154 Queens,EMS,3.0305555555555554,18
2018,25Q163,P.S. 163 Flushing Heights,EMS,4.464117647058823,17
2018,25Q164,P.S. 164 Queens Valley,EMS,3.138695652173913,23
2018,25Q165,P.S. 165 Edith K. Bergtraum,EMS,3.6377777777777776,18
2018,25Q169,P.S. 169 Bay Terrace,EMS,3.46,12
2018,25Q184,P.S. 184 Flushing Manor,EMS,3.8385714285714285,14
2018,25Q185,J.H.S. 185 Edward Bleeker,EMS,3.565714285714286,21
2018,25Q189,J.H.S. 189 Daniel Carter Beard,EMS,3.1618181818181816,22
2018,25Q193,P.S. 193 Alfred J. Kennedy,EMS,3.4491666666666667,12
2018,25Q194,J.H.S. 194 William Carr,EMS,3.1533333333333333,18
2018,25Q200,P.S./M.S. 200 - The Magnet School of Global Studie,EMS,3.2258333333333336,24
2018,25Q201,P.S. 201 The Discovery School for Inquiry and Rese,EMS,3.703684210526316,19
2018,25Q209,P.S. 209 Clearview Gardens,EMS,3.0961538461538463,13
2018,25Q214,P.S. 214 Cadwallader Colden,EMS,3.8606666666666665,15
2018,25Q219,P.S. 219 Paul Klapper,EMS,4.3365217391304345,23
2018,25Q237,I.S. 237,EMS,3.3395,20
2018,25Q240,Veritas Academy,HS,3.2343333333333333,30
2018,25Q241,Queens High School for Language Studies,HS,4.515714285714286,28
2018,25Q242,P.S. 242 Leonard P. Stavisky Early Childhood Schoo,EC,3.285,2
2018,25Q244,The Active Learning Elementary School,EC,4.44,2
2018,25Q250,I.S. 250 The Robert F. Kennedy Community Middle Sc,EMS,2.6544,25
2018,25Q252,"Queens School of Inquiry, The",EMS,3.406111111111111,18
2018,25Q252,"Queens School of Inquiry, The",HS,3.9164,25
2017,03M258,Community Action School - MS 258,EMS,3.474090909090909,22
2018,25Q263,Flushing International High School,HS,3.186153846153846,26
2018,25Q281,East-West School of International Studies,EMS,3.7010526315789476,19
2018,25Q281,East-West School of International Studies,HS,4.0430769230769235,26
2018,25Q285,World Journalism Preparatory: A College Board Scho,EMS,3.4233333333333333,18
2018,25Q285,World Journalism Preparatory: A College Board Scho,HS,4.0812,25
2018,27Q100,P.S. 100 Glen Morris,EMS,3.5923529411764705,17
2018,25Q294,BELL Academy,EMS,4.3694444444444445,18
2017,09X339,I.S. 339,EMS,3.4785185185185186,27
2018,25Q425,John Bowne High School,HS,2.9438709677419355,31
2018,25Q460,Flushing High School,HS,2.5796774193548386,31
2018,25Q467,Flushing Yabc,YABC,3.365217391304348,23
2018,25Q499,"The Queens College School for Math, Science and Te",EMS,3.846875,16
2018,25Q525,Townsend Harris High School,HS,4.713333333333333,24
2018,25Q540,Queens Academy High School,HST,2.241111111111111,27
2018,25Q670,Robert F. Kennedy Community High School,HS,3.445666666666667,30
2018,25Q792,North Queens Community High School,HST,3.044230769230769,26
2018,26Q018,P.S. 018 Winchester,EMS,3.2857142857142856,14
2018,26Q026,P.S. 026 Rufus King,EMS,3.737222222222222,18
2018,26Q031,P.S. 031 Bayside,EMS,3.2770588235294116,17
2018,26Q041,P.S. 041 Crocheron,EMS,4.0284615384615385,13
2018,26Q046,P.S. 046 Alley Pond,EMS,3.8025,16
2018,26Q067,J.H.S. 067 Louis Pasteur,EMS,4.3221428571428575,14
2018,26Q074,J.H.S. 074 Nathaniel Hawthorne,EMS,4.084705882352941,17
2018,26Q094,P.S. 094 David D. Porter,EMS,4.634285714285714,14
2018,26Q098,P.S. 098 The Douglaston School,EMS,3.1627272727272726,11
2018,26Q115,The James J. Ambrose School,EMS,3.816666666666667,12
2018,26Q133,P.S. 133 Queens,EMS,3.533333333333333,15
2018,26Q158,M.S. 158 Marie Curie,EMS,3.8025,16
2018,26Q159,P.S. 159,EMS,3.722142857142857,14
2018,26Q162,P.S. 162 John Golden,EMS,3.4194117647058824,17
2018,26Q172,Irwin Altman Middle School 172,EMS,3.918888888888889,18
2018,26Q173,P.S. 173 Fresh Meadows,EMS,3.72,16
2018,26Q178,P.S./ IS 178 Holliswood,EMS,3.4342105263157894,19
2018,26Q186,P.S. 186 Castlewood,EMS,3.69,13
2018,26Q188,P.S. 188 Kingsbury,EMS,3.8845454545454543,11
2018,26Q191,P.S. 191 Mayflower,EMS,3.879166666666667,12
2018,26Q203,P.S. 203 Oakland Gardens,EMS,4.263333333333334,12
2018,26Q205,P.S. 205 Alexander Graham Bell,EMS,3.859166666666667,12
2018,26Q213,P.S. 213 The Carl Ullman School,EMS,2.9757142857142855,14
2018,26Q216,J.H.S. 216 George J. Ryan,EMS,4.362222222222222,18
2018,26Q221,P.S. 221 The North Hills School,EMS,3.1423076923076922,13
2018,26Q266,P.S./I.S. 266,EMS,3.2916666666666665,18
2018,26Q315,Business Technology Early College High School,HS,3.44375,24
2018,26Q376,P.S. 376,EC,2.635,2
2018,26Q415,Benjamin N. Cardozo High School,HS,3.4352,25
2018,26Q430,Francis Lewis High School,HS,3.561923076923077,26
2018,26Q435,Martin Van Buren High School,HS,2.7986666666666666,30
2018,26Q495,Bayside High School,HS,4.1236,25
2018,26Q566,"Queens High School of Teaching, Liberal Arts and t",HS,3.1948275862068964,29
2018,27Q042,P.S./M.S 042 R. Vernam,EMS,2.774090909090909,22
2018,27Q045,P.S. 045 Clarence Witherspoon,EMS,2.8625,16
2018,27Q047,P.S. 047 Chris Galas,EMS,3.6122222222222224,18
2018,27Q051,P.S. 051,EC,2.85,2
2018,27Q053,M.S. 053 Brian Piccolo,EMS,3.075925925925926,27
2018,27Q056,P.S. 056 Harry Eichler,EMS,3.1726315789473682,19
2018,27Q060,P.S. 060 Woodhaven,EMS,4.419444444444444,18
2018,27Q062,P. S. 62 - Chester Park School,EMS,3.20625,16
2018,27Q063,P.S. 063 Old South,EMS,2.9125,20
2018,27Q064,P.S. 064 Joseph P. Addabbo,EMS,2.901764705882353,17
2018,27Q065,P.S. 65 - The Raymond York Elementary School,EMS,3.6261111111111113,18
2018,27Q066,P.S. 066 Jacqueline Kennedy Onassis,EMS,4.0535,20
2018,27Q090,P.S. 090 Horace Mann,EMS,3.1366666666666667,18
2018,27Q096,P.S. 096,EMS,3.224705882352941,17
2018,27Q097,P.S. 097 Forest Park,EMS,2.814090909090909,22
2018,27Q104,P.S. 104 The Bays Water,EMS,3.4905,20
2018,27Q105,P.S. 105 The Bay School,EMS,2.3017391304347825,23
2018,27Q106,Lighthouse Elementary School,EMS,2.8476470588235294,17
2018,27Q108,P.S. 108 Captain Vincent G. Fowler,EMS,3.3693333333333335,15
2018,27Q114,P.S./M.S. 114 Belle Harbor,EMS,3.64,15
2017,10X340,P.S. 340,EMS,3.69,21
2018,27Q123,P.S. 123,EMS,3.0157894736842104,19
2018,27Q124,P.S. 124 Osmond A Church,EMS,3.1045454545454545,22
2018,27Q137,M.S. 137 America's School of Heroes,EMS,3.6360869565217393,23
2018,27Q146,P.S. 146 Howard Beach,EMS,3.2666666666666666,21
2018,27Q155,P.S. 155,EMS,3.7035714285714283,14
2018,27Q183,P.S. 183 Dr. Richard R. Green,EMS,2.5217391304347827,23
2018,27Q197,P.S. 197 The Ocean School,EMS,3.9035,20
2018,27Q202,J.H.S. 202 Robert H. Goddard,EMS,2.736818181818182,22
2018,27Q207,P.S. 207 Rockwood Park,EMS,2.674,20
2018,27Q210,J.H.S. 210 Elizabeth Blackwell,EMS,2.5207407407407407,27
2018,27Q223,P.S. 223 Lyndon B. Johnson,EMS,2.301764705882353,17
2018,27Q226,J.H.S. 226 Virgil I. Grissom,EMS,2.515,24
2018,27Q232,P.S. 232 Lindenwood,EMS,3.8242857142857143,21
2018,27Q253,P.S. 253,EMS,2.350909090909091,22
2018,27Q254,P.S. 254 - The Rosa Parks School,EMS,3.1595,20
2018,27Q260,Frederick Douglass Academy VI High School,HS,2.037741935483871,31
2018,27Q261,Voyages Prep - South Queens,HST,3.7672,25
2018,27Q262,Channel View School for Research,EMS,3.26,17
2018,27Q262,Channel View School for Research,HS,3.645862068965517,29
2018,27Q273,P.S. 273,EMS,3.6105,20
2018,27Q282,Knowledge and Power Preparatory Academy VI,EMS,4.503636363636364,22
2018,27Q297,Hawtree Creek Middle School,EMS,3.28625,24
2018,27Q302,"Queens High School for Information, Research, and",HS,3.8970967741935483,31
2018,27Q306,New York City Academy for Discovery,EMS,2.8765,20
2018,27Q308,Robert H. Goddard High School of Communication Art,HS,4.192857142857143,28
2018,27Q309,Academy of Medical Technology: A College Board Sch,EMS,2.765833333333333,24
2018,27Q309,Academy of Medical Technology: A College Board Sch,HS,2.4016129032258062,31
2018,27Q317,Waterside Children's Studio School,EMS,3.5313333333333334,15
2018,27Q318,Waterside School For Leadership,EMS,3.6536,25
2018,27Q319,Village Academy,EMS,3.9185185185185185,27
2018,27Q323,Scholars' Academy,EMS,4.558125,16
2018,27Q323,Scholars' Academy,HS,4.498,25
2018,27Q324,Rockaway Park High School for Environmental Sustai,HS,2.4183333333333334,30
2018,28Q139,P.S. 139 Rego Park,EMS,3.1805555555555554,18
2018,27Q333,Goldie Maple Academy,EMS,2.8421052631578947,19
2018,27Q334,Epic High School - North,HS,3.0060000000000002,25
2018,27Q351,Rockaway Collegiate High School,HS,2.4093333333333335,30
2018,27Q362,Wave Preparatory Elementary School,EMS,4.19,20
2018,27Q377,P.S. 377,EC,1.76,2
2018,27Q400,August Martin High School,HS,3.8056666666666668,30
2018,27Q475,Richmond Hill High School,HS,2.9880645161290325,31
2018,27Q480,John Adams High School,HS,3.689677419354839,31
2018,27Q487,John Adams Yabc,YABC,3.1141666666666667,24
2018,27Q650,"High School for Construction Trades, Engineering a",HS,4.3868,25
2018,28Q008,J.H.S. 008 Richard S. Grossley,EMS,3.0996,25
2018,28Q040,P.S. 040 Samuel Huntington,EMS,3.318235294117647,17
2018,28Q048,P.S. 048 William Wordsworth,EMS,4.018,20
2018,28Q050,P.S. 050 Talfourd Lawn Elementary School,EMS,3.0085,20
2018,28Q054,P.S. 054 Hillside,EMS,3.349,20
2018,28Q055,P.S. 055 Maure,EMS,2.9272222222222224,18
2018,28Q072,Catherine & Count Basie Middle School 72,EMS,2.2616666666666667,24
2018,28Q080,PS 80  The Thurgood Marshall Magnet School of Mult,EMS,2.7010526315789476,19
2017,03M291,West End Secondary School,EMS,4.216666666666667,15
2018,28Q082,P.S. 082 Hammond,EMS,2.7015,20
2018,28Q086,P.S. Q086,EMS,3.457,20
2018,28Q099,P.S. 099 Kew Gardens,EMS,3.933157894736842,19
2018,28Q101,P.S. 101 School in the Gardens,EMS,3.3833333333333333,12
2018,28Q117,P.S. 117 J. Keld / Briarwood School,EMS,2.949333333333333,15
2018,28Q121,P.S. 121 Queens,EMS,4.185833333333333,12
2018,28Q140,P.S. 140 Edward K Ellington,EMS,3.9325,12
2018,28Q144,P.S. 144 Col Jeromus Remsen,EMS,2.8841666666666668,12
2018,28Q157,J.H.S. 157 Stephen A. Halsey,EMS,3.681111111111111,18
2018,28Q157,J.H.S. 157 Stephen A. Halsey,HS,3.2560000000000002,5
2018,28Q160,P.S. 160 Walter Francis Bishop,EMS,2.7142105263157896,19
2018,28Q161,P.S. 161 Arthur Ashe School,EMS,3.5494117647058823,17
2018,28Q167,Metropolitan Expeditionary Learning School,EMS,2.809090909090909,22
2018,28Q167,Metropolitan Expeditionary Learning School,HS,4.129666666666667,30
2018,28Q174,P.S. 174 William Sidney Mount,EMS,2.509333333333333,15
2018,28Q175,P.S. 175 The Lynn Gross Discovery School,EMS,3.0758823529411763,17
2018,28Q182,P.S. 182 Samantha Smith,EMS,2.835,20
2018,28Q190,J.H.S. 190 Russell Sage,EMS,3.548947368421053,19
2018,28Q196,P.S. 196 Grand Central Parkway,EMS,4.467777777777778,9
2018,28Q206,P.S. 206 The Horace Harding School,EMS,2.9431249999999998,16
2018,28Q217,J.H.S. 217 Robert A. Van Wyck,EMS,3.3282608695652174,23
2018,28Q220,P.S. 220 Edward Mandel,EMS,2.611875,16
2018,28Q284,York Early College Academy,EMS,3.6638888888888888,18
2018,28Q284,York Early College Academy,HS,4.2125,24
2018,28Q287,The Emerson School,EMS,2.937692307692308,26
2018,28Q303,The Academy for Excellence through the Arts,EC,3.285,2
2018,28Q310,Queens Collegiate: A College Board School,EMS,3.6672727272727275,22
2018,28Q310,Queens Collegiate: A College Board School,HS,2.956,30
2018,29Q109,Jean Nuzzi Intermediate School,EMS,2.436,20
2018,28Q325,Hillside Arts & Letters Academy,HS,4.161290322580645,31
2018,28Q328,High School for Community Leadership,HS,4.355483870967742,31
2018,28Q332,Redwood Middle School,EMS,2.8204166666666666,24
2018,28Q338,Queens Satellite High School for Opportunity,HST,2.6023809523809525,21
2018,28Q349,The Queens School for Leadership and Excellence,EC,2.735,2
2018,28Q350,Jamaica Gateway to the Sciences,HS,3.7113793103448276,29
2018,28Q354,The Jermaine L. Green STEM Institute of Queens,EMS,3.7046666666666668,15
2018,28Q358,M.S. 358,EMS,3.738148148148148,27
2018,28Q440,Forest Hills High School,HS,3.1310714285714285,28
2018,28Q505,Hillcrest High School,HS,3.0580645161290323,31
2017,02M414,N.Y.C. Museum School,HS,4.13,25
2018,28Q620,Thomas A. Edison Career and Technical Education Hi,HS,3.6528,25
2017,11X089,P.S. 089 Bronx,EMS,2.925925925925926,27
2018,28Q680,Queens Gateway to Health Sciences Secondary School,EMS,4.366875,16
2018,28Q680,Queens Gateway to Health Sciences Secondary School,HS,3.6968,25
2018,28Q686,Queens Metropolitan High School,HS,3.386,25
2018,28Q687,Queens High School for the Sciences at York Colleg,HS,4.6521739130434785,23
2018,28Q690,High School for Law Enforcement and Public Safety,HS,2.829,30
2018,28Q896,"Young Women's Leadership School, Queens",EMS,3.534375,16
2018,28Q896,"Young Women's Leadership School, Queens",HS,4.11923076923077,26
2018,29Q015,P.S. 015 Jackie Robinson,EMS,2.486315789473684,19
2018,29Q033,P.S. 033 Edward M. Funk,EMS,2.783157894736842,19
2018,29Q034,P.S. 034 John Harvard,EMS,2.8105555555555557,18
2018,29Q035,P.S. 035 Nathaniel Woodhull,EMS,2.7365,20
2018,29Q036,P.S. 036 Saint Albans School,EMS,1.86,17
2018,29Q037,Cynthia Jenkins School,EMS,2.041176470588235,17
2018,29Q038,P.S. 038 Rosedale,EMS,2.942,15
2018,29Q052,P.S. 052 Queens,EMS,1.6531578947368422,19
2018,29Q059,I.S. 059 Springfield Gardens,EMS,2.8475,24
2018,29Q095,P.S. 095 Eastwood,EMS,2.9899999999999998,14
2018,29Q116,P.S./I.S. 116 William C. Hughley,EMS,2.4908,25
2018,29Q118,P.S. 118 Lorraine Hansberry,EMS,2.3863157894736844,19
2018,29Q131,P.S. 131 Abigail Adams,EMS,3.956,15
2018,29Q132,P.S. 132 Ralph Bunche,EMS,3.6384615384615384,13
2018,29Q134,P.S. 134 Hollis,EMS,2.806,20
2018,29Q135,The Bellaire School,EMS,3.241,20
2018,29Q136,P.S. 136 Roy Wilkins,EMS,2.9929411764705884,17
2018,29Q138,P.S./M.S. 138 Sunrise,EMS,2.4736363636363636,22
2018,29Q147,P.S./M.S. 147 Ronald McNair,EMS,2.033913043478261,23
2018,29Q156,P.S. 156 Laurelton,EMS,1.7642857142857142,14
2018,29Q176,P.S. 176 Cambria Heights,EMS,2.442857142857143,14
2018,29Q181,P.S. 181 Brookfield,EMS,3.246470588235294,17
2018,29Q192,I.S. 192 The Linden,EMS,3.1013636363636365,22
2018,29Q195,P.S. 195 William Haberle,EMS,2.2023529411764704,17
2018,29Q208,P.S./I.S. 208,EMS,2.78,22
2018,29Q238,I.S. 238 - Susan B. Anthony Academy,EMS,2.3448,25
2018,29Q243,Institute for Health Professions at Cambria Height,HS,3.7388,25
2018,29Q248,Queens Preparatory Academy,HS,3.1573333333333333,30
2018,29Q251,P.S. 251 Queens,EMS,2.8347058823529414,17
2018,29Q259,Pathways College Preparatory School: A College Boa,EMS,2.515909090909091,22
2018,29Q259,Pathways College Preparatory School: A College Boa,HS,2.823448275862069,29
2018,29Q265,Excelsior Preparatory High School,HS,3.385666666666667,30
2018,29Q326,Cambria Heights Academy,HS,3.385666666666667,30
2018,29Q270,The Gordon Parks School,EMS,2.6505,20
2018,29Q272,George Washington Carver High School for the Scien,HS,2.862,30
2018,29Q283,Preparatory Academy for Writers: A College Board S,EMS,3.483636363636364,22
2018,29Q283,Preparatory Academy for Writers: A College Board S,HS,3.263333333333333,30
2018,29Q289,Queens United Middle School,EMS,2.0836363636363635,22
2018,29Q295,P.S./I.S. 295,EMS,3.718695652173913,23
2018,29Q313,Benjamin Franklin High School for Finance & Inform,HS,3.4480769230769233,26
2018,29Q327,Eagle Academy for Young Men III,EMS,3.187727272727273,22
2018,29Q327,Eagle Academy for Young Men III,HS,3.199,30
2018,29Q355,Collaborative Arts Middle School,EMS,2.248181818181818,22
2018,29Q356,Community Voices Middle School,EMS,2.209090909090909,22
2018,29Q360,P.S. 360,EC,3.545,2
2018,29Q492,"Mathematics, Science Research and Technology Magne",HS,2.547,30
2018,30Q017,P.S. 017 Henry David Thoreau,EMS,2.9255,20
2018,29Q498,Humanities & Arts Magnet High School,HS,3.066666666666667,30
2018,30Q002,P.S. 002 Alfred Zimberg,EMS,4.226666666666667,18
2018,30Q010,I.S. 010 Horace Greeley,EMS,3.532,25
2018,30Q011,P.S. 011 Kathryn Phelan,EMS,3.506818181818182,22
2018,30Q069,P.S. 069 Jackson Heights,EMS,3.198125,16
2018,30Q070,P.S. 070,EMS,3.298235294117647,17
2018,30Q076,P.S. 076 William Hallet,EMS,2.9372727272727275,22
2018,30Q078,P.S./I.S. 78Q,EMS,3.58,20
2018,30Q084,P.S. 084 Steinway,EMS,3.4885714285714284,14
2018,30Q085,P.S. 085 Judge Charles Vallone,EMS,2.9431249999999998,16
2018,30Q092,P.S. 092 Harry T. Stewart Sr.,EMS,3.2636363636363637,22
2018,30Q111,P.S. 111 Jacob Blackwell,EMS,2.9416,25
2018,30Q112,P.S. 112 Dutch Kills,EMS,2.8136363636363635,22
2018,30Q122,P.S. 122 Mamie Fay,EMS,4.321875,16
2018,30Q126,Albert Shanker School for Visual and Performing Ar,EMS,2.4575,24
2018,30Q127,P.S. 127 Aerospace Science Magnet School,EMS,2.8433333333333333,27
2018,30Q141,I.S. 141 The Steinway,EMS,3.65,21
2018,30Q145,I.S. 145 Joseph Pulitzer,EMS,3.5968,25
2018,30Q148,P.S. 148 Queens,EMS,3.1125,20
2018,30Q149,P.S. 149 Christa McAuliffe,EMS,2.7355,20
2018,30Q150,P.S. 150 Queens,EMS,3.47625,16
2018,30Q151,P.S. 151 Mary D. Carter,EMS,3.697,20
2018,30Q152,P.S. 152 Gwendoline N. Alleyne School,EMS,3.6,16
2018,30Q166,P.S. 166 Henry Gradstein,EMS,3.238125,16
2017,02M416,Eleanor Roosevelt High School,HS,4.3252,25
2018,30Q171,P.S. 171 Peter G. Van Alst,EMS,2.5895,20
2018,30Q204,I.S. 204 Oliver W. Holmes,EMS,3.182962962962963,27
2018,30Q212,P.S. 212,EMS,3.493684210526316,19
2018,30Q222,P.S. Q222 - Fire Fighter Christopher A. Santora Sc,EC,3.795,2
2018,30Q227,I.S. 227 Louis Armstrong,EMS,4.146875,16
2018,30Q228,The Ivan Lafayette Early Childhood School of the A,EC,3.415,2
2018,30Q230,I.S. 230,EMS,3.848181818181818,22
2018,30Q234,P.S. 234,EMS,4.724444444444445,18
2018,30Q235,Academy for New Americans,EMS,2.9842857142857144,14
2018,30Q258,Energy Tech High School,HS,3.843076923076923,26
2018,30Q280,P.S. 280,EMS,3.0705,20
2018,30Q286,"Young Women's Leadership School, Astoria",EMS,3.805625,16
2018,30Q286,"Young Women's Leadership School, Astoria",HS,4.17,24
2018,30Q291,Hunters Point Community Middle School,EMS,4.292777777777778,18
2018,30Q300,The 30th Avenue School (G&T Citywide),EMS,4.646428571428571,14
2018,30Q301,Academy for Careers in Television and Film,HS,4.576923076923077,26
2018,31R049,I.S. 49 Berta A. Dreyfus,EMS,2.865925925925926,27
2018,30Q329,East Elmhurst Community School,EMS,2.9783333333333335,18
2018,30Q361,The Woodside Community School,EC,4.275,2
2018,30Q445,William Cullen Bryant High School,HS,2.856,30
2017,11X194,P.S./M.S. 194,EMS,2.6748,25
2018,30Q450,Long Island City High School,HS,2.735161290322581,31
2018,30Q501,Frank Sinatra School of the Arts High School,HS,3.9756,25
2018,30Q502,Information Technology High School,HS,2.8956666666666666,30
2018,30Q555,Newcomers High School,HS,3.0300000000000002,29
2018,30Q575,Academy of American Studies,HS,4.0248,25
2018,30Q580,Baccalaureate School for Global Education,EMS,4.796153846153846,13
2018,30Q580,Baccalaureate School for Global Education,HS,4.247083333333333,24
2018,31R001,P.S. 001 Tottenville,EMS,3.8215384615384616,13
2018,31R002,I.S. R002 George L. Egbert,EMS,2.5804,25
2018,31R003,P.S. 003 The Margaret Gioiosa School,EMS,3.1666666666666665,12
2018,75M035,P.S. 035,D75,3.13,3
2018,31R004,P.S. 004 Maurice Wollin,EMS,3.663333333333333,15
2018,31R005,P.S. 005 Huguenot,EMS,3.9461538461538463,13
2018,31R006,P.S. 6 Corporal Allan F. Kivlehan School,EMS,3.041333333333333,15
2018,31R018,P.S. 018 John G. Whittier,EMS,3.2029411764705884,17
2018,31R007,I.S. 007 Elias Bernstein,EMS,3.6912499999999997,16
2018,31R008,P.S. 8 Shirlee Solomon,EMS,3.596923076923077,13
2018,31R009,Naples Street Elementary School,EMS,4.465833333333333,12
2018,31R011,P.S. 11 Thomas Dongan School,EMS,3.2925,20
2018,31R013,P.S. 013 M. L. Lindemeyer,EMS,3.5085,20
2018,31R016,P.S. 016 John J. Driscoll,EMS,2.8335,20
2018,31R019,P.S. 019 The Curtis School,EMS,2.6215,20
2018,31R020,P.S. 020 Port Richmond,EMS,3.1015,20
2018,31R021,P.S. 21 Margaret Emery-Elm Park,EMS,3.741,20
2018,31R022,P.S. 022 Graniteville,EMS,3.2245454545454546,22
2018,31R023,P.S. 023 Richmondtown,EMS,4.017857142857143,14
2018,31R024,I.S. 024 Myra S. Barnes,EMS,3.246111111111111,18
2018,31R026,P.S. 026 The Carteret School,EMS,3.5585714285714287,14
2018,31R027,I.S. 027 Anning S. Prall,EMS,3.212083333333333,24
2018,31R028,The Eagle Academy for Young Men of Staten Island,EMS,2.87875,24
2018,31R028,The Eagle Academy for Young Men of Staten Island,HS,2.672222222222222,9
2018,31R029,P.S. 029 Bardwell,EMS,3.4766666666666666,15
2018,31R030,P.S. 030 Westerleigh,EMS,3.1766666666666667,15
2018,31R031,P.S. 031 William T. Davis,EMS,2.5341176470588236,17
2018,31R032,P.S. 032 The Gifford School,EMS,3.2025,16
2018,31R034,I.S. 034 Tottenville,EMS,3.9411111111111112,18
2018,31R035,P.S. 35 The Clove Valley School,EMS,3.7561538461538464,13
2018,31R036,P.S. 036 J. C. Drumgoole,EMS,3.331538461538462,13
2018,31R038,P.S. 038 George Cromwell,EMS,2.7085,20
2018,31R039,P.S. 39 Francis J. Murphy Jr.,EMS,3.1185,20
2018,31R041,The Stephanie A. Vierno School,EMS,3.303888888888889,18
2018,31R042,P.S. 042 Eltingville,EMS,2.94,15
2018,31R044,P.S. 044 Thomas C. Brown,EMS,2.7576470588235296,17
2018,31R045,P.S. 045 John Tyler,EMS,2.869473684210526,19
2018,31R046,P.S. 046 Albert V. Maniscalco,EMS,2.71,18
2018,31R047,CSI High School for International Studies,HS,4.5360000000000005,25
2018,31R048,P.S. 048 William G. Wilcox,EMS,3.5405263157894735,19
2018,31R050,P.S. 050 Frank Hankinson,EMS,3.8115384615384618,13
2018,31R051,I.S. 051 Edwin Markham,EMS,2.5095833333333335,24
2018,31R052,P.S. 052 John C. Thompson,EMS,3.8268750000000002,16
2018,31R053,The Barbara Esselborn School,EMS,2.9746153846153844,13
2018,31R054,P.S. 054 Charles W. Leng,EMS,4.1066666666666665,15
2018,31R055,P.S. 055 Henry M. Boehm,EMS,2.743846153846154,13
2018,31R056,P.S. 56 The Louis Desario School,EMS,3.3966666666666665,15
2018,75M079,P.S. M079 - Horan School,D75,2.2533333333333334,3
2018,31R057,P.S. 057 Hubert H. Humphrey,EMS,3.260588235294118,17
2018,31R058,Space Shuttle Columbia School,EMS,3.3664705882352943,17
2018,31R059,The Harbor View School,EMS,2.9585714285714286,14
2018,31R060,P.S. 060 Alice Austen,EMS,2.4758823529411766,17
2018,31R061,I.S. 061 William A Morris,EMS,2.7312,25
2018,31R062,The Kathleen Grimm School for Leadership and Susta,EC,3.675,2
2018,31R063,Marsh Avenue School for Expeditionary Learning,EMS,3.868421052631579,19
2018,31R064,Gaynor McCown Expeditionary Learning School,HS,3.3164285714285713,28
2018,31R065,P.S. 65 The Academy of Innovative Learning,EMS,3.982666666666667,15
2018,31R068,Port Richmond School for Visionary Learning,EC,3.725,2
2018,31R069,P.S. 069 Daniel D. Tompkins,EMS,2.648823529411765,17
2018,31R445,Port Richmond High School,HS,2.727,30
2018,31R072,I.S. 072 Rocco Laurie,EMS,3.1163636363636362,22
2018,31R074,P.S. 74 Future Leaders Elementary School,EMS,2.758,20
2018,31R075,I.S. 075 Frank D. Paulo,EMS,3.381,20
2018,31R078,P.S. 78,EMS,2.863529411764706,17
2018,31R080,The Michael J. Petrides School,EMS,3.9642857142857144,21
2018,31R080,The Michael J. Petrides School,HS,3.3912,25
2018,31R440,New Dorp High School,HS,2.953,30
2018,31R450,Curtis High School,HS,2.8966666666666665,30
2018,31R455,Tottenville High School,HS,3.358,25
2018,31R460,Susan E. Wagner High School,HS,3.1951724137931032,29
2018,31R470,Concord High School,HST,3.4172000000000002,25
2018,31R600,Ralph R. McKee Career and Technical Education High,HS,3.0303333333333335,30
2018,31R605,Staten Island Technical High School,HS,4.63375,24
2018,31R607,Staten Island Yabc,YABC,2.6304761904761906,21
2018,31R861,Staten Island School of Civic Leadership,EMS,3.4625,24
2018,75K811,P.S. K811 Connie Lekas School,D75,2.2633333333333336,3
2018,32K045,P.S./I.S. 045 Horace E. Greene,EMS,2.2284,25
2018,32K075,P.S. 075 Mayda Cortiella,EMS,3.181,20
2018,32K086,P.S. 086 The Irvington,EMS,3.883,20
2018,32K106,P.S. 106 Edward Everett Hale,EMS,2.5204545454545455,22
2018,32K116,P.S. 116 Elizabeth L Farrell,EMS,2.794,20
2018,32K123,P.S. 123 Suydam,EMS,2.4034999999999997,20
2018,32K145,P.S. 145 Andrew Jackson,EMS,2.2622222222222224,18
2018,32K151,P.S. 151 Lyndon B. Johnson,EMS,3.5144444444444445,18
2018,32K162,J.H.S. 162 The Willoughby,EMS,3.9988888888888887,27
2018,32K168,The Brooklyn School for Math and Research,HS,4.133,30
2018,32K274,P.S. 274 Kosciusko,EMS,2.1288888888888886,18
2018,32K291,J.H.S. 291 Roland Hayes,EMS,3.024814814814815,27
2018,32K299,P.S. 299 Thomas Warren Field,EMS,2.759,20
2018,32K347,I.S. 347 School of Humanities,EMS,2.6062962962962963,27
2018,32K349,"I.S. 349 Math, Science & Tech.",EMS,3.0268,25
2018,32K376,P.S. 376,EMS,3.5776470588235294,17
2018,32K377,P.S. 377 Alejandrina B. De Gautier,EMS,2.494705882352941,17
2018,32K383,J.H.S. 383 Philippa Schuyler,EMS,2.6323809523809523,21
2018,32K384,P.S. /I.S. 384 Frances E. Carter,EMS,2.8644,25
2018,32K403,Academy for Environmental Leadership,HS,3.5036666666666667,30
2018,32K545,EBC High School for Public Service - Bushwick,HS,3.225806451612903,31
2018,32K549,The Brooklyn School for Social Justice,HS,3.0903225806451613,31
2018,32K552,The Academy of Urban Planning and Engineering,HS,3.726451612903226,31
2018,32K554,All City Leadership Secondary School,EMS,4.541428571428572,14
2018,32K554,All City Leadership Secondary School,HS,4.309615384615385,26
2018,32K556,Bushwick Leaders High School for Academic Excellen,HS,3.121290322580645,31
2018,32K562,Evergreen Middle School for Urban Exploration,EMS,2.931111111111111,27
2018,32K564,Bushwick Community High School,HST,3.4446153846153846,26
2018,75K004,P.S. K004,D75,3.9766666666666666,3
2018,75K036,P.S. 36,D75,3.2600000000000002,3
2018,75K053,P.S. K053,D75,3.7333333333333334,3
2018,75K077,P.S. K077,D75,3.35,3
2018,75K140,P.S. K140,D75,3.7466666666666666,3
2018,75K141,P.S. K141,D75,3.1066666666666665,3
2018,75K231,P.S. K231,D75,3.856666666666667,3
2018,75K368,P.S. 368,D75,3.6966666666666668,3
2018,75K369,P.S. K369 - Coy L. Cox School,D75,3.3033333333333332,3
2018,75K370,P.S. 370,D75,3.1166666666666667,3
2018,75K371,P.S. 371 - Lillian L. Rashkis,D75,3.03,3
2018,75K372,P.S. 372 -The Children's School,D75,3.3666666666666667,3
2018,75K373,P.S. 373 - Brooklyn Transition Center,D75,2.5833333333333335,3
2018,75K396,P.S. K396,D75,3.3666666666666667,3
2018,75K721,P.S. K721 - Brooklyn Occupational Training Center,D75,2.5833333333333335,3
2018,75K753,P.S. K753 - School for Career Development,D75,2.8266666666666667,3
2018,75K771,P.S. K771,D75,3.3166666666666664,3
2018,75M094,P.S. M094,D75,3.436666666666667,3
2018,75M138,P.S. 138,D75,2.8466666666666667,3
2018,75M169,P.S. M169 - Robert F. Kennedy,D75,4.196666666666667,3
2018,75M226,P.S. M226,D75,3.35,3
2018,75M721,P.S. M721 - Manhattan Occupational Training Center,D75,2.6933333333333334,3
2018,75M751,Manhattan School for Career Development,D75,2.6533333333333333,3
2018,75M811,P.S. M811 - Mickey Mantle School,D75,3.2133333333333334,3
2018,75Q004,P.S. Q004,D75,4.12,3
2018,75Q009,P.S. 009,D75,3.8133333333333335,3
2018,75Q023,P.S. Q023 @ Queens Children Center,D75,4.703333333333333,3
2018,75Q075,Robert E. Peary School,D75,3.6633333333333336,3
2018,75Q177,P.S. Q177,D75,2.756666666666667,3
2018,75Q224,P.S. Q224,D75,3.83,3
2018,75Q233,P.S. Q233,D75,2.836666666666667,3
2018,75Q255,P.S. Q255,D75,3.046666666666667,3
2018,75Q256,P.S. Q256,D75,3.35,3
2018,75Q277,The Riverview School,D75,3.963333333333333,3
2018,75Q721,John F. Kennedy Jr. School,D75,2.6133333333333333,3
2018,75Q752,Queens Transition Center,D75,2.6333333333333333,3
2018,75Q811,P.S. Q811,D75,2.8266666666666667,3
2018,75Q993,P.S. Q993,D75,2.8899999999999997,3
2018,75R025,South Richmond High School I.S./P.S. 25,D75,3.776666666666667,3
2018,75R037,The David Marquis School of the Arts,D75,3.566666666666667,3
2018,75R373,P.S. R373,D75,4.28,3
2018,75R721,The Richard H. Hungerford School,D75,3.09,3
2018,75X010,P.S. X010,D75,3.716666666666667,3
2018,75X012,P.S. X012 Lewis and Clark School,D75,2.453333333333333,3
2018,75X017,P.S. X017,D75,3.7033333333333336,3
2018,75X168,P.S. 168,D75,3.6,3
2018,75X176,P.S. X176,D75,3.27,3
2018,75X186,P186X Walter J. Damrosch School,D75,3.603333333333333,3
2018,75X188,P.S. X188,D75,3.0166666666666666,3
2018,75X352,The Vida Bogart School for All Children,D75,3.76,3
2018,75X469,P469X - The Bronx School for Continuous Learners,D75,4.303333333333334,3
2018,75X721,P.S. X721 - Stephen McSweeney School,D75,2.49,3
2018,75X723,P.S. 723,D75,4.36,3
2018,75X754,J. M. Rapport School Career Development,D75,2.5966666666666667,3
2018,75X811,P.S. X811,D75,2.7533333333333334,3
2018,84K037,Beginning with Children Charter School II,EMS,3.348333333333333,18
2018,84K125,Success Academy Charter School - Bed-Stuy 2,EMS,4.88,9
2018,84K129,Success Academy Charter School - Cobble Hill,EMS,4.814285714285714,7
2018,84K182,Success Academy Charter School - Williamsburg,EMS,4.782222222222222,9
2018,84K333,Explore Exceed Charter School,EMS,3.5396296296296295,27
2018,84K355,Williamsburg Collegiate Charter School,EMS,3.2760000000000002,20
2018,84K356,Achievement First Crown Heights Charter School,EMS,3.371111111111111,18
2018,84K356,Achievement First Crown Heights Charter School,HS,2.916086956521739,23
2018,84K357,KIPP AMP Charter School,EMS,3.3635,20
2018,84K357,KIPP AMP Charter School,HS,3.898,25
2017,03M299,The Maxine Greene HS for Imaginative Inquiry,HS,2.233,30
2018,84K358,Achievement First East New York Charter School,EMS,3.191875,16
2018,84K358,Achievement First East New York Charter School,HS,3.132,20
2018,84K359,The Uft Charter School,HS,3.0404347826086955,23
2018,84K360,Launch Expeditionary Learning Charter School,EMS,2.7413636363636362,22
2018,84K362,Hellenic Classical Charter School,EMS,3.505,16
2018,84K367,Success Academy Charter School - Bed-Stuy 1,EMS,3.811,10
2018,84K379,Explore Excel Charter School,EMS,3.2904166666666668,24
2018,84K395,New Visions A.I.M. Charter High School I,HST,1.6618181818181819,22
2018,84K406,"EMBER Charter School for Mindful Education, Innova",EMS,2.8173333333333335,15
2018,84K417,Urban Dove Charter School,HST,2.31625,24
2017,12X212,P.S. 212,EMS,1.8412,25
2018,84K473,Williamsburg Charter High School,HS,2.526666666666667,30
2018,84K486,New Dawn Charter High School,HST,2.8488,25
2018,84K508,Achievement First Endeavor Charter School,EMS,3.293529411764706,17
2018,84K517,Leadership Prep Bedford Stuyvesant Uncommon Prep C,EMS,3.5,18
2018,84K517,Leadership Prep Bedford Stuyvesant Uncommon Prep C,HS,2.9,24
2018,84K536,Community Roots Charter School,EMS,3.4611111111111112,18
2018,84K538,Achievement First Bushwick Charter School,EMS,4.096956521739131,23
2018,84K593,Excellence Boys Charter School,EMS,2.5757142857142856,14
2018,84K608,Kings Collegiate Charter School,EMS,3.7560000000000002,20
2018,84K608,Kings Collegiate Charter School,HS,2.8485714285714288,7
2018,84K626,Achievement First Brownsville Charter School,EMS,3.5510526315789472,19
2018,84K626,Achievement First Brownsville Charter School,HS,2.0545454545454547,11
2018,84K648,Bedford Stuyvesant Collegiate Charter School,EMS,4.033636363636363,22
2018,84K649,La Cima Charter School,EMS,2.493125,16
2018,84K651,PAVE Academy Charter School,EMS,3.1366666666666667,18
2018,84K652,Brooklyn Ascend Charter School,EMS,3.6657894736842103,19
2018,84K652,Brooklyn Ascend Charter School,HS,3.3781818181818184,22
2018,84K680,Achievement First Aspire Charter School,EMS,3.356153846153846,13
2018,84K693,Northside Charter High School,HS,2.7856666666666667,30
2018,84K701,Brooklyn Charter School,EMS,3.2986666666666666,15
2018,84K702,Community Partnership Charter School,EMS,3.5011111111111113,18
2018,84K704,Explore Charter School,EMS,3.5433333333333334,21
2018,84K707,Brooklyn Prospect Charter School,EMS,3.60125,16
2018,84K707,Brooklyn Prospect Charter School,HS,3.937,20
2018,84K710,Brownsville Collegiate Charter School,EMS,3.4391304347826086,23
2018,84K711,Leadership Preparatory Brownsville Charter School,EMS,3.8635,20
2018,84K712,Excellence Girls Charter School,EMS,2.425,12
2018,84K712,Excellence Girls Charter School,HS,3.165714285714286,28
2018,84K724,Leadership Prep Canarsie Charter School (Leadershi,EMS,3.181,20
2018,84K730,Summit Academy Charter School,EMS,3.302962962962963,27
2018,84K730,Summit Academy Charter School,HS,2.598333333333333,30
2018,84K731,Brooklyn Excelsior Charter School,EMS,3.9813636363636364,22
2018,84K733,"Math, Engineering, and Science Academy Charter Hig",HS,4.135666666666666,30
2018,84K736,New American Academy Charter School,EMS,2.8611764705882354,17
2018,84K737,Brownsville Ascend Charter School,EMS,3.1,19
2018,84K738,New Visions Charter High School for Advanced Math,HS,3.556,30
2018,84M336,KIPP Infinity Charter School,EMS,3.6104347826086958,23
2018,84K739,New Visions Charter High School for the Humanities,HS,3.014666666666667,30
2017,12X214,P.S. 214,EMS,2.46,27
2018,84K740,Brooklyn Scholars Charter School,EMS,2.785,20
2018,84K741,Success Academy Crown Heights (Brooklyn 7),EMS,3.858,10
2018,84K742,Explore Empower Charter School,EMS,3.708181818181818,22
2018,84K744,Coney Island Preparatory Public Charter School,EMS,3.272,25
2018,84K744,Coney Island Preparatory Public Charter School,HS,3.726,25
2018,84K746,Hebrew Language Academy Charter School,EMS,2.5288235294117647,17
2018,84K752,Success Academy Fort Greene (Brooklyn 5),EMS,4.6257142857142854,7
2018,84K756,Success Academy Prospect Heights (Brooklyn 6),EMS,4.176666666666667,9
2018,84K757,Unity Prep Charter School,EMS,3.2554166666666666,24
2018,84K757,Unity Prep Charter School,HS,3.036923076923077,13
2018,84K758,Brooklyn Urban Garden Charter School,EMS,3.339,20
2018,84K759,Canarsie Ascend Charter School,EMS,3.842142857142857,14
2018,84K769,Hyde Leadership Charter School- Brooklyn,EMS,2.844375,16
2018,84K772,Success Academy Charter School - Bensonhurst - New,EMS,4.731,10
2018,84K774,Achievement First Apollo Charter School,EMS,3.962857142857143,21
2018,84K775,Leadership Preparatory Ocean Hill Charter School,EMS,2.45375,16
2018,84K775,Leadership Preparatory Ocean Hill Charter School,HS,2.6875,20
2017,12X242,Mott Hall V,EMS,3.136296296296296,27
2018,84M481,Democracy Prep Harlem Charter School,EMS,3.1925,20
2018,84K777,Ocean Hill Collegiate Charter School,EMS,3.467,20
2018,84K780,Brooklyn East Collegiate Charter School,EMS,3.816,15
2018,84K781,Success Academy Charter School - Bergen Beach - Ne,EMS,4.193333333333333,9
2018,84K782,Bedford Stuyvesant New Beginnings Charter School,EMS,4.307727272727273,22
2018,84K784,Achievement First North Brooklyn Prep Charter Scho,EMS,3.8305882352941176,17
2018,84K785,Imagine Me Leadership Charter School,EMS,3.091428571428571,14
2018,84K788,Achievement First Linden Elementary School,EMS,3.5557142857142856,14
2018,84K789,Compass Charter School,EMS,2.3128571428571427,14
2018,84K790,Central Brooklyn Ascend Charter School,EMS,3.286,15
2018,84K791,Brooklyn Dreams Charter School,EMS,1.9544444444444444,27
2018,84K792,The Cultural Arts Academy at Spring Creek Charter,EMS,2.0100000000000002,13
2018,84K793,Bushwick Ascend Charter School,EMS,3.9029166666666666,24
2018,84K803,Brooklyn LAB�Charter School,EMS,3.0658333333333334,24
2018,84K803,Brooklyn LAB�Charter School,HS,1.335,2
2018,84K807,Collegiate Academy for Math and Personal Awareness,EMS,2.3033333333333332,21
2018,84K876,Achievement First Voyager Charter School,EMS,3.676111111111111,18
2017,03M333,P.S. 333 Manhattan School for Children,EMS,3.651666666666667,18
2018,84K879,Brooklyn Prospect Charter School Downtown,EMS,2.66,15
2018,84K882,Success Academy Charter School - Bushwick,EC,3.0,1
2018,84K886,Success Academy Charter School - Flatbush,EC,3.95,1
2018,84K892,Brooklyn Emerging Leaders Academy,HS,2.9916666666666667,6
2018,84K895,Hebrew Language Academy Charter School 2,EC,3.12,2
2018,84M065,Democracy Prep Endurance Charter School,EMS,3.765789473684211,19
2018,84M065,Democracy Prep Endurance Charter School,HS,2.476111111111111,18
2018,84M068,KIPP Washington Heights Middle School,EMS,3.874090909090909,22
2018,84M068,KIPP Washington Heights Middle School,HS,3.593076923076923,13
2018,84M080,Manhattan Charter School II,EMS,3.795,16
2018,84M085,Global Community Charter School,EMS,3.9983333333333335,18
2018,84M100,Neighborhood Charter School of Harlem,EMS,4.549230769230769,13
2018,84M168,East Harlem Scholars Academy Charter School II,EMS,3.07,16
2018,84M170,Success Academy Hell's Kitchen (Manhattan 2),EMS,4.91625,8
2018,84M174,Success Academy Union Square (Manhattan 1),EMS,4.482222222222222,9
2018,84M186,Harlem Hebrew Language Charter School,EMS,3.0513333333333335,15
2018,84M202,Great Oaks Charter School,EMS,1.9710526315789474,19
2018,84M204,Capital Preparatory (CP) Harlem Charter School,EMS,1.8619999999999999,20
2018,84M263,New York City Charter School of the Arts,EMS,1.9035714285714285,14
2018,84M265,Success Academy Charter School - Washington Height,EMS,4.805,10
2018,84M279,The Opportunity Charter School,EMS,2.3872,25
2018,84M279,The Opportunity Charter School,HS,3.792,30
2018,84M284,Harlem Children's Zone Promise Academy 1 Charter S,EMS,3.101,20
2018,84M284,Harlem Children's Zone Promise Academy 1 Charter S,HS,4.005172413793104,29
2018,84M708,Harlem Prep Charter School,EMS,3.11,20
2018,84M295,School in the Square Public Charter School,EMS,3.6870833333333333,24
2018,84M320,Manhattan Charter School,EMS,2.8373333333333335,15
2018,84M329,Harlem Link Charter School,EMS,3.116,15
2018,84M330,Girls Preparatory Charter School of New York,EMS,3.3705555555555557,18
2017,12X267,Bronx Latin,EMS,3.2604,25
2018,84M335,Harlem Village Academy East Charter School,EMS,3.6404545454545456,22
2018,84M335,Harlem Village Academy East Charter School,HS,3.5667857142857144,28
2018,84M336,KIPP Infinity Charter School,HS,3.5224,25
2018,84M337,New York Center for Autism Charter School,D75,1.0,2
2018,84M338,WHIN Music Community,EC,3.1,1
2018,84M341,Harlem Children's Zone Promise Academy II Charter,EMS,2.9794444444444443,18
2018,84M341,Harlem Children's Zone Promise Academy II Charter,HS,3.37,24
2018,84M350,Democracy Prep Charter School,EMS,4.024210526315789,19
2018,84M350,Democracy Prep Charter School,HS,3.136,25
2017,12X267,Bronx Latin,HS,3.9483870967741934,31
2018,84M351,Success Academy Charter School - Harlem 1,EMS,3.9127272727272726,11
2018,84M351,Success Academy Charter School - Harlem 1,HS,2.3445454545454547,11
2018,84M353,New Heights Academy Charter School,EMS,3.406,25
2018,84M353,New Heights Academy Charter School,HS,3.776206896551724,29
2018,84M357,Success Academy Charter School - Harlem 6,EC,3.1,1
2018,84M358,Success Academy Charter School - Hudson Yards,EC,3.8,1
2018,84M382,DREAM Charter School,EMS,2.5315,20
2018,84M382,DREAM Charter School,HS,3.821,10
2018,84M384,Success Academy Charter School - Harlem 2,EMS,4.193636363636363,11
2018,84M385,Success Academy Charter School - Harlem 3,EMS,4.11,11
2018,84M385,Success Academy Charter School - Harlem 3,HS,2.652,5
2018,84M386,Success Academy Charter School - Harlem 4,EMS,4.7155555555555555,9
2018,84M388,St. HOPE Leadership Academy Charter School,EMS,4.216153846153846,26
2018,84M430,The Equity Project Charter School (TEP),EMS,3.766,25
2018,84M433,Renaissance Charter High School for Innovation,HS,3.043548387096774,31
2018,84M478,Inwood Academy for Leadership Charter School,EMS,3.6366666666666667,27
2018,84M478,Inwood Academy for Leadership Charter School,HS,2.6826923076923075,26
2018,84M481,Democracy Prep Harlem Charter School,HS,3.379166666666667,24
2018,84M482,Success Academy Charter School - Harlem 5,EMS,4.009090909090909,11
2018,84M483,New York French American Charter School,EMS,2.435,18
2017,03M334,The Anderson School,EMS,4.5,16
2018,84M518,East Harlem Scholars Academy Charter School,EMS,2.4205882352941175,17
2018,84M522,Broome Street Academy Charter School,HS,2.4156521739130437,23
2018,84M523,Success Academy Charter School - Upper West,EMS,4.339166666666667,12
2018,84M702,Sisulu-Walker Charter School of Harlem,EMS,4.600769230769231,13
2018,84M704,Harbor Science and Arts Charter School,EMS,2.1111764705882354,17
2018,84M705,Amber Charter School,EMS,3.6636363636363636,11
2018,84M707,John V. Lindsay Wildcat Academy Charter School,HST,3.208,25
2018,84M708,Harlem Prep Charter School,HS,2.806923076923077,13
2018,84Q705,Renaissance Charter School,HS,3.8891999999999998,25
2018,84M709,Harlem Village Academy West Charter School,EMS,3.3545454545454545,22
2018,84M709,Harlem Village Academy West Charter School,HS,3.6725,24
2018,84M726,KIPP STAR College Prep Charter School,EMS,3.5586363636363636,22
2017,13K008,P.S. 008 Robert Fulton,EMS,3.186875,16
2018,84M726,KIPP STAR College Prep Charter School,HS,4.105,26
2018,84M861,Future Leaders Institute Charter School,EMS,2.2215,20
2018,84Q083,Central Queens Academy Charter School,EMS,4.615238095238095,21
2018,84Q170,Peninsula Preparatory Academy Charter School,EMS,2.726,15
2018,84Q298,Middle Village Prep Charter School,EMS,3.1462499999999998,16
2018,84Q304,VOICE Charter School of New York,EMS,2.9045,20
2018,84Q320,New Visions Charter High School for Advanced Math,HS,3.036086956521739,23
2018,84Q321,Growing Up Green Charter School,EMS,3.5376,25
2018,84Q337,Success Academy Charter School - Rosedale - New Yo,EMS,4.734285714285714,7
2018,84Q339,Success Academy Charter School - Springfield Garde,EMS,3.978,10
2018,84Q340,Challenge Preparatory Charter School,EMS,3.0258823529411765,17
2018,84Q341,Riverton Street Charter School,EMS,2.812,20
2018,84Q342,Rochdale Early Advantage Charter School,EMS,2.252666666666667,15
2018,84Q359,Academy of the City Charter School,EMS,3.280666666666667,15
2018,84Q373,New Visions Charter High School for the Humanities,HS,2.168888888888889,9
2018,84Q374,Success Academy Charter School - South Jamaica,EC,3.0,1
2018,84Q375,Success Academy Charter School - Far Rockaway,EC,4.38,1
2018,84Q380,Forte Preparatory Academy Charter School,EMS,4.128125,16
2018,84Q704,Merrick Academy - Queens Public Charter School,EMS,3.4594444444444443,18
2018,84Q705,Renaissance Charter School,EMS,3.145,22
2017,13K282,P.S. 282 Park Slope,EMS,3.1922727272727274,22
2018,84Q706,Our World Neighborhood Charter School,EMS,3.1145,20
2018,84R012,New Ventures Charter School,HST,4.240909090909091,22
2018,84R067,John W. Lavelle Preparatory Charter School,EMS,2.694583333333333,24
2018,84R067,John W. Lavelle Preparatory Charter School,HS,3.949655172413793,29
2017,02M177,Yorkville East Middle School,EMS,4.10375,16
2018,84R073,New World Preparatory Charter School,EMS,3.4916,25
2018,84X124,Children's Aid College Prep Charter School,EMS,2.690526315789474,19
2018,84X133,Icahn Charter School 6,EMS,2.9877777777777776,18
2018,84X165,Grand Concourse Charter School,EMS,3.548235294117647,17
2018,84X177,Mott Hall Charter School,EMS,3.091304347826087,23
2018,84X185,Bronx Lighthouse Charter School,EMS,3.3945454545454545,22
2018,84X185,Bronx Lighthouse Charter School,HS,3.3065217391304347,23
2018,84X200,New Visions A.I.M. Charter High School II,HST,1.638695652173913,23
2018,84X202,New Visions Charter High School for Advanced Math,HS,4.3422580645161295,31
2018,84X208,New Visions Charter High School for the Humanities,HS,2.870967741935484,31
2018,84X233,Family Life Academy Charter School II,EMS,3.0410526315789475,19
2018,84X255,Bronx Charter School for Excellence,EMS,3.571764705882353,17
2018,84X256,Heketi Community Charter School,EMS,3.5922222222222224,18
2017,02M413,School of the Future High School,EMS,3.538,15
2018,84X309,South Bronx Charter School for International Cultu,EMS,3.109166666666667,12
2018,84X345,Hyde Leadership Charter School,EMS,3.2808,25
2018,84X345,Hyde Leadership Charter School,HS,2.7614285714285716,28
2018,84X346,South Bronx Classical Charter School,EMS,4.419333333333333,15
2018,84X347,International Leadership Charter High School,HS,3.6589655172413793,29
2018,84X362,Icahn Charter School 7,EMS,3.87625,8
2018,84X364,South Bronx Classical Charter School II,EMS,4.671818181818182,11
2018,84X378,Icahn Charter School 2,EMS,3.5690909090909093,11
2018,84X380,Success Academy Charter School - Bronx 3,EMS,4.102222222222222,9
2018,84X387,Brilla College Prep Charter School,EMS,3.8063157894736843,19
2018,84X389,Bronx Global Learning Institute for Girls Charter,EMS,2.9185714285714286,21
2018,84X393,University Prep Charter High School,HS,4.3116666666666665,30
2018,84X394,Mott Haven Academy Charter School,EMS,3.423888888888889,18
2018,84X395,"NYC Charter High School for Architecture, Engineer",HS,4.398387096774194,31
2018,84X398,Bronx Community Charter School,EMS,3.2384,25
2018,84X407,Bronx Charter School for Children,EMS,2.1626666666666665,15
2018,84X419,Bronx Academy of Promise Charter School,EMS,3.275,18
2018,84X422,Icahn Charter School 3,EMS,4.0325,12
2018,84X429,Charter High School for Law and Social Justice,HS,2.405625,16
2018,84X460,Atmosphere Charter School,EMS,4.218636363636364,22
2018,84X461,Metropolitan Lighthouse Charter School,EMS,2.350909090909091,22
2018,84X461,Metropolitan Lighthouse Charter School,HS,3.5914285714285716,7
2018,84X464,Success Academy Charter School - Bronx 4 - New Yor,EMS,4.425,8
2018,84X465,Boys Preparatory Charter School of New York,EMS,4.196875,16
2018,84X471,American Dream Charter School,EMS,3.0766666666666667,18
2018,84X471,American Dream Charter School,HS,3.921666666666667,6
2018,84X472,Family Life Academy Charter School III,EMS,3.388181818181818,11
2018,84X482,Dr. Richard Izquierdo Health and Science Charter S,EMS,3.924736842105263,19
2018,84X482,Dr. Richard Izquierdo Health and Science Charter S,HS,3.6472413793103446,29
2018,84X484,Bronx Charter School for Better Learning II,EC,2.415,2
2018,84X487,Girls Preparatory Charter School of the Bronx,EMS,3.703,20
2018,84X488,The Equality Charter School,EMS,3.0079166666666666,24
2018,84X488,The Equality Charter School,HS,3.4364,25
2018,84X491,Academic Leadership Charter School,EMS,4.412608695652174,23
2018,84X492,South Bronx Early College Academy Charter School,EMS,3.2984999999999998,20
2018,84X493,Success Academy Charter School - Bronx 1,EMS,4.390000000000001,9
2018,84X494,Success Academy Charter School - Bronx 2,EMS,4.416153846153846,13
2018,84X496,Icahn Charter School 4,EMS,2.9491666666666667,12
2018,84X538,Icahn Charter School 5,EMS,3.062,10
2018,84X539,New Visions Charter High School for Advanced Math,HS,3.488,30
2018,84X553,New Visions Charter High School for the Humanities,HS,3.841,30
2018,84X554,New York City Montessori Charter School,EMS,3.686,20
2018,84X579,Bronx Charter School for Excellence II,EC,3.8499999999999996,2
2018,84X581,South Bronx Community Charter School,HS,1.812857142857143,7
2018,84X585,Legacy College Preparatory,EMS,3.7612,25
2018,84X586,Brilla Veritas Charter School,EC,3.1,1
2018,84X588,South Bronx Classical Charter School  IV,EC,3.98,2
2018,84X589,Bronx Charter School for Excellence 3,EC,4.529999999999999,2
2018,84X592,Amber Charter School II,EC,3.9299999999999997,2
2018,84X703,Bronx Preparatory Charter School,EMS,3.718,25
2018,84X703,Bronx Preparatory Charter School,HS,4.0988,25
2018,84X704,KIPP Academy Charter School,EMS,3.578,25
2018,84X704,KIPP Academy Charter School,HS,3.8339285714285714,28
2018,84X705,Family Life Academy Charter School,EMS,2.142,15
2018,84X706,Harriet Tubman Charter School,EMS,3.2673684210526317,19
2018,84X717,Icahn Charter School,EMS,3.2422222222222223,18
2018,84X718,Bronx Charter School for Better Learning,EMS,3.1085714285714285,14
2018,84X730,Bronx Charter School for the Arts,EMS,2.488421052631579,19
2017,01M015,P.S. 015 Roberto Clemente,EMS,4.4825,16
2017,01M019,P.S. 019 Asher Levy,EMS,3.590526315789474,19
2017,01M020,P.S. 020 Anna Silver,EMS,2.6229999999999998,20
2017,01M034,P.S. 034 Franklin D. Roosevelt,EMS,2.7496,25
2017,01M063,The STAR Academy - P.S.63,EMS,4.441666666666666,12
2017,01M064,P.S. 064 Robert Simon,EMS,3.012,15
2017,01M110,P.S. 110 Florence Nightingale,EMS,3.8230769230769233,13
2017,01M134,P.S. 134 Henrietta Szold,EMS,3.0478947368421054,19
2017,01M140,P.S. 140 Nathan Straus,EMS,2.6996296296296296,27
2017,01M142,P.S. 142 Amalia Castro,EMS,3.872105263157895,19
2017,01M184,P.S. 184m Shuang Wen,EMS,4.233684210526316,19
2017,01M188,P.S. 188 The Island School,EMS,4.1288,25
2017,01M292,Orchard Collegiate Academy,HS,3.5733333333333333,30
2017,01M301,"Technology, Arts, and Sciences Studio",EMS,2.8563636363636364,22
2017,01M315,The East Village Community School,EMS,3.3108333333333335,12
2017,01M332,University Neighborhood Middle School,EMS,2.67,20
2017,01M361,The Children's Workshop School,EMS,3.542307692307692,13
2017,01M363,Neighborhood School,EMS,2.51,6
2017,01M364,Earth School,EMS,1.96,13
2017,01M378,School for Global Leaders,EMS,3.0323076923076924,26
2017,01M448,University Neighborhood High School,HS,3.959,30
2017,01M450,East Side Community School,EMS,2.787333333333333,15
2017,01M450,East Side Community School,HS,3.5365,20
2017,01M458,Forsyth Satellite Academy,HST,3.5272727272727273,22
2017,01M509,Marta Valle High School,HS,2.603666666666667,30
2017,01M515,Lower East Side Preparatory High School,HST,3.3592,25
2017,01M539,"New Explorations into Science, Technology and Math",EMS,4.309285714285714,14
2017,01M539,"New Explorations into Science, Technology and Math",HS,3.9733333333333336,24
2017,01M650,Cascades High School,HST,2.9926923076923075,26
2017,01M696,Bard High School Early College,HS,3.9508695652173915,23
2017,01M839,Tompkins Square Middle School,EMS,3.586315789473684,19
2017,02M001,P.S. 001 Alfred E. Smith,EMS,3.3288235294117645,17
2017,02M002,P.S. 002 Meyer London,EMS,3.8276470588235294,17
2017,02M003,P.S. 003 Charrette School,EMS,2.8892307692307693,13
2017,02M006,P.S. 006 Lillie D. Blake,EMS,4.140769230769231,13
2017,02M011,P.S. 011 William T. Harris,EMS,3.133529411764706,17
2017,02M033,P.S. 033 Chelsea Prep,EMS,2.208823529411765,17
2017,02M040,P.S. 040 Augustus Saint-Gaudens,EMS,4.046923076923077,13
2017,02M041,P.S. 041 Greenwich Village,EMS,3.7153846153846155,13
2017,02M042,P.S. 042 Benjamin Altman,EMS,3.9046666666666665,15
2017,02M047,47 The American Sign Language and English Secondar,HS,3.754137931034483,29
2017,02M051,P.S. 051 Elias Howe,EMS,2.668,15
2017,02M059,P.S. 059 Beekman Hill International,EMS,4.028181818181818,11
2017,02M077,P.S. 77 Lower Lab School,EMS,4.3954545454545455,11
2017,02M089,P.S. 89,EMS,3.982307692307692,13
2017,02M104,J.H.S. 104 Simon Baruch,EMS,3.5394444444444444,18
2017,02M111,P.S. 111 Adolph S. Ochs,EMS,3.064090909090909,22
2017,02M114,East Side Middle School,EMS,4.4925,16
2017,02M116,P.S. 116 Mary Lindley Murray,EMS,3.2457142857142856,14
2017,02M124,P.S. 124 Yung Wing,EMS,4.433571428571429,14
2017,02M126,P.S. 126 Jacob August Riis,EMS,4.339090909090909,22
2017,02M130,P.S. 130 Hernando De Soto,EMS,4.313571428571429,14
2017,02M131,M.S. 131,EMS,3.6352,25
2017,02M135,The Urban Assembly School for Emergency Management,HS,3.0344,25
2017,02M139,Stephen T. Mather Building Arts & Craftsmanship Hi,HS,2.9788,25
2017,02M150,P.S. 150,EMS,3.8563636363636364,11
2017,02M151,Yorkville Community School,EMS,3.616,15
2017,02M158,P.S. 158 Bayard Taylor,EMS,3.668181818181818,11
2017,02M167,J.H.S. 167 Robert F. Wagner,EMS,4.054444444444444,18
2017,02M183,P.S. 183 Robert L. Stevenson,EMS,4.103076923076923,13
2017,02M198,P.S. 198 Isador E. Ida Straus,EMS,3.893846153846154,13
2017,02M212,P.S. 212 Midtown West,EMS,3.22,11
2017,02M217,P.S./I.S. 217 Roosevelt Island,EMS,3.872,20
2017,02M225,Ella Baker School,EMS,2.881666666666667,18
2017,02M234,P.S. 234 Independence School,EMS,3.8983333333333334,12
2017,02M255,M.S. 255 Salk School of Science,EMS,4.355,16
2017,02M260,M.S. 260 Clinton School Writers & Artists,EMS,4.196875,16
2017,02M260,M.S. 260 Clinton School Writers & Artists,HS,3.9325,12
2017,02M267,"East Side Elementary School, PS 267",EMS,3.8563636363636364,11
2017,02M276,Battery Park City School,EMS,4.14125,16
2017,02M280,Manhattan Early College School for Advertising,HS,3.747894736842105,19
2017,02M282,Urban Assembly Maker Academy,HS,2.5722727272727273,22
2017,02M288,Food and Finance High School,HS,2.826,30
2017,02M289,I.S. 289,EMS,3.85,18
2017,02M290,P.S. 290 Manhattan New School,EMS,4.127272727272727,11
2017,02M294,Essex Street Academy,HS,3.7364,25
2017,02M296,High School of Hospitality Management,HS,3.207333333333333,30
2017,02M298,Pace High School,HS,2.7204,25
2017,02M300,"Urban Assembly School of Design and Construction,",HS,2.3793333333333333,30
2017,02M303,"Facing History School, The",HS,2.8857692307692306,26
2017,02M305,"Urban Assembly Academy of Government and Law, The",HS,3.3283333333333336,30
2017,02M308,Lower Manhattan Arts Academy,HS,3.149,30
2017,02M312,New York City Lab Middle School for Collaborative,EMS,4.269375,16
2017,02M313,"James Baldwin School, The: A School for Expedition",HST,3.3772727272727274,22
2017,02M316,"Urban Assembly School of Business for Young Women,",HS,1.9,29
2017,02M340,Sixth Avenue Elementary School,EC,3.3899999999999997,2
2017,02M343,The Peck Slip School,EMS,3.367,10
2017,02M347,The 47 American Sign Language & English Lower Scho,EMS,4.295454545454546,22
2017,02M374,Gramercy Arts High School,HS,2.4563333333333333,30
2017,02M376,NYC iSchool,HS,3.8664,25
2017,02M392,MANHATTAN BUSINESS ACADEMY,HS,3.3366666666666664,30
2017,02M393,Business Of Sports School,HS,3.1546666666666665,30
2017,02M394,Emma Lazarus High School,HST,4.3130434782608695,23
2017,02M397,Spruce Street School,EMS,3.909333333333333,15
2017,02M399,The High School For Language And Diplomacy,HS,2.915483870967742,31
2017,02M400,High School for Environmental Studies,HS,2.5493333333333332,30
2017,02M407,Institute for Collaborative Education,EMS,4.717142857142857,7
2017,02M407,Institute for Collaborative Education,HS,3.6935294117647057,17
2017,02M408,Professional Performing Arts High School,EMS,3.64,16
2017,02M408,Professional Performing Arts High School,HS,3.4276,25
2017,02M411,Baruch College Campus High School,HS,4.5,24
2017,02M412,N.Y.C. Lab School for Collaborative Studies,HS,4.31,25
2017,02M413,School of the Future High School,HS,3.84,20
2017,02M534,Harvest Collegiate High School,HS,3.321904761904762,21
2017,07X029,P.S./M.S. 029 Melrose School,EMS,2.4374074074074072,27
2017,12X384,Entrada Academy,EMS,2.8385185185185184,27
2017,13K305,P.S. 305 Dr. Peter Ray,EMS,2.926,20
2017,02M419,Landmark High School,HS,3.5004,25
2017,02M420,High School for Health Professions and Human Servi,HS,3.4024,25
2017,02M425,Leadership and Public Service High School,HS,2.6046666666666667,30
2017,02M427,MANHATTAN ACADEMY FOR ARTS & LANGUAGE,HS,2.8063333333333333,30
2017,02M437,Hudson High School of Learning Technologies,HS,2.54,30
2017,02M438,International High School at Union Square,HS,3.624230769230769,26
2017,02M473,Washington Irving Yabc,YABC,3.0627272727272725,22
2017,02M489,High School of Economics and Finance,HS,3.3279310344827584,29
2017,02M507,Urban Assembly Gateway School for Technology,HS,3.734,30
2017,02M519,Talent Unlimited High School,HS,3.6972,25
2017,02M520,Murry Bergtraum High School for Business Careers,HS,2.0793333333333335,30
2017,02M527,P.S. 527 - East Side School for Social Action,EMS,4.08,10
2017,02M531,Repertory Company High School for Theatre Arts,HS,4.051379310344828,29
2017,02M533,Union Square Academy for Health Sciences,HS,2.899,30
2017,02M543,New Design High School,HS,3.0653333333333332,30
2017,02M545,High School for Dual Language and Asian Studies,HS,4.3992,25
2017,02M546,Academy for Software Engineering,HS,3.6273333333333335,30
2017,02M550,Liberty High School Academy for Newcomers,HST,3.5260000000000002,25
2017,02M551,Urban Assembly New York Harbor School,HS,2.659,30
2017,02M560,High School M560 - City As School,HST,3.0115,20
2017,02M565,Urban Academy Laboratory High School,HST,2.846923076923077,13
2017,02M570,Satellite Academy High School,HST,3.1804761904761905,21
2017,02M575,Manhattan Comprehensive Night and Day High School,HST,3.4061538461538463,26
2017,02M580,Richard R. Green High School of Teaching,HS,2.4936666666666665,30
2017,02M600,The High School of Fashion Industries,HS,3.6804,25
2017,02M615,Chelsea Career and Technical Education High School,HS,3.2776666666666667,30
2017,02M630,Art and Design High School,HS,3.0664,25
2017,02M655,Life Sciences Secondary School,EMS,2.7813636363636363,22
2017,02M896,Lower Manhattan Community Middle School,EMS,4.3625,20
2017,02M933,City Knoll Middle School,EMS,3.445925925925926,27
2017,03M084,P.S. 084 Lillian Weber,EMS,2.542777777777778,18
2017,03M087,P.S. 087 William Sherman,EMS,4.095454545454546,11
2017,03M166,P.S. 166 The Richard Rodgers School of The Arts an,EMS,3.849090909090909,11
2017,03M185,P.S. 185 - The Early Childhood Discovery and Desig,EC,2.98,2
2017,03M191,The Riverside School for Makers and Artists,EMS,2.6136,25
2017,03M208,The Alain L. Locke Magnet School for Environmental,EMS,3.325454545454545,22
2017,03M241,STEM Institute of Manhattan,EMS,2.774,20
2017,03M242,P.S. 242 - The Young Diplomats Magnet Academy,EMS,2.688125,16
2017,03M247,M.S. M247 Dual Language Middle School,EMS,3.6684,25
2017,03M250,M.S. 250 West Side Collaborative Middle School,EMS,2.8785,20
2017,03M307,"Urban Assembly School for Media Studies, The",HS,3.1706666666666665,30
2017,03M402,The Urban Assembly School for Green Careers,HS,3.0729032258064515,31
2017,03M403,The Global Learning Collaborative,HS,3.0980645161290323,31
2017,03M404,Innovation Diploma Plus,HST,3.4828,25
2017,03M415,Wadleigh Secondary School for the Performing & Vis,EMS,3.0689473684210524,19
2017,03M415,Wadleigh Secondary School for the Performing & Vis,HS,2.8906666666666667,30
2017,03M417,Frank Mccourt High School,HS,3.2800000000000002,25
2017,06M368,Hamilton Heights School,EMS,2.14125,16
2017,03M421,West Prep Academy,EMS,3.6441666666666666,24
2017,03M452,P.S. 452,EMS,4.081818181818182,11
2017,03M479,Beacon High School,HS,3.993157894736842,19
2017,03M485,Fiorello H. LaGuardia High School of Music & Art a,HS,4.182083333333334,24
2017,03M492,"High School for Law, Advocacy and Community Justic",HS,2.7106666666666666,30
2017,03M494,High School of Arts and Technology,HS,2.203,30
2017,03M505,Edward A. Reynolds West Side High School,HST,2.545925925925926,27
2017,03M541,Manhattan / Hunter Science High School,HS,4.2348,25
2017,03M610,Young Women's Leadership School,EMS,3.6747058823529413,17
2017,03M610,Young Women's Leadership School,HS,4.5016,25
2017,03M859,Special Music School,EMS,4.305454545454546,11
2017,03M859,Special Music School,HS,3.7342105263157896,19
2017,03M860,Frederick Douglass Academy II Secondary School,EMS,3.674736842105263,19
2017,03M860,Frederick Douglass Academy II Secondary School,HS,2.855483870967742,31
2017,03M862,Mott Hall II,EMS,4.069444444444445,18
2017,04M012,Tag Young Scholars,EMS,4.51375,16
2017,04M037,River East Elementary,EMS,3.1153333333333335,15
2017,04M038,P.S. 38 Roberto Clemente,EMS,2.7085,20
2017,04M050,P.S. 050 Vito Marcantonio,EMS,2.916923076923077,26
2017,04M057,James Weldon Johnson,EMS,2.115925925925926,27
2017,04M083,P.S. 083 Luis Munoz Rivera,EMS,3.432,20
2017,04M096,P.S. 096 Joseph Lanzetta,EMS,2.4455999999999998,25
2017,04M102,P.S. 102 Jacques Cartier,EMS,2.5985,20
2017,04M108,P.S. 108 Assemblyman Angelo Del Toro Educational C,EMS,2.9964,25
2017,04M112,P.S. 112 Jose Celso Barbosa,EC,2.33,2
2017,04M146,P.S. 146 Ann M. Short,EMS,3.769,20
2017,04M155,P.S. 155 William Paca,EMS,2.565909090909091,22
2017,04M171,P.S. 171 Patrick Henry,EMS,3.8805,20
2017,04M182,The Bilingual Bicultural School,EMS,3.993888888888889,18
2017,04M206,P.S. 206 Jose Celso Barbosa,EMS,2.9092592592592594,27
2017,04M224,M.S. 224 Manhattan East School for Arts & Academic,EMS,3.7670833333333333,24
2017,04M372,Esperanza Preparatory Academy,EMS,3.464,25
2017,04M372,Esperanza Preparatory Academy,HS,3.1519354838709677,31
2017,04M375,Mosaic Preparatory Academy,EMS,3.597777777777778,18
2017,04M377,Renaissance School of the Arts,EMS,4.047692307692308,26
2017,04M406,Global Technology Preparatory,EMS,2.8533333333333335,24
2017,04M409,Coalition School for Social Change,HS,3.103,30
2017,04M435,Manhattan Center for Science and Mathematics,HS,3.9370833333333333,24
2017,04M495,Park East High School,HS,4.285384615384616,26
2017,04M497,Central Park East I,EMS,3.67,6
2017,04M555,Central Park East High School,HS,4.3376,25
2017,04M680,"Heritage School, The",HS,2.997,30
2017,04M825,Isaac Newton Middle School for Math & Science,EMS,4.044074074074074,27
2017,04M964,Central Park East II,EMS,2.6868421052631577,19
2017,05M030,P.S. 030 Hernandez/Hughes,EMS,4.0695,20
2017,05M036,P.S. 036 Margaret Douglas,EMS,3.23,18
2017,05M046,P.S. 046 Arthur Tappan,EMS,3.013333333333333,27
2017,05M092,P.S. 092 Mary McLeod Bethune,EMS,3.3476190476190477,21
2017,05M123,P.S. 123 Mahalia Jackson,EMS,3.18,25
2017,05M125,P.S. 125 Ralph Bunche,EMS,3.329285714285714,14
2017,05M129,P.S. 129 John H. Finley,EMS,3.21,27
2017,05M133,P.S. 133 Fred R Moore,EMS,2.9182352941176473,17
2017,05M148,Eagle Academy for Young Men of Harlem,EMS,2.435,24
2017,05M148,Eagle Academy for Young Men of Harlem,HS,1.876,10
2017,05M154,P.S. 154 Harriet Tubman,EMS,2.2895,20
2017,05M157,The Urban Assembly School for Global Commerce,HS,2.034,25
2017,05M161,P.S. 161 Pedro Albizu Campos,EMS,2.7074074074074073,27
2017,05M175,P.S. 175 Henry H Garnet,EMS,2.9736363636363636,22
2017,05M194,P.S. 194 Countee Cullen,EMS,3.09,19
2017,05M197,P.S. 197 John B. Russwurm,EMS,2.675294117647059,17
2017,05M200,P.S. 200- The James Mccune Smith School,EMS,3.4231818181818183,22
2017,05M285,Harlem Renaissance High School,HST,2.687037037037037,27
2017,05M286,Urban Assembly Academy for Future Leaders,EMS,2.29875,24
2017,05M302,KAPPA IV,EMS,2.3492592592592594,27
2017,05M304,Mott Hall High School,HS,2.5425806451612902,31
2017,05M318,Thurgood Marshall Academy Lower School,EMS,2.373333333333333,15
2017,05M362,Columbia Secondary School,EMS,4.11,18
2017,05M362,Columbia Secondary School,HS,3.803478260869565,23
2017,05M499,Frederick Douglass Academy,EMS,2.315,24
2017,05M367,Academy for Social Action,HS,1.9,27
2017,05M369,Urban Assembly School for the Performing Arts,HS,3.1213333333333333,30
2017,05M499,Frederick Douglass Academy,HS,2.5986666666666665,30
2017,05M514,New Design Middle School,EMS,2.641818181818182,22
2017,05M517,Teachers College Community School,EMS,3.238125,16
2017,05M670,Thurgood Marshall Academy for Learning and Social,EMS,2.1595,20
2017,05M670,Thurgood Marshall Academy for Learning and Social,HS,2.2976666666666667,30
2017,05M692,"High School for Mathematics, Science and Engineeri",HS,4.41625,24
2017,06M004,P.S. 004 Duke Ellington,EMS,2.8395454545454544,22
2017,06M005,P.S. 005 Ellen Lurie,EMS,3.4205,20
2017,06M008,P.S. 008 Luis Belliard,EMS,3.8165,20
2017,06M018,P.S. 018 Park Terrace,EMS,2.3004,25
2017,06M028,P.S. 028 Wright Brothers,EMS,3.1222727272727275,22
2017,06M048,P.S. 048 P.O. Michael J. Buczek,EMS,2.950909090909091,22
2017,06M052,J.H.S. 052 Inwood,EMS,3.4144,25
2017,06M098,P.S. 098 Shorac Kappock,EMS,2.7319999999999998,20
2017,06M115,P.S. 115 Alexander Humboldt,EMS,2.467,20
2017,06M128,P.S. 128 Audubon,EMS,3.0444999999999998,20
2017,06M132,P.S. 132 Juan Pablo Duarte,EMS,3.4805555555555556,18
2017,06M143,J.H.S. 143 Eleanor Roosevelt,EMS,2.96,25
2017,06M152,P.S. 152 Dyckman Valley,EMS,2.6895000000000002,20
2017,06M153,P.S. 153 Adam Clayton Powell,EMS,3.0877777777777777,18
2017,06M173,P.S. 173,EMS,3.2131818181818184,22
2017,06M178,Professor Juan Bosch Public School,EMS,2.869285714285714,14
2017,06M187,P.S./I.S. 187 Hudson Cliffs,EMS,3.6680952380952383,21
2017,06M189,P.S. 189,EMS,3.0483333333333333,18
2017,06M192,P.S. 192 Jacob H. Schiff,EMS,3.2225,20
2017,06M209,Hamilton Grange Middle School,EMS,3.498148148148148,27
2017,06M210,P.S./I.S. 210 - Twenty-first Century Academy for C,EMS,3.9104347826086956,23
2017,06M211,Inwood Early College for Health and Information Te,HS,3.228695652173913,23
2017,06M218,I.S. 218 Salome Urena,EMS,2.5868,25
2017,06M223,The Mott Hall School,EMS,3.9072222222222224,18
2017,06M278,Paula Hedbavny School,EMS,3.4664,25
2017,06M293,City College Academy of the Arts,EMS,3.1563636363636363,22
2017,06M293,City College Academy of the Arts,HS,4.026,25
2017,06M311,Amistad Dual Language School,EMS,3.5234782608695654,23
2017,06M319,M.S. 319 - Maria Teresa,EMS,2.928888888888889,27
2017,06M324,M.S. 324 - Patria Mirabal,EMS,3.391111111111111,27
2017,06M328,Community Math & Science Prep,EMS,2.6388,25
2017,06M346,Community Health Academy of the Heights,EMS,3.476,25
2017,06M346,Community Health Academy of the Heights,HS,3.355161290322581,31
2017,06M348,Washington Heights Expeditionary Learning School,EMS,3.0262962962962963,27
2017,06M348,Washington Heights Expeditionary Learning School,HS,2.4951612903225806,31
2017,06M366,Washington Heights Academy,EMS,4.258947368421053,19
2017,06M423,High School for Excellence and Innovation,HST,3.361153846153846,26
2017,06M457,George Washington Yabc,YABC,3.445263157894737,19
2017,06M462,The College Academy,HS,3.204516129032258,31
2017,06M463,High School for Media and Communications,HS,2.161935483870968,31
2017,06M467,High School for Law and Public Service,HS,2.8958064516129034,31
2017,06M468,High School for Health Careers and Sciences,HS,3.089677419354839,31
2017,06M513,Castle Bridge School,EMS,3.7066666666666666,3
2017,06M528,I.S. 528 Bea Fuller Rodgers School,EMS,3.4903703703703703,27
2017,06M540,A. Philip Randolph Campus High School,HS,2.6251612903225805,31
2017,06M552,Gregorio Luperon High School for Science and Mathe,HS,3.833666666666667,30
2017,07X001,P.S. 001 Courtlandt School,EMS,2.7,22
2017,07X005,P.S. 5 Port Morris,EMS,2.3272,25
2017,07X018,P.S. 018 John Peter Zenger,EMS,2.6105,20
2017,07X025,P.S. 025 Bilingual School,EMS,3.8633333333333333,18
2017,07X030,P.S. 030 Wilton,EMS,2.7915,20
2017,07X031,P.S./M.S. 031 The William Lloyd Garrison,EMS,2.7624,25
2017,07X043,P.S. 043 Jonas Bronck,EMS,3.549545454545455,22
2017,07X049,P.S. 049 Willis Avenue,EMS,4.000909090909091,22
2017,07X065,P.S. 065 Mother Hale Academy,EMS,3.87,20
2017,07X157,P.S. 157 Grove Hill,EMS,3.269,20
2017,07X151,J.H.S. 151 Lou Gehrig,EMS,2.334,25
2017,07X154,P.S. 154 Jonathan D. Hyatt,EMS,3.8365,20
2017,07X161,P.S. 161 Juan Ponce De Leon School,EMS,3.2618181818181817,22
2017,07X179,P.S. 179,EMS,2.8072222222222223,18
2017,07X221,South Bronx Preparatory: A College Board School,EMS,3.9156,25
2017,07X221,South Bronx Preparatory: A College Board School,HS,4.002666666666666,30
2017,07X547,New Explorers High School,HS,1.6938709677419355,31
2017,07X223,The Laboratory School of Finance and Technology: X,EMS,3.79,25
2017,07X223,The Laboratory School of Finance and Technology: X,HS,3.3005,20
2017,07X224,P.S./I.S. 224,EMS,2.455185185185185,27
2017,07X259,"H.E.R.O. High (Health, Education, and Research Occ",HS,2.8912,25
2017,07X277,P.S. 277,EMS,2.639,20
2017,07X296,South Bronx Academy for Applied Media,EMS,3.085,26
2017,07X298,Academy of Public Relations,EMS,3.124615384615385,26
2017,07X334,International Community High School,HS,3.7924,25
2017,07X343,Academy of Applied Mathematics and Technology,EMS,3.7656,25
2017,07X359,Concourse Village Elementary School,EMS,4.343571428571429,14
2017,07X456,Alfred E. Smith Campus YABC,YABC,2.269565217391304,23
2017,07X369,Young Leaders Elementary School,EMS,3.1045000000000003,20
2017,07X379,Jill Chaifetz Transfer High School,HST,2.265925925925926,27
2017,07X381,Bronx Haven High School,HST,2.7565384615384616,26
2017,07X427,Community School for Social Justice,HS,3.2846153846153845,26
2017,07X473,Mott Haven Village Preparatory High School,HS,2.186451612903226,31
2017,07X495,University Heights Secondary School,HS,4.3445,20
2017,07X500,Hostos-Lincoln Academy of Science,EMS,3.0290909090909093,22
2017,07X500,Hostos-Lincoln Academy of Science,HS,3.149655172413793,29
2017,07X522,Bronx Design and Construction Academy,HS,1.9387096774193548,31
2017,07X527,Bronx Leadership Academy II High School,HS,3.2716129032258063,31
2017,07X548,Careers in Sports High School,HS,2.1403333333333334,30
2017,07X551,The Urban Assembly Bronx Academy of Letters,EMS,2.918888888888889,27
2017,07X551,The Urban Assembly Bronx Academy of Letters,HS,3.3483870967741938,31
2017,08X107,P.S. 107,EMS,3.474761904761905,21
2017,07X557,Mott Haven Community High School,HST,3.580769230769231,26
2017,07X600,Alfred E. Smith Career and Technical Education Hig,HS,3.3112903225806454,31
2017,07X670,Health Opportunities High School,HS,2.5638709677419356,31
2017,08X405,Herbert H. Lehman High School,HS,1.9403225806451614,31
2017,08X014,P.S. X014 Senator John Calandra,EMS,3.7188235294117646,17
2017,08X036,P.S. 036 Unionport,EMS,3.66,20
2017,08X048,P.S. 048 Joseph R. Drake,EMS,2.8965,20
2017,08X062,P.S. 062 Inocensio Casanova,EMS,2.9804545454545455,22
2017,08X069,P.S. 069 Journey Prep School,EMS,4.455238095238095,21
2017,08X071,P.S. 071 Rose E. Scala,EMS,3.1866666666666665,27
2017,08X072,P.S. 072 Dr. William Dorney,EMS,3.3684210526315788,19
2017,08X075,P.S. 75 School of Research and Discovery,EMS,2.6686363636363635,22
2017,08X093,P.S. 093 Albert G. Oliver,EMS,2.303529411764706,17
2017,08X100,P.S. 100 Isaac Clason,EMS,2.787894736842105,19
2017,08X101,M.S. X101 Edward R. Byrne,EMS,3.258095238095238,21
2017,08X119,The Dr. Emmett W. Bassett School,EMS,2.628888888888889,18
2017,08X123,J.H.S. 123 James M. Kieran,EMS,3.05,27
2017,08X130,P.S. 130 Abram Stevens Hewitt,EMS,3.2822727272727272,22
2017,08X131,J.H.S. 131 Albert Einstein,EMS,2.698148148148148,27
2017,08X138,P.S. 138 Samuel Randall,EMS,3.013157894736842,19
2017,08X140,P.S. X140 The Eagle School,EMS,2.832727272727273,22
2017,08X146,P.S. 146 Edward Collins,EMS,3.339,20
2017,08X152,P.S. 152 Evergreen,EMS,2.995,22
2017,08X182,P.S. 182,EMS,2.916470588235294,17
2017,08X269,Bronx Studio School for Writers and Artists,EMS,2.808148148148148,27
2017,08X269,Bronx Studio School for Writers and Artists,HS,2.774516129032258,31
2017,08X282,Women's Academy of Excellence,HS,2.458666666666667,30
2017,08X293,Renaissance High School for Musical Theater & Tech,HS,2.832,30
2017,08X301,M.S. 301 Paul L. Dunbar,EMS,2.745925925925926,27
2017,08X302,M.S. 302 Luisa Dessus Cruz,EMS,3.2414814814814816,27
2017,08X562,Blueprint Middle School,EMS,3.3292592592592594,27
2017,08X304,P.S. 304 Early Childhood School,EMS,2.8506666666666667,15
2017,08X312,Millennium Art Academy,HS,2.743666666666667,30
2017,08X320,Pelham Lab High School,HS,2.2457692307692305,26
2017,08X332,Holcombe L. Rucker School of Community Research,HS,3.1274193548387097,31
2017,08X333,The Longwood Academy of Discovery,EMS,3.059047619047619,21
2017,08X337,The School for Inquiry and Social Justice,EMS,4.0432,25
2017,08X348,Schuylerville Preparatory High School,HS,2.695,26
2017,08X349,Bronx River High School,HS,3.1392307692307693,26
2017,08X367,"Archimedes Academy for Math, Science and Technolog",EMS,2.7708333333333335,24
2017,08X367,"Archimedes Academy for Math, Science and Technolog",HS,2.4146666666666667,30
2017,08X371,Urban Institute of Mathematics,EMS,2.67,24
2017,08X375,The Bronx Mathematics Preparatory School,EMS,2.5555555555555554,27
2017,08X376,Antonia Pantoja Preparatory Academy: A College Boa,EMS,3.0503846153846155,26
2017,08X376,Antonia Pantoja Preparatory Academy: A College Boa,HS,2.9374193548387098,31
2017,08X377,Bronx Community High School,HST,2.7846153846153845,26
2017,08X392,Bronx Delta School,EC,2.8049999999999997,2
2017,08X408,Herbert H. Lehman Yabc,YABC,2.9683333333333333,24
2017,08X424,The Hunts Point School,EMS,2.6911111111111112,27
2017,08X432,Bronx Bridges High School,HS,3.033333333333333,30
2017,08X448,Soundview Academy for Culture and Scholarship,EMS,3.3572,25
2017,08X452,Gotham Collaborative High School,HS,2.67,31
2017,08X467,Mott Hall Community School,EMS,2.868888888888889,27
2017,08X507,Stevenson Yabc,YABC,1.938695652173913,23
2017,08X519,Felisa Rincon de Gautier Institute for Law and Pub,HS,2.0479310344827586,29
2017,08X530,Longwood Preparatory Academy,HS,3.289032258064516,31
2017,08X537,Bronx Arena High School,HST,2.4056,25
2017,08X558,Westchester Square Academy,HS,2.7583333333333333,30
2017,08X559,School for Tourism and Hospitality,HS,1.7170967741935483,31
2017,08X561,Bronx Compass High School,HS,2.3213333333333335,30
2017,09X004,P.S./M.S. 004 Crotona Park West,EMS,2.8474074074074074,27
2017,09X011,P.S. 011 Highbridge,EMS,2.767,20
2017,09X022,J.H.S. 022 Jordan L. Mott,EMS,3.2008,25
2017,09X028,P.S. 028 Mount Hope,EMS,3.255,22
2017,09X035,P.S. 035 Franz Siegel,EMS,2.8345000000000002,20
2017,09X042,P.S. 042 Claremont,EMS,3.7581818181818183,22
2017,09X053,P.S. 053 Basheer Quisim,EMS,3.5363636363636366,22
2017,09X055,P.S. 055 Benjamin Franklin,EMS,3.513,20
2017,09X058,P.S. 058,EMS,2.9185,20
2017,09X063,P.S. 063 Author's Academy,EMS,3.1145,20
2017,09X070,P.S. 070 Max Schoenfeld,EMS,2.8504545454545456,22
2017,09X073,P.S. 073 Bronx,EMS,2.5777272727272726,22
2017,09X088,P.S. X088 - S. Silverstein Little Sparrow School,EC,2.705,2
2017,09X109,P.S. 109 Sedgwick,EMS,2.753,20
2017,09X110,P.S. 110 Theodore Schoenfeld,EMS,3.0755,20
2017,09X114,P.S. X114 - Luis Llorens Torres Schools,EMS,2.8625,20
2017,09X117,I.S. 117 Joseph H. Wade,EMS,2.899259259259259,27
2017,09X126,P.S. 126 Dr Marjorie H Dunbar,EMS,4.024210526315789,19
2017,09X128,Mott Hall III,EMS,4.104,20
2017,09X132,P.S. 132 Garret A. Morgan,EMS,3.6415,20
2017,09X163,P.S. 163 Arthur A. Schomburg,EMS,2.917,20
2017,09X170,P.S. 170,EC,3.01,2
2017,09X199,P.S. 199X - The Shakespeare School,EMS,3.2475,20
2017,09X294,The Walton Avenue School,EMS,4.500625,16
2017,09X215,Kappa,EMS,3.488148148148148,27
2017,09X204,P.S. 204 Morris Heights,EMS,4.038571428571428,21
2017,09X218,P.S./I.S. 218 Rafael Hernandez Dual Language Magne,EMS,3.1804,25
2017,09X219,I.S. 219 New Venture School,EMS,3.245925925925926,27
2017,09X227,Bronx Collegiate Academy,HS,3.084516129032258,31
2017,09X232,I.S. 232,EMS,2.991111111111111,27
2017,09X229,I.S. 229 Roland Patterson,EMS,2.497037037037037,27
2017,09X231,Eagle Academy for Young Men,EMS,2.9358333333333335,24
2017,09X231,Eagle Academy for Young Men,HS,3.2183333333333333,30
2017,09X236,P.S. 236 Langston Hughes,EMS,3.243333333333333,18
2017,09X241,Urban Assembly School for Applied Math and Science,EMS,3.265925925925926,27
2017,09X241,Urban Assembly School for Applied Math and Science,HS,3.097741935483871,31
2017,09X250,Eximius College Preparatory Academy: A College Boa,HS,3.479,30
2017,09X252,Mott Hall Bronx High School,HS,3.2196774193548388,31
2017,09X260,Bronx Center for Science and Mathematics,HS,4.007857142857143,28
2017,09X323,Bronx Writing Academy,EMS,3.1674074074074072,27
2017,09X263,Validus Preparatory Academy,HS,2.344193548387097,31
2017,09X274,The New American Academy at Roberto Clemente State,EMS,2.492272727272727,22
2017,09X297,Morris Academy for Collaborative Studies,HS,3.5874193548387097,31
2017,10X243,West Bronx Academy for the Future,EMS,2.544074074074074,27
2017,09X303,I.S. X303 Leadership & Community Service,EMS,4.0668,25
2017,09X311,Lucero Elementary School,EMS,3.1489473684210525,19
2017,09X313,I.S. 313 School of Leadership Development,EMS,2.545769230769231,26
2017,09X324,Bronx Early College Academy for Teaching & Learnin,EMS,2.2356,25
2017,09X324,Bronx Early College Academy for Teaching & Learnin,HS,3.085,30
2017,09X325,Urban Science Academy,EMS,2.4276,25
2017,09X327,Comprehensive Model School Project M.S. 327,EMS,3.786,25
2017,09X327,Comprehensive Model School Project M.S. 327,HS,2.6856666666666666,30
2017,09X328,New Millennium Business Academy Middle School,EMS,2.9203703703703705,27
2017,09X329,DreamYard Preparatory School,HS,3.1283870967741936,31
2017,09X350,New Directions Secondary School,EMS,1.7433333333333334,27
2017,09X350,New Directions Secondary School,HST,1.8845454545454545,11
2017,09X361,The Highbridge Green School,EMS,3.6404,25
2017,09X365,Academy for Language and Technology,HS,4.594516129032258,31
2017,09X403,Bronx International High School,HS,3.4928,25
2017,09X404,School for Excellence,HS,2.4748387096774196,31
2017,09X412,Bronx High School of Business,HS,2.459032258064516,31
2017,09X413,Bronx High School for Medical Science,EMS,3.679130434782609,23
2017,09X413,Bronx High School for Medical Science,HS,2.8733333333333335,30
2017,09X443,The Family School,EMS,3.54,22
2017,09X449,Grant Avenue Elementary School,EMS,3.794,20
2017,09X454,Science and Technology Academy: A Mott Hall School,EMS,4.381481481481481,27
2017,09X457,Sheridan Academy for Young Leaders,EMS,3.081,20
2017,09X505,"Bronx School for Law, Government and Justice",EMS,3.7932,25
2017,09X505,"Bronx School for Law, Government and Justice",HS,2.6948275862068964,29
2017,09X517,Frederick Douglass Academy III Secondary School,HS,2.6790322580645163,31
2017,09X525,Bronx Leadership Academy High School,HS,2.391935483870968,31
2017,09X543,High School for Violin and Dance,HS,2.661935483870968,31
2017,09X555,Mount Eden Children's Academy,EMS,3.04,18
2017,09X564,Claremont International HS,HS,2.7965384615384616,26
2017,09X568,Young Women's Leadership School of the Bronx,EMS,3.094736842105263,19
2017,09X568,Young Women's Leadership School of the Bronx,HS,3.0053846153846155,13
2017,10X003,P.S. 3 Raul Julia Micro Society,EMS,3.6725925925925926,27
2017,10X007,Milton Fein School,EMS,2.775,20
2017,10X008,P.S. 008 Isaac Varian,EMS,2.805,22
2017,10X009,P.S. 9 Ryer Avenue Elementary School,EMS,2.6818181818181817,22
2017,10X015,P.S. X015 Institute for Environmental Learning,EMS,3.2928571428571427,21
2017,10X020,"P.S./M.S. 20 P.O.George J. Werdann, III",EMS,2.9152,25
2017,10X023,P.S. 023 The New Children's School,EMS,2.461818181818182,22
2017,10X024,P.S. 024 Spuyten Duyvil,EMS,3.358181818181818,11
2017,10X059,P.S. 059 The Community School of Technology,EMS,2.827272727272727,22
2017,10X032,P.S. 032 Belmont,EMS,2.3536363636363635,22
2017,10X033,P.S. 033 Timothy Dwight,EMS,3.6618181818181816,22
2017,10X037,P.S. X037 - Multiple Intelligence School,EMS,2.9648,25
2017,10X045,Thomas C. Giordano Middle School 45,EMS,3.0744444444444445,27
2017,10X046,P.S. 046 Edgar Allan Poe,EMS,2.360909090909091,22
2017,10X051,P.S. 051 Bronx New School,EMS,2.0573333333333332,15
2017,10X054,P.S./I.S. 54,EMS,2.639,20
2017,10X056,P.S. 056 Norwood Heights,EMS,3.315,22
2017,10X077,Bedford Park Elementary School,EC,3.1,2
2017,10X080,J.H.S. 080 The Mosholu Parkway,EMS,3.438888888888889,27
2017,10X081,P.S. 081 Robert J. Christen,EMS,2.920909090909091,11
2017,10X085,P.S. 085 Great Expectations,EMS,2.401818181818182,22
2017,10X086,P.S. 086 Kingsbridge Heights,EMS,3.503636363636364,22
2017,10X091,P.S. 091 Bronx,EMS,2.8831818181818183,22
2017,10X094,P.S. 094 Kings College School,EMS,2.302,20
2017,10X095,P.S. 095 Sheila Mencher,EMS,3.4137037037037037,27
2017,10X118,J.H.S. 118 William W. Niles,EMS,2.5344444444444445,27
2017,10X141,Riverdale / Kingsbridge Academy (Middle School / H,EMS,2.623,20
2017,10X141,Riverdale / Kingsbridge Academy (Middle School / H,HS,3.1733333333333333,30
2017,10X331,The Bronx School of Young Leaders,EMS,3.28,25
2017,10X159,P.S. 159 Luis Munoz Marin Biling,EMS,3.153888888888889,18
2017,10X205,P.S. 205 Fiorello LaGuardia,EMS,2.8705,20
2017,10X206,I.S. 206 Ann Mersereau,EMS,2.509259259259259,27
2017,10X207,P.S. 207,EC,3.14,2
2017,10X209,P.S. 209,EC,3.045,2
2017,10X213,Bronx Engineering and Technology Academy,HS,2.525483870967742,31
2017,10X225,Theatre Arts Production Company School,EMS,2.7526923076923078,26
2017,10X225,Theatre Arts Production Company School,HS,2.5644827586206898,29
2017,10X226,P.S. 226,EMS,2.7755555555555556,18
2017,10X228,Jonas Bronck Academy,EMS,3.783809523809524,21
2017,10X237,"The Marie Curie School for Medicine, Nursing, and",HS,2.620322580645161,31
2017,10X243,West Bronx Academy for the Future,HS,3.1816666666666666,30
2017,10X244,The New School for Leadership and Journalism,EMS,3.6914814814814814,27
2017,10X246,P.S. 246 Poe Center,EMS,2.3086363636363636,22
2017,10X254,I.S. 254,EMS,3.2711111111111113,27
2017,10X264,Bronx Academy for Software Engineering (BASE),HS,2.346,25
2017,10X280,P.S./M.S. 280 Mosholu Parkway,EMS,3.2508,25
2017,10X268,Kingsbridge International High School,HS,1.8963333333333334,30
2017,10X279,"P.S. 279 Captain Manuel Rivera, Jr.",EMS,3.5116,25
2017,10X284,Bronx School of Law and Finance,HS,2.93,31
2017,10X291,P.S. 291,EMS,3.3265,20
2017,10X306,P.S. 306,EMS,2.6465,20
2017,10X307,Luisa Pineiro Fuentes School of Science and Discov,EMS,2.8,22
2017,10X308,Bronx Dance Academy School,EMS,3.5724,25
2017,10X310,P.S. 310 Marble Hill,EMS,2.756,20
2017,10X315,P.S. 315 Lab School,EMS,2.6748,25
2017,10X319,Providing Urban Learners Success In Education High,HST,2.4096296296296296,27
2017,11X096,P.S. 096 Richard Rodgers,EMS,2.785,20
2017,10X342,International School for Liberal Arts,EMS,3.431304347826087,23
2017,10X342,International School for Liberal Arts,HS,2.342,30
2017,10X344,Ampark Neighborhood,EMS,2.2114285714285713,14
2017,10X351,Bronx Collaborative High School,HS,2.697142857142857,21
2017,10X353,World View High School,HS,4.216538461538462,26
2017,10X360,P.S. 360,EMS,3.041578947368421,19
2017,11X567,Linden Tree Elementary School,EMS,2.7029411764705884,17
2017,10X363,Academy For Personal Leadership And Excellence,EMS,3.362962962962963,27
2017,10X368,In-Tech Academy (M.S. / High School 368),EMS,2.3296296296296295,27
2017,10X368,In-Tech Academy (M.S. / High School 368),HS,2.6316129032258067,31
2017,10X396,P.S. 396,EMS,2.586190476190476,21
2017,10X374,Knowledge and Power Preparatory Academy Internatio,HS,4.039032258064516,31
2017,10X382,"Elementary School for Math, Science, and Technolog",EMS,2.435,20
2017,10X386,School for Environmental Citizenship,EMS,2.5365,20
2017,10X390,M.S. 390,EMS,3.3496,25
2017,10X391,The Angelo Patri Middle School,EMS,2.347777777777778,27
2017,10X397,English Language Learners and International Suppor,HST,3.2295,20
2017,10X433,High School for Teaching and the Professions,HS,2.9480645161290324,31
2017,10X434,Belmont Preparatory High School,HS,3.696,30
2017,10X437,Fordham High School for the Arts,HS,4.1593103448275865,29
2017,10X438,Fordham Leadership Academy,HS,3.47741935483871,31
2017,10X439,Bronx High School for Law and Community Service,HS,3.8003225806451613,31
2017,10X440,DeWitt Clinton High School,HS,2.44258064516129,31
2017,10X442,"Celia Cruz Bronx High School of Music, The",HS,3.627586206896552,29
2017,10X445,The Bronx High School of Science,HS,4.6675,24
2017,10X447,Creston Academy,EMS,4.1016,25
2017,10X459,East Fordham Academy for the Arts,EMS,2.6637037037037037,27
2017,10X477,Marble Hill High School for International Studies,HS,4.48483870967742,31
2017,10X503,Walton Yabc,YABC,2.8018181818181818,22
2017,10X504,Kennedy Yabc,YABC,2.174090909090909,22
2017,10X524,Crotona International High School,HS,2.8734615384615383,26
2017,10X546,Bronx Theatre High School,HS,2.7853333333333334,30
2017,10X549,Discovery High School,HS,4.239032258064516,31
2017,10X565,High School for Energy and Technology,HS,3.1486666666666667,30
2017,10X668,Dewitt Clinton Campus YABC,YABC,2.942727272727273,22
2017,10X696,High School of American Studies at Lehman College,HS,4.757916666666667,24
2017,11X016,P.S. 016 Wakefield,EMS,3.702777777777778,18
2017,11X019,P.S. 019 Judith K. Weiss,EMS,3.323,20
2017,11X021,P.S. 021 Philip H. Sheridan,EMS,2.8294117647058825,17
2017,11X041,P.S. 041 Gun Hill Road,EMS,3.0785,20
2017,11X068,P.S. 068 Bronx,EMS,3.2729411764705882,17
2017,11X076,P.S. 076 The Bennington School,EMS,1.9735,20
2017,11X078,P.S. 078 Anne Hutchinson,EMS,2.0952941176470588,17
2017,11X083,P.S. 083 Donald Hertz,EMS,2.9333333333333336,27
2017,11X087,P.S. 087 Bronx,EMS,2.7889473684210526,19
2017,11X097,P.S. 097 Bronx,EMS,2.5752941176470587,17
2017,11X103,P.S. 103 Hector Fontanez,EMS,1.9045,20
2017,11X105,P.S. 105 Sen Abraham Bernstein,EMS,2.7225,20
2017,11X106,P.S. 106 Parkchester,EMS,2.6765,20
2017,11X108,P.S. 108 Philip J. Abinanti,EMS,2.8466666666666667,18
2017,11X111,P.S. 111 Seton Falls,EMS,3.337894736842105,19
2017,11X112,P.S. 112 Bronxwood,EMS,1.9664705882352942,17
2017,11X121,P.S. 121 Throop,EMS,1.9770588235294118,17
2017,11X127,J.H.S. 127 The Castle Hill,EMS,2.8318518518518516,27
2017,11X144,J.H.S. 144 Michelangelo,EMS,3.3868,25
2017,11X153,P.S. 153 Helen Keller,EMS,2.854,15
2017,11X160,P.S. 160 Walt Disney,EMS,2.988421052631579,19
2017,11X169,Baychester Academy,EMS,3.8464285714285715,14
2017,11X175,P.S. 175 City Island,EMS,3.358421052631579,19
2017,11X178,P.S. 178 - Dr. Selman Waksman,EMS,2.3264705882352943,17
2017,11X180,M.S. 180 Dr. Daniel Hale Williams,EMS,3.2704545454545455,22
2017,11X181,I.S. 181 Pablo Casals,EMS,3.6216666666666666,24
2017,11X189,Cornerstone Academy for Social Action,EMS,2.74,17
2017,11X249,Bronx Health Sciences High School,HS,3.8289285714285715,28
2017,11X253,Bronx High School for Writing and Communication Ar,HS,2.6693548387096775,31
2017,11X265,Bronx Lab School,HS,2.8808,25
2017,11X270,Academy for Scholarship and Entrepreneurship: A Co,HS,2.989666666666667,30
2017,11X275,High School of Computers and Technology,HS,3.2370967741935486,31
2017,11X287,North Bronx School of Empowerment,EMS,2.0751851851851852,27
2017,11X288,Collegiate Institute for Math and Science,HS,3.2060714285714287,28
2017,11X290,Bronx Academy of Health Careers,HS,3.431935483870968,31
2017,11X299,Astor Collegiate Academy,HS,2.7706666666666666,30
2017,11X326,Bronx Green Middle School,EMS,2.6574074074074074,27
2017,11X355,Bronx Alliance Middle School,EMS,2.6350000000000002,24
2017,11X370,Leaders of Tomorrow,EMS,3.09,25
2017,11X417,C Columbus Hs Yabc,YABC,3.263809523809524,21
2017,11X418,Bronx High School for the Visual Arts,HS,2.7536666666666667,30
2017,11X455,Harry S Truman High School,HS,3.1783333333333332,30
2017,11X462,Cornerstone Academy for Social Action Middle Schoo,EMS,2.727272727272727,22
2017,11X468,Pelham Academy of Academics and Community Engageme,EMS,3.4024,25
2017,11X481,The STEAM Bridge School,EC,2.92,2
2017,11X483,The Matilda Avenue School,EC,1.385,2
2017,11X498,P.S./M.S. 11X498 - VAN NEST ACADEMY,EMS,3.670909090909091,22
2017,11X508,Bronxdale High School,HS,3.1026666666666665,30
2017,11X509,High School of Language and Innovation,HS,3.503,30
2017,11X529,One World Middle School at Edenwald,EMS,3.783181818181818,22
2017,11X513,New World High School,HS,3.9926666666666666,30
2017,11X514,The Bronxwood Preparatory Academy,HS,2.311,30
2017,11X532,Baychester Middle School,EMS,2.700833333333333,24
2017,11X542,Pelham Preparatory Academy,HS,3.5237931034482757,29
2017,11X544,High School for Contemporary Arts,HS,3.246451612903226,31
2017,11X545,Bronx Aerospace High School,HS,2.69,30
2017,11X556,Bronx Park Middle School,EMS,2.9718518518518517,27
2017,11X566,Pelham Gardens Middle School,EMS,3.20375,24
2017,12X006,P.S. 006 West Farms,EMS,2.0795,20
2017,12X044,P.S. 044 David C. Farragut,EMS,3.2466666666666666,18
2017,12X047,P.S. 047 John Randolph,EMS,2.8181818181818183,22
2017,12X057,P.S. 057 Crescent,EMS,2.5515,20
2017,12X061,P.S. 061 Francisco Oller,EMS,2.644705882352941,17
2017,12X066,P.S. 066 School of Higher Expectations,EMS,2.6136363636363638,22
2017,12X067,P.S. 067 Mohegan School,EMS,3.1136363636363638,22
2017,12X092,P.S. 092 Bronx,EMS,2.617272727272727,22
2017,12X098,J.H.S. 098 Herman Ridder,EMS,3.1225925925925924,27
2017,12X129,M.S. 129 Academy for Independent Learning and Lead,EMS,3.82,27
2017,12X196,P.S. 196,EMS,3.0318181818181817,22
2017,12X134,P.S. 134 George F. Bristow,EMS,2.487,20
2017,12X150,P.S. 150 Charles James Fox,EMS,2.8695,20
2017,12X190,E.S.M.T- I.S. 190,EMS,3.55,27
2017,12X195,P.S. 195,EMS,2.6731818181818183,22
2017,12X211,P.S. 211,EMS,3.198148148148148,27
2017,12X217,School of Performing Arts,EMS,2.7174074074074075,27
2017,12X242,Mott Hall V,HS,3.487,30
2017,12X248,"Metropolitan High School, The",HS,2.3845161290322583,31
2017,12X251,Explorations Academy H.S.,HS,3.2470967741935484,31
2017,12X271,East Bronx Academy for the Future,EMS,3.138888888888889,27
2017,12X271,East Bronx Academy for the Future,HS,3.6946666666666665,30
2017,12X273,Frederick Douglass Academy V. Middle School,EMS,2.5325925925925925,27
2017,12X316,Kappa III,EMS,2.9492307692307693,26
2017,12X286,Fannie Lou Hamer Middle School,EMS,2.376,25
2017,12X300,The School of Science and Applied Learning,EMS,2.3677272727272727,22
2017,12X314,Fairmont Neighborhood School,EMS,2.4613636363636364,22
2017,12X318,"I.S. X318 Math, Science & Technology Through Arts",EMS,2.301111111111111,27
2017,12X321,Crotona Academy High School,HST,3.1392307692307693,26
2017,12X341,Accion Academy,EMS,2.7692592592592593,27
2017,12X372,Urban Assembly School for Wildlife Conservation,EMS,2.5522222222222224,27
2017,12X372,Urban Assembly School for Wildlife Conservation,HS,2.193,30
2017,12X383,Emolior Academy,EMS,2.6868,25
2017,12X388,Pan American International High School at Monroe,HS,4.351538461538461,26
2017,12X428,Learning To Work Yabc At Monroe Academy,YABC,2.4217391304347826,23
2017,12X446,Arturo A. Schomburg Satellite Academy Bronx,HST,2.8104347826086955,23
2017,12X458,Samara Community School,EC,2.785,2
2017,12X463,Urban Scholars Community School,EMS,3.235263157894737,19
2017,12X478,The Cinema School,HS,3.6010714285714287,28
2017,12X479,Bronx Career and College Preparatory High School,HS,2.077741935483871,31
2017,12X480,Bronx Regional High School,HST,2.0057692307692307,26
2017,12X511,Bronx Envision Academy,HS,2.9561290322580644,31
2017,12X521,The Metropolitan Soundview High School,HS,3.3483870967741933,31
2017,12X531,Archer Elementary School,EMS,3.6865,20
2017,12X536,P.S. 536,EMS,2.609,20
2017,12X550,High School of World Cultures,HS,2.457333333333333,30
2017,12X682,Fannie Lou Hamer Freedom High School,HS,3.2792,25
2017,12X684,Wings Academy,HS,2.093,30
2017,12X691,Bronx Little School,EMS,2.9915000000000003,20
2017,13K003,P.S. 003 The Bedford Village,EMS,2.4586363636363635,22
2017,13K009,P.S. 009 Teunis G. Bergen,EMS,2.8,12
2017,13K011,P.S. 011 Purvis J. Behan,EMS,3.352222222222222,9
2017,13K020,P.S. 020 Clinton Hill,EMS,3.800666666666667,15
2017,13K044,P.S. 044 Marcus Garvey,EMS,2.5633333333333335,18
2017,13K046,P.S. 046 Edward C. Blum,EMS,3.088,20
2017,13K054,P.S. 054 Samuel C. Barnes,EMS,3.227222222222222,18
2017,13K056,P.S. 056 Lewis H. Latimer,EMS,1.9078947368421053,19
2017,13K067,P.S. 067 Charles A. Dorsey,EMS,3.8744444444444444,18
2017,13K093,P.S. 093 William H. Prescott,EMS,2.827,20
2017,13K113,M.S. 113 Ronald Edmonds Learning Center,EMS,2.545,24
2017,13K133,P.S. 133 William A. Butler,EMS,2.3913333333333333,15
2017,13K256,P.S. 256 Benjamin Banneker,EMS,3.6705,20
2017,13K265,Dr. Susan S. McKinney Secondary School of the Arts,EMS,2.9795454545454545,22
2017,13K265,Dr. Susan S. McKinney Secondary School of the Arts,HS,1.709,30
2017,13K266,M.S. K266 - Park Place Community Middle School,EMS,3.2354166666666666,24
2017,13K270,P.S. 270 Johann DeKalb,EMS,2.605,14
2017,13K287,P.S. 287 Bailey K. Ashford,EMS,2.511052631578947,19
2017,13K301,Satellite East Middle School,EMS,2.7929166666666667,24
2017,13K307,P.S. 307 Daniel Hale Williams,EMS,2.981176470588235,17
2017,13K313,Dock Street School for STEAM Studies,EMS,3.16,21
2017,13K350,Urban Assembly School for Music and Art,HS,2.783,30
2017,13K351,The Urban Assembly Unison School,EMS,3.2195454545454547,22
2017,13K412,Brooklyn Community Arts & Media High School (BCAM),HS,2.7479999999999998,30
2017,13K419,"Science Skills Center High School for Science, Tec",HS,3.836333333333333,30
2017,13K430,Brooklyn Technical High School,HS,4.3425,24
2017,13K439,Brooklyn International High School,HS,4.574,25
2017,13K483,The Urban Assembly School for Law and Justice,HS,3.6982758620689653,29
2017,13K492,Academy of Arts and Letters,EMS,3.205625,16
2017,13K499,ACORN Community High School,HS,3.0763333333333334,30
2017,13K527,Urban Assembly Institute of Math and Science for Y,EMS,2.9714285714285715,21
2017,13K527,Urban Assembly Institute of Math and Science for Y,HS,3.3220689655172415,29
2017,13K553,Brooklyn Academy High School,HST,3.1004347826086955,23
2017,13K575,Bedford Stuyvesant Preparatory High School,HST,2.9484,25
2017,13K594,Gotham Professional Arts Academy,HS,2.8808,25
2017,13K595,Bedford Academy High School,HS,3.83625,24
2017,14K050,J.H.S. 050 John D. Wells,EMS,3.853333333333333,27
2017,13K605,George Westinghouse Career and Technical Education,HS,2.273,30
2017,13K616,Brooklyn High School for Leadership and Community,HST,2.268846153846154,26
2017,13K657,Downtown Brooklyn Yabc,YABC,2.71,20
2017,13K670,Benjamin Banneker Academy,HS,2.7775,24
2017,13K674,"City Polytechnic High School of Engineering, Archi",HS,2.512,30
2017,13K691,Fort Greene Preparatory Academy,EMS,3.1063636363636364,22
2017,14K016,P.S. 016 Leonard Dunkly,EMS,3.39,17
2017,14K017,P.S. 017 Henry D. Woodworth,EMS,3.225,20
2017,14K018,P.S. 018 Edward Bush,EMS,3.4699999999999998,20
2017,14K023,P.S. 023 Carter G. Woodson,EMS,3.6721052631578948,19
2017,14K031,P.S. 031 Samuel F. Dupont,EMS,3.7936363636363635,11
2017,14K034,P.S. 034 Oliver H. Perry,EMS,3.0183333333333335,18
2017,14K059,P.S. 059 William Floyd,EMS,2.3755555555555556,18
2017,14K071,Juan Morel Campos Secondary School,EMS,3.5307407407407405,27
2017,14K071,Juan Morel Campos Secondary School,HS,2.4229032258064516,31
2017,14K084,P.S. 084 Jose De Diego,EMS,2.6739130434782608,23
2017,14K110,P.S. 110 The Monitor,EMS,2.411875,16
2017,14K120,P.S. 120 Carlos Tapia,EMS,2.9555,20
2017,14K126,John Ericsson Middle School 126,EMS,2.63625,24
2017,14K132,P.S. 132 The Conselyea School,EMS,3.9758823529411766,17
2017,14K147,P.S. 147 Isaac Remsen,EMS,3.3805882352941174,17
2017,14K157,P.S./I.S. 157 The Benjamin Franklin Health & Scien,EMS,2.688888888888889,27
2017,14K196,P.S. 196 Ten Eyck,EMS,2.5804761904761904,21
2017,14K250,P.S. 250 George H. Lindsay,EMS,1.843888888888889,18
2017,14K257,P.S. 257 John F. Hylan,EMS,4.1145,20
2017,14K297,P.S. 297 Abraham Stockton,EMS,3.0933333333333333,18
2017,14K318,I.S. 318 Eugenio Maria De Hostos,EMS,2.4430434782608694,23
2017,14K319,P.S. 319,EC,3.45,1
2017,14K380,P.S. 380 John Wayne Elementary,EMS,3.6177272727272727,22
2017,14K414,Brooklyn Arbor Elementary School,EMS,3.079473684210526,19
2017,14K449,"Brooklyn Latin School, The",HS,3.9625,24
2017,14K454,The Williamsburg High School of Art and Technology,HS,3.3156666666666665,30
2017,14K474,PROGRESS High School for Professional Careers,HS,2.8129032258064517,31
2017,14K477,East Williamsburg Scholars Academy,HS,2.6351612903225807,31
2017,14K478,"The High School for Enterprise, Business and Techn",HS,3.2216129032258065,31
2017,14K488,Brooklyn Preparatory High School,HS,3.438,30
2017,14K558,Williamsburg High School for Architecture and Desi,HS,4.152333333333333,30
2017,14K561,Williamsburg Preparatory School,HS,3.9363333333333332,30
2017,14K577,Conselyea Preparatory School,EMS,3.1277777777777778,18
2017,14K586,Lyons Community School,HS,2.6665384615384613,26
2017,14K610,Automotive High School,HS,2.8836666666666666,30
2017,14K614,Young Women's Leadership School of Brooklyn,EMS,2.95,20
2017,14K614,Young Women's Leadership School of Brooklyn,HS,3.811034482758621,29
2017,14K685,El Puente Academy for Peace and Justice,HS,3.6423076923076922,26
2017,14K923,Automotive High School Yabc,YABC,1.9075,24
2017,15K001,P.S. 001 The Bergen,EMS,2.735,22
2017,15K010,"Magnet School of Math, Science and Design Technolo",EMS,3.4536363636363636,11
2017,15K015,P.S. 015 Patrick F. Daly,EMS,1.943529411764706,17
2017,15K024,P.S. 024,EMS,2.573888888888889,18
2017,15K029,P.S. 029 John M. Harrigan,EMS,3.066923076923077,13
2017,15K032,P.S. 032 Samuel Mills Sprole,EMS,2.8586666666666667,15
2017,15K038,P.S. 038 The Pacific,EMS,2.836470588235294,17
2017,15K039,P.S. 039 Henry Bristow,EMS,3.9263636363636363,11
2017,15K051,M.S. 51 William Alexander,EMS,3.5544444444444445,18
2017,15K058,P.S. 058 The Carroll,EMS,3.1161538461538463,13
2017,15K088,J.H.S. 088 Peter Rouget,EMS,3.1524,25
2017,15K094,P.S. 094 The Henry Longfellow,EMS,2.89125,16
2017,15K107,P.S. 107 John W. Kimball,EMS,3.580909090909091,11
2017,15K124,P.S. 124 Silas B. Dutcher,EMS,3.098,20
2017,15K130,P.S. 130 The Parkside,EMS,3.644375,16
2017,15K131,P.S. 131 Brooklyn,EMS,4.062222222222222,18
2017,15K136,I.S. 136 Charles O. Dewey,EMS,2.934074074074074,27
2017,15K146,"The Brooklyn New School, P.S. 146",EMS,3.546666666666667,3
2017,15K154,The Windsor Terrace School,EMS,2.7684615384615383,13
2017,15K169,P.S. 169 Sunset Park,EMS,3.5816666666666666,18
2017,15K172,P.S. 172 Beacon School of Excellence,EMS,4.410714285714286,14
2017,15K230,P.S. 230 Doris L. Cohen,EMS,3.0875,16
2017,15K261,P.S. 261 Philip Livingston,EMS,2.3381818181818184,11
2017,15K321,P.S. 321 William Penn,EMS,3.6708333333333334,12
2017,15K418,The Children's School,EMS,2.71,9
2017,15K423,Brooklyn Frontiers High School,HST,2.9114285714285715,21
2017,15K429,Digital Arts and Cinema Technology High School,HS,3.9733333333333336,30
2017,15K442,M.S. 442 Carroll Gardens School for Innovation,EMS,3.5316666666666667,18
2017,15K443,New Voices School of Academic & Creative Arts,EMS,4.186875,16
2017,15K447,The Math & Science Exploratory School,EMS,4.180588235294118,17
2017,15K448,Brooklyn Secondary School for Collaborative Studie,EMS,3.1485714285714286,7
2017,15K448,Brooklyn Secondary School for Collaborative Studie,HS,3.128,25
2017,15K462,John Jay School for Law,HS,2.4466666666666668,30
2017,15K463,Secondary School for Journalism,HS,2.068,30
2017,15K464,Park Slope Collegiate,EMS,2.9472222222222224,18
2017,15K464,Park Slope Collegiate,HS,2.8176666666666668,30
2017,16K035,M.S. 035 Stephen Decatur,EMS,2.935,24
2017,15K497,The Boerum Hill School for International Studies,EMS,2.930833333333333,24
2017,15K497,The Boerum Hill School for International Studies,HS,1.7826666666666666,30
2017,15K519,Cobble Hill School of American Studies,HS,3.391,30
2017,15K529,West Brooklyn Community High School,HST,3.2428,25
2017,30Q070,P.S. 070,EMS,3.6355,20
2017,15K592,Khalil Gibran International Academy,HS,2.908333333333333,30
2017,15K656,Brooklyn High School of the Arts,HS,2.6535714285714285,28
2017,15K667,Sunset Park High School,HS,3.19,31
2017,15K676,Red Hook Neighborhood School,EMS,2.1245,20
2017,15K684,Millennium Brooklyn HS,HS,4.2864,25
2017,15K698,South Brooklyn Community High School,HST,2.614,25
2017,15K821,Sunset Park Prep,EMS,3.7581481481481482,27
2017,15K839,M.S. 839,EMS,3.57,17
2017,16K005,P.S. 005 Dr. Ronald Mcnair,EMS,3.6189473684210527,19
2017,16K021,P.S. 021 Crispus Attucks,EMS,3.9227777777777777,18
2017,16K025,P.S. 025 Eubie Blake School,EMS,3.7935714285714286,14
2017,16K026,P.S. 026 Jesse Owens,EMS,3.525294117647059,17
2017,16K028,P.S. 028 The Warren Prep Academy,EMS,3.4636842105263157,19
2017,17K354,The School of Integrated Learning,EMS,4.115,24
2017,16K040,P.S. 040 George W. Carver,EMS,4.6000000000000005,19
2017,16K455,Boys and Girls High School,HS,2.843,30
2017,16K057,J.H.S. 057 Whitelaw Reid,EMS,3.0566666666666666,24
2017,16K081,P.S. 081 Thaddeus Stevens,EMS,2.836315789473684,19
2017,16K243,P.S. 243K- The Weeksville School,EMS,3.1229411764705883,17
2017,16K262,P.S. 262 El Hajj Malik El Shabazz Elementary Schoo,EMS,4.17625,16
2017,16K267,"M.S. 267 Math, Science & Technology",EMS,3.256666666666667,24
2017,17K537,High School for Youth and Community Development at,HS,3.205,30
2017,16K308,P.S. 308 Clara Cardwell,EMS,2.2572727272727273,22
2017,16K309,P.S. 309 The George E. Wibecan Preparatory Academy,EMS,2.318,20
2017,16K335,P.S. 335 Granville T. Woods,EMS,2.2111764705882355,17
2017,16K498,Brooklyn High School for Law and Technology,HS,2.751333333333333,30
2017,16K627,Brighter Choice Community School,EMS,2.61,19
2017,16K628,Brooklyn Brownstone School,EMS,2.9630769230769234,13
2017,16K669,Research and Service High School,HST,3.095,26
2017,16K681,Madiba Prep Middle School,EMS,2.3032,25
2017,16K688,The Brooklyn Academy of Global Finance,HS,3.276666666666667,30
2017,16K765,Nelson Mandela High School,HS,2.9556521739130432,23
2017,16K959,BOYS AND GIRLS YABC,YABC,3.5156521739130433,23
2017,17K002,Parkside Preparatory Academy,EMS,3.4196,25
2017,17K006,Norma Adams Clemons Academy,EMS,2.2328571428571427,21
2017,17K012,Dr. Jacqueline Peek-Davis School,EMS,3.648421052631579,19
2017,17K061,M.S. 061 Dr. Gladstone H. Atwell,EMS,2.5120833333333334,24
2017,17K091,P.S. 091 The Albany Avenue School,EMS,4.0464705882352945,17
2017,17K092,P.S. 092 Adrian Hegeman,EMS,2.7331818181818184,22
2017,17K122,Pathways in Technology Early College High School (,HS,3.0516666666666667,30
2017,17K161,P.S. 161 The Crown,EMS,2.4205882352941175,17
2017,17K189,P.S. 189 The Bilingual Center,EMS,3.8033333333333332,24
2017,17K191,P.S. 191 Paul Robeson,EMS,4.388571428571429,14
2017,17K246,M.S. 246 Walt Whitman,EMS,3.785925925925926,27
2017,17K221,P.S. 221 Toussaint L'Ouverture,EMS,2.6136842105263156,19
2017,18K635,Olympus Academy,HST,2.4588,25
2017,17K241,P.S. 241 Emma L. Johnston,EMS,2.872,15
2017,17K249,P.S. 249 The Caton,EMS,4.381875,16
2017,17K289,P.S. 289 George V. Brower,EMS,3.8705263157894736,19
2017,17K316,P.S. 316 Elijah Stroud,EMS,3.0854545454545454,11
2017,17K352,Ebbets Field Middle School,EMS,3.311153846153846,26
2017,17K353,Elijah Stroud Middle School,EMS,3.089583333333333,24
2017,17K375,P.S. 375 Jackie Robinson School,EMS,3.487727272727273,22
2017,18K366,The Science And Medicine Middle School,EMS,2.719130434782609,23
2017,17K382,Academy for College Preparation and Career Explora,EMS,2.101818181818182,22
2017,17K382,Academy for College Preparation and Career Explora,HS,2.866451612903226,31
2017,17K397,P.S. 397 Foster-Laurie,EMS,3.404375,16
2017,17K398,P.S. 398 Walter Weaver,EMS,2.9316666666666666,18
2017,17K399,P.S. 399 Stanley Eugene Clark,EMS,2.1575,20
2017,17K408,Academy of Hospitality and Tourism,HS,3.0693548387096774,31
2017,17K484,Ronald Edmonds Learning Center II,EMS,4.225909090909091,22
2017,17K489,W.E.B. Dubois Academic High School,HST,2.8964,25
2017,17K524,International High School at Prospect Heights,HS,3.9026923076923077,26
2017,17K528,The High School for Global Citizenship,HS,3.0756666666666668,30
2017,17K531,"School for Human Rights, The",EMS,4.172,20
2017,17K531,"School for Human Rights, The",HS,2.9793333333333334,30
2017,17K532,New Bridges Elementary,EMS,3.2994444444444446,18
2017,17K539,High School for Service & Learning at Erasmus,HS,3.0806451612903225,31
2017,17K543,"Science, Technology and Research Early College Hig",EMS,4.171666666666667,18
2017,17K543,"Science, Technology and Research Early College Hig",HS,3.30375,24
2017,17K546,High School for Public Service: Heroes of Tomorrow,HS,3.3128,25
2017,17K547,Brooklyn Academy of Science and the Environment,HS,2.9296774193548387,31
2017,17K548,Brooklyn School for Music & Theatre,HS,2.713,30
2017,17K568,Brownsville Academy High School,HST,3.682916666666667,24
2017,17K590,Medgar Evers College Preparatory School,EMS,3.14,13
2017,17K590,Medgar Evers College Preparatory School,HS,3.120833333333333,24
2017,17K600,Clara Barton High School,HS,2.623548387096774,31
2017,17K646,Aspirations Diploma Plus High School,HST,2.6807692307692306,26
2017,17K705,Brooklyn Arts and Science Elementary School,EMS,1.933,20
2017,17K745,Brooklyn Institute for Liberal Arts,HS,4.400666666666667,30
2017,17K751,Academy for Health Careers,HS,2.867,30
2017,17K770,P.S. 770 New American Academy,EMS,2.164,15
2017,18K068,I.S. 068 Isaac Bildersee,EMS,3.187777777777778,27
2017,18K114,P.S. 114 Ryder Elementary,EMS,3.703888888888889,18
2017,18K115,P.S. 115 Daniel Mucatel School,EMS,2.606842105263158,19
2017,18K135,P.S. 135 Sheldon A. Brookner,EMS,2.065294117647059,17
2017,18K208,P.S. 208 Elsa Ebeling,EMS,2.3982352941176472,17
2017,18K211,I.S. 211 John Wilson,EMS,3.229090909090909,22
2017,18K219,P.S. 219 Kennedy-King,EMS,2.1726315789473682,19
2017,18K233,P.S. 233 Langston Hughes,EMS,2.5023529411764707,17
2017,18K235,P.S. 235 Janice Marie Knight School,EMS,3.6685714285714286,14
2017,18K244,P.S. 244 Richard R. Green,EMS,2.7152631578947366,19
2017,18K268,P.S. 268 Emma Lazarus,EMS,3.0993333333333335,15
2017,18K272,P.S. 272 Curtis Estabrook,EMS,2.661764705882353,17
2017,18K276,P.S. 276 Louis Marshall,EMS,2.4605,20
2017,18K279,P.S. 279 Herman Schreiber,EMS,2.5176470588235293,17
2017,18K285,I.S. 285 Meyer Levin,EMS,3.2495833333333333,24
2017,18K563,It Takes a Village Academy,HS,4.269354838709678,31
2017,18K566,Brooklyn Generation School,HS,2.7953333333333332,30
2017,18K567,Brooklyn Theatre Arts High School,HS,3.0460000000000003,30
2017,18K569,Kurt Hahn Expeditionary Learning School,HS,3.2476000000000003,25
2017,18K576,Victory Collegiate High School,HS,2.6029999999999998,30
2017,18K578,Brooklyn Bridge Academy,HST,3.332692307692308,26
2017,18K581,East Flatbush Community Research School,EMS,3.3908,25
2017,18K588,Middle School for Art and Philosophy,EMS,3.3395833333333336,24
2017,18K598,Middle School of Marketing and Legal Studies,EMS,3.3716,25
2017,18K617,High School for Innovation in Advertising and Medi,HS,2.5438709677419356,31
2017,18K629,Cultural Academy for the Arts and Sciences,HS,2.798,30
2017,18K633,High School for Medical Professions,HS,3.009642857142857,28
2017,18K637,Academy for Conservation and the Environment,HS,3.610333333333333,30
2017,18K642,Urban Action Academy,HS,2.5180645161290323,31
2017,18K673,East Brooklyn Community High School,HST,3.763846153846154,26
2016,12X384,Entrada Academy,EMS,2.37,27
2017,18K763,Brooklyn Science and Engineering Academy,EMS,3.524090909090909,22
2017,18K922,South Shore Educational Complex Yabc,YABC,2.9060869565217393,23
2017,19K007,P.S. 007 Abraham Lincoln,EMS,2.5613636363636365,22
2017,19K013,P.S. 013 Roberto Clemente,EMS,2.94,20
2017,19K065,P.S. 065,EMS,3.59,18
2017,19K089,P.S. 089 Cypress Hills,EMS,3.0384,25
2017,19K108,P.S. 108 Sal Abbracciamento,EMS,4.5440000000000005,20
2017,19K149,P.S. 149 Danny Kaye,EMS,3.0788235294117645,17
2017,19K158,P.S. 158 Warwick,EMS,3.668823529411765,17
2017,19K159,P.S. 159 Isaac Pitkin,EMS,3.2590909090909093,22
2017,19K190,P.S. 190 Sheffield,EMS,2.6342857142857143,14
2017,19K202,P.S. 202 Ernest S. Jenkyns,EMS,2.4986363636363635,22
2017,19K213,P.S. 213 New Lots,EMS,2.159,20
2017,19K214,P.S. 214 Michael Friedsam,EMS,2.7425,20
2017,19K218,J.H.S. 218 James P. Sinnott,EMS,2.8922222222222222,27
2017,19K224,P.S. 224 Hale A. Woodruff,EMS,2.3433333333333333,18
2017,19K273,P.S. 273 Wortman,EMS,2.546842105263158,19
2017,19K290,P.S. 290 Juan Morel Campos,EMS,2.614,20
2017,19K292,J.H.S. 292 Margaret S. Douglas,EMS,3.2324,25
2017,19K306,P.S. 306 Ethan Allen,EMS,3.7622222222222224,18
2017,19K325,The Fresh Creek School,EMS,3.9970588235294118,17
2017,19K328,P.S. 328 Phyllis Wheatley,EMS,2.6627272727272726,22
2017,19K345,P.S. 345 Patrolman Robert Bolden,EMS,2.5526315789473686,19
2017,19K346,P.S. 346 Abe Stark,EMS,2.8741176470588234,17
2017,19K364,I.S. 364 Gateway,EMS,3.0408333333333335,24
2017,19K504,High School for Civil Rights,HS,2.6470967741935483,31
2017,19K404,Academy for Young Writers,EMS,2.3823809523809523,21
2017,19K404,Academy for Young Writers,HS,2.8103333333333333,30
2017,19K409,East New York Family Academy,EMS,3.7981818181818183,22
2017,19K409,East New York Family Academy,HS,3.095,30
2017,19K422,Spring Creek Community School,EMS,3.1504166666666666,24
2017,19K422,Spring Creek Community School,HS,2.514615384615385,13
2017,19K431,Thomas Jefferson Yabc,YABC,2.2578260869565216,23
2017,19K452,Frederick Douglass Academy VIII Middle School,EMS,2.3847619047619046,21
2017,19K501,Franklin K. Lane Campus YABC,YABC,2.7491304347826087,23
2017,19K502,FDNY - Captain Vernon A. Richard High School for F,HS,2.6506666666666665,30
2017,19K507,Performing Arts and Technology High School,HS,3.0766666666666667,30
2017,19K510,World Academy for Total Community Health High Scho,HS,2.796666666666667,30
2017,20K179,P.S. 179 Kensington,EMS,3.386842105263158,19
2017,19K557,Brooklyn Gardens Elementary School,EMS,2.333529411764706,17
2017,19K583,Multicultural High School,HS,3.2625925925925925,27
2017,19K615,Transit Tech Career and Technical Education High S,HS,2.9183333333333334,30
2017,19K618,Academy of Innovative Technology,HS,3.3461290322580646,31
2017,19K639,Brooklyn Lab School,HS,2.851290322580645,31
2017,19K654,Van Siclen Community Middle School,EMS,2.997037037037037,27
2017,19K659,Cypress Hills Collegiate Preparatory School,HS,3.749,30
2017,19K660,W. H. Maxwell Career and Technical Education High,HS,3.6566666666666667,30
2017,19K661,Vista Academy,EMS,2.8432,25
2017,19K662,Liberty Avenue Middle School,EMS,3.2840000000000003,25
2017,19K663,School of the Future Brooklyn,EMS,2.038181818181818,22
2017,19K677,East New York Elementary School of Excellence,EMS,2.361818181818182,22
2017,19K678,East New York Middle School of Excellence,EMS,3.0868,25
2017,19K683,"The School for Classics: An Academy of Thinkers, W",HS,2.9806451612903224,31
2017,19K760,Highland Park Community School,EMS,2.0243478260869567,23
2017,19K764,The Urban Assembly School for Collaborative Health,HS,3.4569565217391305,23
2017,20K030,P.S./I.S. 30 Mary White Ovington,EMS,3.6178260869565215,23
2017,20K048,P.S. 048 Mapleton,EMS,3.788,20
2017,20K062,J.H.S. 062 Ditmas,EMS,3.5884,25
2017,20K069,P.S. 69 Vincent D. Grippo School,EMS,4.308666666666666,15
2017,20K102,P.S. 102 The Bayview,EMS,3.0994444444444444,18
2017,20K104,P.S./I.S. 104 The Fort Hamilton School,EMS,3.435909090909091,22
2017,20K105,P.S. 105 The Blythebourne,EMS,3.510666666666667,15
2017,20K112,P.S. 112 Lefferts Park,EMS,4.15875,16
2017,20K127,P.S. 127 Mckinley Park,EMS,3.559375,16
2017,20K160,P.S. 160 William T. Sampson,EMS,3.9953333333333334,15
2017,20K163,P.S. 163 Bath Beach,EMS,3.562,25
2017,20K164,P.S. 164 Caesar Rodney,EMS,4.242,20
2017,20K170,Ralph A. Fabrizio School,EMS,3.803125,16
2017,20K176,P.S. 176 Ovington,EMS,4.287333333333334,15
2017,20K180,The SEEALL Academy,EMS,3.8830434782608694,23
2017,20K185,P.S. 185 Walter Kassenbrock,EMS,3.267692307692308,13
2017,20K186,P.S. 186 Dr. Irving A Gladstone,EMS,3.4633333333333334,18
2017,20K187,The Christa McAuliffe School\I.S. 187,EMS,4.311428571428571,14
2017,20K192,P.S. 192 - The Magnet School for Math and Science,EMS,4.026666666666666,27
2017,20K200,P.S. 200 Benson School,EMS,2.77,18
2017,20K201,J.H.S. 201 The Dyker Heights,EMS,4.117368421052632,19
2017,20K204,P.S. 204 Vince Lombardi,EMS,4.1117647058823525,17
2017,20K205,P.S. 205 Clarion,EMS,3.7777777777777777,18
2017,20K220,J.H.S. 220 John J. Pershing,EMS,3.59,25
2017,20K223,J.H.S. 223 The Montauk,EMS,3.7992,25
2017,20K227,J.H.S. 227 Edward B. Shallow,EMS,3.009130434782609,23
2017,20K247,P.S. 247 Brooklyn,EMS,4.102142857142857,14
2017,20K259,J.H.S. 259 William Mckinley,EMS,4.083684210526315,19
2017,20K264,P.S. 264 Bay Ridge Elementary School For The Arts,EMS,4.081111111111111,18
2017,20K310,The School For Future Leaders,EMS,4.161333333333333,15
2017,20K445,New Utrecht High School,HS,2.886,30
2017,20K485,High School of Telecommunication Arts and Technolo,HS,3.569,30
2017,20K490,Fort Hamilton High School,HS,2.7946666666666666,30
2017,20K503,P.S. 503: The School of Discovery,EMS,3.264,20
2017,20K505,Franklin Delano Roosevelt High School,HS,3.245,30
2017,20K506,P.S. 506: The School of Journalism & Technology,EMS,3.17,18
2017,20K658,Franklin Delano Roosevelt YABC,YABC,3.2943478260869563,23
2017,20K609,Urban Assembly School for Criminal Justice,EMS,4.303333333333334,21
2017,20K609,Urban Assembly School for Criminal Justice,HS,3.95,29
2017,20K682,The Academy of Talented Scholars,EMS,4.150833333333334,12
2017,20K686,Brooklyn School of Inquiry,EMS,4.351176470588236,17
2017,20K748,P.S. 748 Brooklyn School for Global Scholars,EMS,3.555,14
2017,20K971,"School of Math, Science, and Healthy Living",EMS,3.282777777777778,18
2017,21K090,P.S. 90 Edna Cohen School,EMS,3.515,20
2017,21K095,P.S. 095 The Gravesend,EMS,3.7970833333333336,24
2017,21K096,I.S. 096 Seth Low,EMS,3.607307692307692,26
2017,21K097,P.S. 97 The Highlawn,EMS,3.602222222222222,18
2017,21K098,I.S. 98 Bay Academy,EMS,4.411428571428571,14
2017,21K099,P.S. 099 Isaac Asimov,EMS,3.6043478260869564,23
2017,21K100,P.S. 100 The Coney Island School,EMS,3.55625,16
2017,21K101,P.S. 101 The Verrazano,EMS,4.486,15
2017,21K128,P.S. 128 Bensonhurst,EMS,3.016111111111111,18
2017,21K153,P.S. 153 Homecrest,EMS,3.361666666666667,18
2017,21K177,P.S. 177 The Marlboro,EMS,3.2345,20
2017,21K188,P.S. 188 Michael E. Berdy,EMS,2.6942105263157896,19
2017,21K199,P.S. 199 Frederick Wachtel,EMS,3.4370588235294117,17
2017,21K209,P.S. 209 Margaret Mead,EMS,3.192173913043478,23
2017,21K212,P.S. 212 Lady Deborah Moody,EMS,3.647272727272727,22
2017,21K215,P.S. 215 Morris H. Weiss,EMS,3.375625,16
2017,21K216,P.S. 216 Arturo Toscanini,EMS,3.3935714285714287,14
2017,21K225,P.S. K225 - The Eileen E. Zaglin,EMS,3.408,25
2017,21K228,I.S. 228 David A. Boody,EMS,3.7735,20
2017,21K226,P.S. 226 Alfred De B.Mason,EMS,3.8569565217391304,23
2017,21K238,P.S. 238 Anne Sullivan,EMS,3.0392592592592593,27
2017,21K239,Mark Twain I.S. 239 for the Gifted & Talented,EMS,4.171875,16
2017,21K253,P.S. 253,EMS,4.614375,16
2017,21K281,I.S. 281 Joseph B Cavallaro,EMS,3.904782608695652,23
2017,21K288,P.S. 288 The Shirley Tanyhill,EMS,3.1415384615384614,26
2017,21K303,I.S. 303 Herbert S. Eisenberg,EMS,3.535833333333333,24
2017,21K329,P.S. 329 Surfside,EMS,2.708235294117647,17
2017,21K337,International High School at Lafayette,HS,3.4165384615384617,26
2017,21K344,Rachel Carson High School for Coastal Studies,HS,2.9066666666666667,30
2017,21K348,High School of Sports Management,HS,2.5625806451612902,31
2017,21K410,Abraham Lincoln High School,HS,2.88741935483871,31
2015,12X383,Emolior Academy,EMS,3.3425925925925926,27
2017,21K411,Abraham Lincoln Yabc,YABC,3.2815,20
2017,21K468,Kingsborough Early College School,EMS,3.6704166666666667,24
2017,21K468,Kingsborough Early College School,HS,4.0572,25
2017,21K525,Edward R. Murrow High School,HS,2.551,30
2017,21K559,Life Academy High School for Film and Music,HS,3.269,30
2017,21K572,Expeditionary Learning School for Community Leader,HS,4.315,26
2017,21K620,William E. Grady Career and Technical Education Hi,HS,2.4063333333333334,30
2017,21K690,Brooklyn Studio Secondary School,HS,2.9763333333333333,30
2017,21K690,Brooklyn Studio Secondary School,EMS,3.671304347826087,23
2017,21K728,Liberation Diploma Plus,HST,2.896153846153846,26
2017,22K014,J.H.S. 014 Shell Bank,EMS,3.2319999999999998,25
2017,22K052,P.S. 052 Sheepshead Bay,EMS,2.5476470588235296,17
2017,22K078,J.H.S. 078 Roy H. Mann,EMS,2.5968,25
2017,22K119,P.S. 119 Amersfort,EMS,3.0125,20
2017,22K134,P.S. K134,EMS,4.719285714285714,14
2017,22K139,P.S. 139 Alexine A. Fenty,EMS,2.6865,20
2017,22K152,School of Science & Technology,EMS,2.97,20
2017,22K193,P.S. 193 Gil Hodges,EMS,3.311,20
2017,22K194,P.S. 194 Raoul Wallenberg,EMS,3.0465,20
2017,22K195,P.S. 195 Manhattan Beach,EMS,3.922142857142857,14
2017,22K197,P.S. 197 - The Kings Highway Academy,EMS,3.296111111111111,18
2017,22K198,P.S. 198 Brooklyn,EMS,2.6261111111111113,18
2017,22K203,P.S. 203 Floyd Bennett School,EMS,3.2829411764705885,17
2017,22K207,P.S. 207 Elizabeth G. Leary,EMS,3.287777777777778,18
2017,22K206,P.S. 206 Joseph F Lamb,EMS,3.63,21
2017,22K217,P.S. 217 Colonel David Marcus School,EMS,2.795,16
2017,22K222,P.S. 222 Katherine R. Snyder,EMS,3.9985714285714287,14
2017,22K234,J.H.S. 234 Arthur W. Cunningham,EMS,3.6419047619047618,21
2017,22K236,P.S. 236 Mill Basin,EMS,3.0154545454545456,11
2017,22K240,Andries Hudde,EMS,3.0625925925925928,27
2017,22K251,P.S. 251 Paerdegat,EMS,2.4111764705882353,17
2017,22K254,P.S. 254 Dag Hammarskjold,EMS,3.3793333333333333,15
2017,22K255,P.S. 255 Barbara Reing School,EMS,3.300625,16
2017,22K269,P.S. 269 Nostrand,EMS,3.3265,20
2017,22K277,P.S. 277 Gerritsen Beach,EMS,2.918181818181818,11
2017,22K278,J.H.S. 278 Marine Park,EMS,3.4335,20
2017,22K312,P.S. 312 Bergen Beach,EMS,3.13,13
2017,22K315,P.S. K315,EMS,3.2822727272727272,22
2017,22K326,P.S. 326,EC,3.215,2
2017,22K361,P.S. 361 East Flatbush Early Childhood School,EC,2.5949999999999998,2
2017,22K381,I. S. 381,EMS,3.8116,25
2017,22K405,Midwood High School,HS,3.3420833333333335,24
2017,22K425,James Madison High School,HS,2.921666666666667,30
2017,22K535,Leon M. Goldstein High School for the Sciences,HS,3.6532,25
2017,22K555,Brooklyn College Academy,HS,3.9091666666666667,24
2017,22K611,Origins High School,HS,3.245769230769231,26
2017,22K630,Professional Pathways High School,HST,3.3853846153846154,26
2017,23K041,P.S. 041 Francis White,EMS,2.8116,25
2017,23K137,P.S./I.S. 137 Rachel Jean Mitchell,EMS,2.695,24
2017,23K150,P.S. 150 Christopher,EMS,2.2426315789473685,19
2017,23K155,P.S./ I.S. 155 Nicholas Herkimer,EMS,3.184074074074074,27
2017,23K156,P.S. 156 Waverly,EMS,2.17,19
2017,23K165,P.S. 165 Ida Posner,EMS,3.98625,16
2017,23K178,P.S. 178 Saint Clair Mckelway,EMS,2.6436363636363636,22
2017,23K184,P.S. 184 Newport,EMS,2.556363636363636,22
2017,23K284,"The Gregory Jocko Jackson School of Sports, Art, a",EMS,2.990740740740741,27
2017,23K298,P.S. 298 Dr. Betty Shabazz,EMS,2.6411764705882352,17
2017,23K327,P.S. 327 Dr. Rose B. English,EMS,2.5077777777777777,27
2017,23K363,Brownsville Collaborative Middle School,EMS,3.3695454545454546,22
2017,23K392,I.S. 392,EMS,2.645,20
2017,23K401,Christopher Avenue Community School,EMS,3.04,15
2017,23K446,Riverdale Avenue Community School,EMS,2.2994117647058823,17
2017,23K493,Brooklyn Collegiate: A College Board School,HS,3.3466666666666667,30
2017,23K599,Brooklyn Landmark Elementary School,EMS,4.429285714285714,14
2017,23K514,Frederick Douglass Academy VII High School,HS,2.833666666666667,30
2017,23K518,Kappa V (Knowledge and Power Preparatory Academy),EMS,2.3604166666666666,24
2017,23K522,Mott Hall IV,EMS,3.0008333333333335,24
2017,23K643,Brooklyn Democracy Academy,HST,3.042307692307692,26
2017,23K644,Eagle Academy for Young Men II,EMS,3.4591666666666665,24
2017,23K644,Eagle Academy for Young Men II,HS,3.46,30
2017,23K647,Metropolitan Diploma Plus High School,HST,3.956153846153846,26
2017,23K664,Brooklyn Environmental Exploration School (BEES),EMS,3.615909090909091,22
2017,23K668,Riverdale Avenue Middle School,EMS,2.7091666666666665,24
2017,23K671,Mott Hall Bridges Academy,EMS,3.4725,24
2017,23K697,Teachers Preparatory High School,EMS,2.546818181818182,22
2017,23K697,Teachers Preparatory High School,HS,2.684,30
2017,24Q005,I.S. 5 - The Walter Crowley Intermediate School,EMS,3.4916,25
2017,24Q007,P.S. 007 Louis F. Simeone,EC,3.59,2
2017,24Q012,P.S. 012 James B. Colgate,EMS,3.6799999999999997,20
2017,24Q013,P.S. 013 Clement C. Moore,EMS,2.9195,20
2017,24Q071,P.S. 071 Forest,EMS,2.5978947368421053,19
2017,24Q014,P.S. 014 Fairview,EMS,2.97,20
2017,24Q016,P.S. Q016 The Nancy DeBenedittis School,EMS,2.8205,20
2017,24Q019,P.S. 019 Marino Jeantet,EMS,3.557272727272727,22
2017,24Q028,P.S. 28 - The Thomas Emanuel Early Childhood Cente,EC,3.34,2
2017,24Q058,P.S. 58 - The School of Heroes,EMS,3.9055555555555554,18
2017,24Q061,I.S. 061 Leonardo Da Vinci,EMS,3.4656,25
2017,24Q068,P.S. 068 Cambridge,EMS,3.4025,20
2017,24Q073,I.S. 73 - The Frank Sansivieri Intermediate School,EMS,3.9857692307692307,26
2017,24Q077,I.S. 077,EMS,3.1614814814814816,27
2017,24Q081,P.S. 81Q Jean Paul Richter,EMS,3.8355,20
2017,24Q087,P.S./I.S. 087 Middle Village,EMS,2.9170833333333333,24
2017,24Q088,P.S. 088 Seneca,EMS,2.27,19
2017,24Q089,P.S. 089 Elmhurst,EMS,3.5945454545454547,22
2017,24Q091,P.S. 091 Richard Arkwright,EMS,2.9295,20
2017,24Q102,P.S. 102 Bayview,EMS,3.8852380952380954,21
2017,24Q110,P.S. 110,EMS,3.606875,16
2017,24Q113,P.S./I.S. 113 Anthony J. Pranzo,EMS,3.5376470588235294,17
2017,24Q119,I.S. 119 The Glendale,EMS,3.5829411764705883,17
2017,24Q125,I.S. 125 Thom J. McCann Woodside,EMS,3.4076923076923076,26
2017,24Q128,"P.S. 128 The Lorraine Tuzzo, Juniper Valley Elemen",EMS,3.585625,16
2017,24Q143,P.S. 143 Louis Armstrong,EMS,2.5435,20
2017,24Q153,P.S. 153 Maspeth Elem,EMS,3.2745,20
2017,24Q199,P.S. 199 Maurice A. Fitzgerald,EMS,3.5564999999999998,20
2017,24Q229,P.S. 229 Emanuel Kaplan,EMS,3.223333333333333,18
2017,24Q236,International High School for Health Sciences,HS,2.5,21
2017,24Q264,Academy of Finance and Enterprise,HS,3.9272,25
2017,24Q267,High School of Applied Communication,HS,3.0917241379310347,29
2017,24Q290,A.C.E. Academy for Scholars at the Geraldine Ferra,EMS,3.5454545454545454,11
2017,24Q293,Civic Leadership Academy,HS,3.736923076923077,26
2017,24Q296,Pan American International High School,HS,4.143461538461539,26
2017,25Q107,P.S. 107 Thomas A Dooley,EMS,3.926875,16
2017,24Q299,Bard High School Early College Queens,HS,4.1883333333333335,24
2017,24Q305,Learners and Leaders,EMS,4.077,20
2017,24Q307,Pioneer Academy,EMS,3.714,20
2017,24Q311,Corona Arts & Sciences Academy,EMS,2.838,25
2017,24Q343,The Children's Lab School,EC,3.4450000000000003,2
2017,24Q455,Newtown High School,HS,3.2338709677419355,31
2017,24Q457,H.S. Arts & Business Yabc,YABC,2.436818181818182,22
2017,24Q485,Grover Cleveland High School,HS,2.3558064516129034,31
2017,24Q520,Middle College High School at LaGuardia Community,HS,3.3904761904761904,21
2017,24Q530,International High School at LaGuardia Community C,HS,3.86875,24
2017,24Q550,High School for Arts and Business,HS,3.824,30
2017,24Q560,"Robert F. Wagner, Jr. Secondary School for Arts an",EMS,4.520625,16
2017,24Q560,"Robert F. Wagner, Jr. Secondary School for Arts an",HS,3.482307692307692,26
2017,24Q585,Maspeth High School,HS,4.0424,25
2017,24Q600,Queens Vocational and Technical High School,HS,2.7536666666666667,30
2017,25Q250,I.S. 250 The Robert F. Kennedy Community Middle Sc,EMS,3.0336,25
2017,24Q610,Aviation Career & Technical Education High School,HS,3.9348,25
2017,24Q744,VOYAGES Preparatory,HST,2.8461538461538463,26
2017,24Q877,The 51 Avenue Academy (The Path To Academic Excell,EMS,4.131052631578948,19
2017,25Q020,P.S. 020 John Bowne,EMS,3.5466666666666664,15
2017,25Q021,P.S. 021 Edward Hart,EMS,3.388,15
2017,25Q022,P.S. 022 Thomas Jefferson,EMS,4.335333333333334,15
2017,25Q024,P.S. 024 Andrew Jackson,EMS,4.28,17
2017,25Q025,I.S. 025 Adrien Block,EMS,3.6273684210526316,19
2017,25Q029,P.S. 029 Queens,EMS,3.899,20
2017,25Q032,P.S. 032 State Street,EMS,3.5975,12
2017,25Q079,P.S. 079 Francis Lewis,EMS,3.3407692307692307,13
2017,25Q120,P.S. 120 Queens,EMS,3.605,16
2017,25Q129,P.S. 129 Patricia Larkin,EMS,3.428125,16
2017,25Q154,P.S. 154 Queens,EMS,3.764705882352941,17
2017,25Q163,P.S. 163 Flushing Heights,EMS,3.9376470588235293,17
2017,25Q164,P.S. 164 Queens Valley,EMS,3.1777272727272727,22
2017,25Q165,P.S. 165 Edith K. Bergtraum,EMS,3.7344444444444442,18
2017,25Q169,P.S. 169 Bay Terrace,EMS,3.7025,12
2017,25Q184,P.S. 184 Flushing Manor,EMS,3.621875,16
2017,25Q185,J.H.S. 185 Edward Bleeker,EMS,3.690909090909091,22
2017,25Q189,J.H.S. 189 Daniel Carter Beard,EMS,3.245909090909091,22
2017,25Q193,P.S. 193 Alfred J. Kennedy,EMS,3.4314285714285715,14
2017,25Q200,P.S./M.S. 200 - The Pomonok School & STAR Academy,EMS,2.9391304347826086,23
2017,25Q201,P.S. 201 The Discovery School for Inquiry and Rese,EMS,2.9636842105263157,19
2017,25Q209,P.S. 209 Clearview Gardens,EMS,2.9806666666666666,15
2017,25Q214,P.S. 214 Cadwallader Colden,EMS,3.324,15
2017,25Q252,"Queens School of Inquiry, The",HS,3.9592,25
2017,25Q219,P.S. 219 Paul Klapper,EMS,4.2843478260869565,23
2017,25Q237,I.S. 237,EMS,3.2235,20
2017,25Q240,Veritas Academy,HS,2.85,24
2017,25Q241,Queens High School for Language Studies,HS,4.445,20
2017,25Q242,P.S. 242 Leonard P. Stavisky Early Childhood Schoo,EC,3.495,2
2017,25Q244,The Active Learning Elementary School,EC,3.52,2
2017,25Q252,"Queens School of Inquiry, The",EMS,3.336,20
2017,25Q263,Flushing International High School,HS,3.541153846153846,26
2017,25Q281,East-West School of International Studies,EMS,3.921666666666667,18
2017,25Q281,East-West School of International Studies,HS,3.8503846153846153,26
2017,25Q285,World Journalism Preparatory: A College Board Scho,EMS,3.5461111111111108,18
2017,25Q285,World Journalism Preparatory: A College Board Scho,HS,3.7904,25
2017,25Q294,BELL Academy,EMS,4.341111111111111,18
2017,25Q425,John Bowne High School,HS,2.992258064516129,31
2017,25Q460,Flushing High School,HS,2.243225806451613,31
2017,25Q467,Flushing Yabc,YABC,3.3479166666666664,24
2017,25Q499,"The Queens College School for Math, Science and Te",EMS,4.035,16
2017,25Q525,Townsend Harris High School,HS,4.647916666666667,24
2017,25Q540,Queens Academy High School,HST,2.2846153846153845,26
2017,25Q670,Robert F. Kennedy Community High School,HS,3.0636666666666668,30
2017,25Q792,North Queens Community High School,HST,2.615,26
2017,26Q018,P.S. 018 Winchester,EMS,3.3449999999999998,14
2017,26Q026,P.S. 026 Rufus King,EMS,3.431111111111111,18
2017,26Q031,P.S. 031 Bayside,EMS,3.207333333333333,15
2017,26Q046,P.S. 046 Alley Pond,EMS,3.466875,16
2017,26Q041,P.S. 041 Crocheron,EMS,4.27,11
2017,26Q067,J.H.S. 067 Louis Pasteur,EMS,4.15,16
2017,26Q074,J.H.S. 074 Nathaniel Hawthorne,EMS,3.723333333333333,18
2017,26Q094,P.S. 094 David D. Porter,EMS,4.328461538461538,13
2017,26Q098,P.S. 098 The Douglaston School,EMS,3.38,11
2017,26Q115,The James J. Ambrose School,EMS,3.2181818181818183,11
2017,26Q133,P.S. 133 Queens,EMS,3.7064285714285714,14
2017,26Q158,M.S. 158 Marie Curie,EMS,3.3505555555555557,18
2017,26Q159,P.S. 159,EMS,3.8392857142857144,14
2017,26Q162,P.S. 162 John Golden,EMS,2.868666666666667,15
2017,26Q172,Irwin Altman Middle School 172,EMS,3.7052941176470586,17
2017,26Q173,P.S. 173 Fresh Meadows,EMS,3.910625,16
2017,26Q178,P.S./ IS 178 Holliswood,EMS,3.2976190476190474,21
2017,26Q186,P.S. 186 Castlewood,EMS,3.586153846153846,13
2017,26Q188,P.S. 188 Kingsbury,EMS,3.98,11
2017,26Q191,P.S. 191 Mayflower,EMS,3.716875,16
2017,26Q203,P.S. 203 Oakland Gardens,EMS,4.364285714285715,14
2017,26Q205,P.S. 205 Alexander Graham Bell,EMS,3.263076923076923,13
2017,26Q213,P.S. 213 The Carl Ullman School,EMS,2.9825,12
2017,26Q216,J.H.S. 216 George J. Ryan,EMS,4.235555555555556,18
2017,26Q221,P.S. 221 The North Hills School,EMS,3.31,15
2017,26Q315,Business Technology Early College High School,HS,3.1847368421052633,19
2017,26Q415,Benjamin N. Cardozo High School,HS,2.9144,25
2017,26Q430,Francis Lewis High School,HS,3.2203846153846154,26
2017,26Q435,Martin Van Buren High School,HS,2.7493548387096776,31
2017,26Q495,Bayside High School,HS,4.0476,25
2017,26Q566,"Queens High School of Teaching, Liberal Arts and t",HS,2.940689655172414,29
2017,27Q042,P.S./M.S 042 R. Vernam,EMS,2.8763636363636365,22
2017,27Q045,P.S. 045 Clarence Witherspoon,EMS,2.736666666666667,18
2017,27Q047,P.S. 047 Chris Galas,EMS,4.141176470588236,17
2017,27Q051,P.S. 051,EC,2.37,2
2017,27Q053,M.S. 053 Brian Piccolo,EMS,2.88,25
2017,27Q056,P.S. 056 Harry Eichler,EMS,2.8552631578947367,19
2017,27Q060,P.S. 060 Woodhaven,EMS,4.252941176470588,17
2017,27Q062,P. S. 62 - Chester Park School,EMS,2.865,16
2017,27Q063,P.S. 063 Old South,EMS,3.26,18
2017,27Q064,P.S. 064 Joseph P. Addabbo,EMS,2.87,17
2017,27Q065,P.S. 65 - The Raymond York Elementary School,EMS,3.413333333333333,18
2017,27Q066,P.S. 066 Jacqueline Kennedy Onassis,EMS,3.722777777777778,18
2017,27Q090,P.S. 090 Horace Mann,EMS,3.3205263157894738,19
2017,27Q096,P.S. 096,EMS,3.184285714285714,14
2017,27Q123,P.S. 123,EMS,2.599473684210526,19
2017,27Q097,P.S. 097 Forest Park,EMS,2.867,20
2017,27Q100,P.S. 100 Glen Morris,EMS,3.44,17
2017,27Q104,P.S. 104 The Bays Water,EMS,3.3890000000000002,20
2017,27Q105,P.S. 105 The Bay School,EMS,2.8336363636363635,22
2017,27Q106,Lighthouse Elementary School,EMS,2.795,18
2017,27Q108,P.S. 108 Captain Vincent G. Fowler,EMS,3.414,15
2017,27Q114,P.S./M.S. 114 Belle Harbor,EMS,3.56875,16
2017,27Q124,P.S. 124 Osmond A Church,EMS,2.9608695652173913,23
2017,27Q137,M.S. 137 America's School of Heroes,EMS,3.7117391304347827,23
2017,27Q146,P.S. 146 Howard Beach,EMS,3.4495,20
2017,27Q155,P.S. 155,EMS,3.6233333333333335,15
2017,27Q183,P.S. 183 Dr. Richard R. Green,EMS,3.34125,24
2017,27Q197,P.S. 197 The Ocean School,EMS,3.9065,20
2017,27Q202,J.H.S. 202 Robert H. Goddard,EMS,3.03,21
2017,27Q207,P.S. 207 Rockwood Park,EMS,3.0458823529411765,17
2017,27Q223,P.S. 223 Lyndon B. Johnson,EMS,2.842941176470588,17
2017,27Q226,J.H.S. 226 Virgil I. Grissom,EMS,2.3558333333333334,24
2017,27Q232,P.S. 232 Lindenwood,EMS,3.975,20
2017,27Q253,P.S. 253,EMS,2.8986363636363635,22
2017,27Q254,P.S. 254 - The Rosa Parks School,EMS,2.3388235294117647,17
2017,27Q260,Frederick Douglass Academy VI High School,HS,1.9735483870967743,31
2017,27Q306,New York City Academy for Discovery,EMS,2.7785,20
2017,27Q261,Voyages Prep - South Queens,HST,3.9023076923076925,26
2017,27Q262,Channel View School for Research,HS,3.647,30
2017,27Q262,Channel View School for Research,EMS,2.84,19
2017,27Q273,P.S. 273,EMS,2.961,20
2017,27Q282,Knowledge and Power Preparatory Academy VI,EMS,4.468333333333334,24
2017,27Q297,Hawtree Creek Middle School,EMS,3.0470833333333336,24
2017,27Q302,"Queens High School for Information, Research, and",HS,3.764838709677419,31
2017,27Q308,Robert H. Goddard High School of Communication Art,HS,3.7023076923076923,26
2017,27Q309,Academy of Medical Technology: A College Board Sch,EMS,2.7744,25
2017,27Q309,Academy of Medical Technology: A College Board Sch,HS,2.5219354838709678,31
2017,27Q314,Epic High School - South,HS,2.1054545454545455,22
2017,27Q316,Queens Explorers Elementary School,EC,2.84,2
2017,27Q317,Waterside Children's Studio School,EMS,2.8795,20
2017,27Q318,Waterside School For Leadership,EMS,3.207272727272727,22
2017,27Q319,Village Academy,EMS,3.4144444444444444,27
2017,27Q323,Scholars' Academy,EMS,4.50375,16
2017,27Q323,Scholars' Academy,HS,4.2875,24
2017,27Q324,Rockaway Park High School for Environmental Sustai,HS,2.6189999999999998,30
2017,27Q333,Goldie Maple Academy,EMS,2.720555555555556,18
2017,27Q334,Epic High School - North,HS,2.3631818181818183,22
2017,27Q351,Rockaway Collegiate High School,HS,2.0776666666666666,30
2017,27Q362,Wave Preparatory Elementary School,EMS,4.074,20
2017,27Q400,August Martin High School,HS,3.013,30
2017,27Q480,John Adams High School,HS,3.4587096774193546,31
2017,27Q650,"High School for Construction Trades, Engineering a",HS,3.8156,25
2017,28Q008,J.H.S. 008 Richard S. Grossley,EMS,3.194,25
2017,28Q040,P.S. 040 Samuel Huntington,EMS,3.211578947368421,19
2017,28Q048,P.S. 048 William Wordsworth,EMS,3.4415,20
2017,28Q050,P.S. 050 Talfourd Lawn Elementary School,EMS,3.3705882352941177,17
2017,28Q054,P.S. 054 Hillside,EMS,2.673,20
2017,28Q055,P.S. 055 Maure,EMS,2.9216666666666664,18
2017,28Q072,Catherine & Count Basie Middle School 72,EMS,2.54125,24
2017,28Q080,PS 80  The Thurgood Marshall Magnet School of Mult,EMS,2.7047368421052633,19
2017,28Q082,P.S. 082 Hammond,EMS,3.2845,20
2017,28Q086,P.S. Q086,EMS,3.342,20
2017,28Q099,P.S. 099 Kew Gardens,EMS,4.047142857142857,21
2017,28Q101,P.S. 101 School in the Gardens,EMS,3.5446153846153847,13
2017,28Q117,P.S. 117 J. Keld / Briarwood School,EMS,2.751176470588235,17
2017,28Q121,P.S. 121 Queens,EMS,2.9690909090909092,11
2017,28Q139,P.S. 139 Rego Park,EMS,2.94,17
2017,28Q140,P.S. 140 Edward K Ellington,EMS,3.730909090909091,11
2017,28Q144,P.S. 144 Col Jeromus Remsen,EMS,2.9563636363636365,11
2017,28Q157,J.H.S. 157 Stephen A. Halsey,EMS,3.8088888888888888,18
2017,28Q157,J.H.S. 157 Stephen A. Halsey,HS,3.594,5
2017,28Q160,P.S. 160 Walter Francis Bishop,EMS,2.5183333333333335,18
2017,28Q161,P.S. 161 Arthur Ashe School,EMS,3.95,15
2017,29Q136,P.S. 136 Roy Wilkins,EMS,2.5976470588235294,17
2017,28Q167,Metropolitan Expeditionary Learning School,EMS,2.4222727272727274,22
2017,28Q167,Metropolitan Expeditionary Learning School,HS,3.7644827586206895,29
2017,28Q174,P.S. 174 William Sidney Mount,EMS,2.4566666666666666,15
2017,28Q175,P.S. 175 The Lynn Gross Discovery School,EMS,2.622,15
2017,28Q182,P.S. 182 Samantha Smith,EMS,2.9165,20
2017,28Q190,J.H.S. 190 Russell Sage,EMS,3.0936842105263156,19
2017,28Q196,P.S. 196 Grand Central Parkway,EMS,4.3244444444444445,9
2017,28Q206,P.S. 206 The Horace Harding School,EMS,2.577058823529412,17
2017,28Q220,P.S. 220 Edward Mandel,EMS,2.291875,16
2017,28Q217,J.H.S. 217 Robert A. Van Wyck,EMS,3.5468,25
2017,28Q284,York Early College Academy,EMS,3.9475,16
2017,28Q284,York Early College Academy,HS,4.012608695652174,23
2017,28Q287,The Emerson School,EMS,2.8644444444444446,27
2017,28Q303,The Academy for Excellence through the Arts,EC,3.45,2
2017,28Q310,Queens Collegiate: A College Board School,EMS,3.2128571428571426,21
2017,28Q310,Queens Collegiate: A College Board School,HS,2.854285714285714,28
2017,28Q312,Jamaica Children's School,EC,3.265,2
2017,28Q325,Hillside Arts & Letters Academy,HS,3.9446666666666665,30
2017,28Q328,High School for Community Leadership,HS,4.431379310344828,29
2017,28Q332,Redwood Middle School,EMS,3.475416666666667,24
2017,28Q338,Queens Satellite High School for Opportunity,HST,2.642857142857143,21
2017,28Q349,The Queens School for Leadership and Excellence,EC,2.58,2
2017,28Q350,Jamaica Gateway to the Sciences,HS,3.4966666666666666,30
2017,28Q354,The Jermaine L. Green STEM Institute of Queens,EMS,2.8813333333333335,15
2017,28Q358,M.S. 358,EMS,3.333076923076923,26
2017,28Q440,Forest Hills High School,HS,3.1156,25
2017,28Q505,Hillcrest High School,HS,2.9474193548387095,31
2017,28Q620,Thomas A. Edison Career and Technical Education Hi,HS,3.444,25
2017,28Q680,Queens Gateway to Health Sciences Secondary School,EMS,4.16125,16
2017,28Q680,Queens Gateway to Health Sciences Secondary School,HS,3.904166666666667,24
2017,28Q686,Queens Metropolitan High School,HS,3.2953846153846156,26
2017,28Q687,Queens High School for the Sciences at York Colleg,HS,4.594347826086957,23
2017,28Q690,High School for Law Enforcement and Public Safety,HS,2.942,30
2017,28Q896,"Young Women's Leadership School, Queens",EMS,3.5475,16
2017,28Q896,"Young Women's Leadership School, Queens",HS,4.104137931034483,29
2017,84K333,Explore Exceed Charter School,EMS,3.555833333333333,24
2017,29Q208,P.S./I.S. 208,EMS,2.6604545454545456,22
2017,29Q015,P.S. 015 Jackie Robinson,EMS,2.2026315789473685,19
2017,29Q033,P.S. 033 Edward M. Funk,EMS,2.225,16
2017,29Q034,P.S. 034 John Harvard,EMS,3.2394736842105263,19
2017,29Q035,P.S. 035 Nathaniel Woodhull,EMS,2.7615,20
2017,29Q036,P.S. 036 Saint Albans School,EMS,2.0288235294117647,17
2017,29Q037,Cynthia Jenkins School,EMS,2.11,17
2017,29Q038,P.S. 038 Rosedale,EMS,2.925294117647059,17
2017,29Q052,P.S. 052 Queens,EMS,2.29,19
2017,29Q059,I.S. 059 Springfield Gardens,EMS,2.8620833333333335,24
2017,29Q095,P.S. 095 Eastwood,EMS,2.6557142857142857,14
2017,29Q109,Jean Nuzzi Intermediate School,EMS,2.8552173913043477,23
2017,29Q116,P.S./I.S. 116 William C. Hughley,EMS,2.5688,25
2017,29Q118,P.S. 118 Lorraine Hansberry,EMS,2.665294117647059,17
2017,29Q131,P.S. 131 Abigail Adams,EMS,4.09375,16
2017,29Q132,P.S. 132 Ralph Bunche,EMS,2.5629411764705883,17
2017,29Q134,P.S. 134 Hollis,EMS,2.346,20
2017,29Q135,The Bellaire School,EMS,2.5294736842105263,19
2017,29Q138,P.S./M.S. 138 Sunrise,EMS,2.9127272727272726,22
2017,29Q147,P.S./M.S. 147 Ronald McNair,EMS,1.845,22
2017,29Q156,P.S. 156 Laurelton,EMS,1.8494117647058823,17
2017,29Q176,P.S. 176 Cambria Heights,EMS,2.466153846153846,13
2017,29Q181,P.S. 181 Brookfield,EMS,3.37,17
2017,29Q192,I.S. 192 The Linden,EMS,2.96,22
2017,29Q195,P.S. 195 William Haberle,EMS,1.8929411764705881,17
2017,29Q270,The Gordon Parks School,EMS,2.4633333333333334,21
2017,29Q238,I.S. 238 - Susan B. Anthony Academy,EMS,2.5654166666666667,24
2017,29Q243,Institute for Health Professions at Cambria Height,HS,3.933157894736842,19
2017,29Q248,Queens Preparatory Academy,HS,3.041333333333333,30
2017,29Q251,P.S. 251 Queens,EMS,2.848235294117647,17
2017,29Q259,Pathways College Preparatory School: A College Boa,EMS,2.9625,24
2017,29Q259,Pathways College Preparatory School: A College Boa,HS,2.0073333333333334,30
2017,29Q265,Excelsior Preparatory High School,HS,3.5248275862068965,29
2017,29Q268,P.S./I.S. 268,EMS,2.4956,25
2017,29Q272,George Washington Carver High School for the Scien,HS,3.014666666666667,30
2017,29Q283,Preparatory Academy for Writers: A College Board S,EMS,3.2814285714285716,21
2017,29Q283,Preparatory Academy for Writers: A College Board S,HS,2.787777777777778,27
2017,29Q289,Queens United Middle School,EMS,2.0115,20
2017,29Q313,Benjamin Franklin High School for Finance & Inform,HS,3.05,23
2017,30Q010,I.S. 010 Horace Greeley,EMS,3.794,25
2017,29Q326,Cambria Heights Academy,HS,3.111666666666667,30
2017,29Q327,Eagle Academy for Young Men III,EMS,2.955,22
2017,29Q327,Eagle Academy for Young Men III,HS,2.9988,25
2017,29Q355,Collaborative Arts Middle School,EMS,2.3420833333333335,24
2017,29Q356,Community Voices Middle School,EMS,2.596363636363636,22
2017,29Q360,P.S. 360,EC,3.49,2
2017,29Q492,"Mathematics, Science Research and Technology Magne",HS,2.467,30
2017,29Q498,Humanities & Arts Magnet High School,HS,3.0236666666666667,30
2017,30Q002,P.S. 002 Alfred Zimberg,EMS,3.9344444444444444,18
2017,30Q011,P.S. 011 Kathryn Phelan,EMS,3.6945454545454544,22
2017,30Q017,P.S. 017 Henry David Thoreau,EMS,3.004,20
2017,30Q069,P.S. 069 Jackson Heights,EMS,3.685,16
2017,30Q076,P.S. 076 William Hallet,EMS,3.544090909090909,22
2017,30Q084,P.S. 084 Steinway,EMS,3.2007692307692306,13
2017,30Q092,P.S. 092 Harry T. Stewart Sr.,EMS,3.735,20
2017,30Q111,P.S. 111 Jacob Blackwell,EMS,2.6795999999999998,25
2017,30Q112,P.S. 112 Dutch Kills,EMS,2.6742105263157896,19
2017,30Q122,P.S. 122 Mamie Fay,EMS,4.128235294117647,17
2017,30Q126,Albert Shanker School for Visual and Performing Ar,EMS,3.0384615384615383,26
2017,30Q127,P.S. 127 Aerospace Science Magnet School,EMS,3.17,27
2017,30Q141,I.S. 141 The Steinway,EMS,3.7916666666666665,18
2017,30Q145,I.S. 145 Joseph Pulitzer,EMS,3.7336,25
2017,30Q148,P.S. 148 Queens,EMS,3.0060000000000002,20
2017,30Q149,P.S. 149 Christa Mcauliffe,EMS,2.9472222222222224,18
2017,30Q150,P.S. 150 Queens,EMS,3.6975,16
2017,30Q151,P.S. 151 Mary D. Carter,EMS,3.3785,20
2017,30Q152,P.S. 152 Gwendoline N. Alleyne School,EMS,4.014,15
2017,30Q166,P.S. 166 Henry Gradstein,EMS,3.1653333333333333,15
2017,30Q171,P.S. 171 Peter G. Van Alst,EMS,2.772,20
2017,30Q204,I.S. 204 Oliver W. Holmes,EMS,2.9651851851851854,27
2017,30Q222,P.S. Q222 - Fire Fighter Christopher A. Santora Sc,EC,3.375,2
2017,30Q227,I.S. 227 Louis Armstrong,EMS,4.31,18
2017,30Q228,P.S. 228 Early Childhood Magnet School of the Arts,EC,3.1550000000000002,2
2017,30Q230,I.S. 230,EMS,3.824,25
2017,30Q235,Academy for New Americans,EMS,3.4963157894736843,19
2017,30Q258,Energy Tech High School,HS,4.055217391304348,23
2017,30Q280,P.S. 280,EMS,3.4927777777777775,18
2017,30Q286,"Young Women's Leadership School, Astoria",EMS,3.6375,16
2017,30Q286,"Young Women's Leadership School, Astoria",HS,4.04,24
2017,30Q291,Hunters Point Community Middle School,EMS,4.263333333333334,18
2017,30Q300,The 30th Avenue School (G&T Citywide),EMS,4.432857142857143,14
2017,30Q301,Academy for Careers in Television and Film,HS,4.45896551724138,29
2017,30Q361,The Woodside Community School,EC,3.74,2
2017,30Q445,William Cullen Bryant High School,HS,2.5135483870967743,31
2017,30Q450,Long Island City High School,HS,2.495483870967742,31
2017,30Q501,Frank Sinatra School of the Arts High School,HS,3.7264,25
2017,30Q502,Information Technology High School,HS,2.773,30
2017,30Q555,Newcomers High School,HS,3.4617241379310344,29
2017,30Q575,Academy of American Studies,HS,3.4632,25
2017,30Q580,Baccalaureate School for Global Education,EMS,4.800769230769231,13
2017,30Q580,Baccalaureate School for Global Education,HS,4.359166666666667,24
2017,31R001,P.S. 001 Tottenville,EMS,3.439230769230769,13
2017,31R002,I.S. R002 George L. Egbert,EMS,3.02625,24
2017,31R038,P.S. 038 George Cromwell,EMS,2.5709999999999997,20
2017,31R003,P.S. 003 The Margaret Gioiosa School,EMS,3.38,12
2017,31R004,P.S. 004 Maurice Wollin,EMS,3.67625,16
2017,31R005,P.S. 005 Huguenot,EMS,4.286363636363636,11
2017,31R006,P.S. 6 Corporal Allan F. Kivlehan School,EMS,3.312666666666667,15
2017,31R007,I.S. 007 Elias Bernstein,EMS,3.82,16
2017,31R008,P.S. 8 Shirlee Solomon,EMS,3.1961538461538463,13
2017,31R010,Fort Hill Collaborative Elementary School,EC,2.03,2
2017,31R011,P.S. 11 Thomas Dongan School,EMS,3.2645454545454546,22
2017,31R013,P.S. 013 M. L. Lindemeyer,EMS,3.123,20
2017,31R016,P.S. 016 John J. Driscoll,EMS,2.7304761904761903,21
2017,31R018,P.S. 018 John G. Whittier,EMS,3.0689473684210524,19
2017,31R019,P.S. 019 The Curtis School,EMS,2.3575,20
2017,31R020,P.S. 020 Port Richmond,EMS,3.6705,20
2017,31R021,P.S. 21 Margaret Emery-Elm Park,EMS,3.2015,20
2017,31R022,P.S. 022 Graniteville,EMS,3.4315,20
2017,31R023,P.S. 023 Richmondtown,EMS,3.7823076923076924,13
2017,31R024,I.S. 024 Myra S. Barnes,EMS,3.035,18
2017,31R026,P.S. 026 The Carteret School,EMS,3.9346666666666668,15
2017,31R027,I.S. 027 Anning S. Prall,EMS,3.3433333333333333,24
2017,31R028,The Eagle Academy for Young Men of Staten Island,EMS,2.8358333333333334,24
2017,31R029,P.S. 029 Bardwell,EMS,2.8946666666666667,15
2017,31R030,P.S. 030 Westerleigh,EMS,3.1,14
2017,31R031,P.S. 031 William T. Davis,EMS,2.251176470588235,17
2017,31R032,P.S. 032 The Gifford School,EMS,3.1713333333333336,15
2017,31R034,I.S. 034 Tottenville,EMS,3.9094444444444445,18
2017,31R035,P.S. 35 The Clove Valley School,EMS,4.341538461538462,13
2017,31R036,P.S. 036 J. C. Drumgoole,EMS,2.8825,12
2017,31R039,P.S. 39 Francis J. Murphy Jr.,EMS,3.151666666666667,18
2017,31R041,The Stephanie A. Vierno School,EMS,3.0877777777777777,18
2017,31R042,P.S. 042 Eltingville,EMS,3.2093333333333334,15
2017,31R044,P.S. 044 Thomas C. Brown,EMS,3.03,19
2017,31R045,P.S. 045 John Tyler,EMS,2.707,20
2017,31R046,P.S. 046 Albert V. Maniscalco,EMS,2.7335,20
2017,31R047,CSI High School for International Studies,HS,4.4172,25
2017,31R048,P.S. 048 William G. Wilcox,EMS,3.7,18
2017,31R078,P.S. 78,EMS,2.5176470588235293,17
2017,31R050,P.S. 050 Frank Hankinson,EMS,3.7853846153846153,13
2017,31R051,I.S. 051 Edwin Markham,EMS,2.6325000000000003,24
2017,31R052,P.S. 052 John C. Thompson,EMS,3.316666666666667,18
2017,31R053,The Barbara Esselborn School,EMS,3.5353846153846153,13
2017,31R080,The Michael J. Petrides School,HS,2.8572,25
2017,31R054,P.S. 054 Charles W. Leng,EMS,3.8211764705882354,17
2017,31R055,P.S. 055 Henry M. Boehm,EMS,2.6546153846153846,13
2017,31R056,P.S. 56 The Louis Desario School,EMS,3.01,14
2017,31R057,P.S. 057 Hubert H. Humphrey,EMS,2.8194117647058823,17
2017,31R058,Space Shuttle Columbia School,EMS,3.228823529411765,17
2017,31R060,P.S. 060 Alice Austen,EMS,1.9942105263157894,19
2017,31R061,I.S. 061 William A Morris,EMS,2.854814814814815,27
2017,31R062,The Kathleen Grimm School for Leadership and Susta,EC,3.24,2
2017,31R063,Marsh Avenue School for Expeditionary Learning,EMS,3.766111111111111,18
2017,31R064,Gaynor McCown Expeditionary Learning School,HS,2.8856,25
2017,31R065,P.S. 65 The Academy of Innovative Learning,EMS,4.21,17
2017,31R068,Port Richmond School for Visionary Learning,EC,2.45,1
2017,31R069,P.S. 069 Daniel D. Tompkins,EMS,2.888125,16
2017,31R072,I.S. 072 Rocco Laurie,EMS,3.161363636363636,22
2017,31R074,P.S. 74 Future Leaders Elementary School,EMS,3.5318181818181817,22
2017,31R075,I.S. 075 Frank D. Paulo,EMS,3.491,20
2017,31R080,The Michael J. Petrides School,EMS,4.1635,20
2017,31R445,Port Richmond High School,HS,2.65,30
2017,31R450,Curtis High School,HS,2.5403333333333333,30
2017,31R455,Tottenville High School,HS,2.8676,25
2017,84K730,Summit Academy Charter School,HS,2.587241379310345,29
2017,31R460,Susan E. Wagner High School,HS,2.8644827586206896,29
2017,31R470,Concord High School,HST,3.22,26
2017,31R600,Ralph R. McKee Career and Technical Education High,HS,2.6863333333333332,30
2017,31R605,Staten Island Technical High School,HS,4.484166666666667,24
2017,31R607,Staten Island Yabc,YABC,2.9704545454545452,22
2017,31R861,Staten Island School of Civic Leadership,EMS,3.7104347826086954,23
2017,32K045,P.S./I.S. 045 Horace E. Greene,EMS,3.0028,25
2017,32K075,P.S. 075 Mayda Cortiella,EMS,2.8365,20
2017,32K086,P.S. 086 The Irvington,EMS,3.866111111111111,18
2017,32K347,I.S. 347 School of Humanities,EMS,2.5344444444444445,27
2017,32K106,P.S. 106 Edward Everett Hale,EMS,3.117272727272727,22
2017,84M329,Harlem Link Charter School,EMS,2.3453333333333335,15
2017,32K116,P.S. 116 Elizabeth L Farrell,EMS,2.9294444444444445,18
2017,32K123,P.S. 123 Suydam,EMS,2.7235,20
2017,32K145,P.S. 145 Andrew Jackson,EMS,2.46,20
2017,32K151,P.S. 151 Lyndon B. Johnson,EMS,3.9244444444444446,18
2017,32K162,J.H.S. 162 The Willoughby,EMS,3.4407407407407407,27
2017,32K168,The Brooklyn School for Math and Research,HS,3.8926666666666665,30
2017,32K274,P.S. 274 Kosciusko,EMS,2.736,20
2017,32K291,J.H.S. 291 Roland Hayes,EMS,3.282962962962963,27
2017,32K299,P.S. 299 Thomas Warren Field,EMS,2.9185,20
2017,32K349,"I.S. 349 Math, Science & Tech.",EMS,3.138,25
2017,32K377,P.S. 377 Alejandrina B. De Gautier,EMS,2.1737037037037035,27
2017,32K383,J.H.S. 383 Philippa Schuyler,EMS,2.9309523809523808,21
2017,32K384,P.S. /I.S. 384 Frances E. Carter,EMS,2.97,24
2017,32K403,Academy for Environmental Leadership,HS,3.454516129032258,31
2017,32K545,EBC High School for Public Service - Bushwick,HS,3.428709677419355,31
2017,32K549,The Brooklyn School for Social Justice,HS,3.1232258064516127,31
2017,32K552,The Academy of Urban Planning and Engineering,HS,3.972258064516129,31
2017,32K554,All City Leadership Secondary School,EMS,4.325384615384616,13
2017,32K554,All City Leadership Secondary School,HS,4.172962962962963,27
2017,32K556,Bushwick Leaders High School for Academic Excellen,HS,3.016774193548387,31
2017,32K562,Evergreen Middle School for Urban Exploration,EMS,2.9755555555555557,27
2017,32K564,Bushwick Community High School,HST,2.995,26
2017,75K004,P.S. K004,D75,3.3566666666666665,3
2017,75K036,P.S. 36,D75,3.953333333333333,3
2017,75K053,P.S. K053,D75,3.51,3
2017,75K369,P.S. K369 - Coy L. Cox School,D75,3.7066666666666666,3
2017,75K370,P.S. 370,D75,3.1066666666666665,3
2017,75K371,P.S. 371 - Lillian L. Rashkis,D75,2.9,3
2017,75K372,P.S. 372 -The Children's School,D75,3.82,3
2017,75K373,P.S. 373 - Brooklyn Transition Center,D75,2.7866666666666666,3
2017,75K396,P.S. K396,D75,3.1066666666666665,3
2017,75K721,P.S. K721 - Brooklyn Occupational Training Center,D75,2.3666666666666667,3
2017,75K753,P.S. K753 - School for Career Development,D75,3.27,3
2017,75K771,P.S. K771,D75,3.25,3
2017,75K811,P.S. K811 Connie Lekas School,D75,2.6233333333333335,3
2017,75M079,P.S. M079 - Horan School,D75,2.9533333333333336,3
2017,75M094,P.S. M094,D75,3.7366666666666664,3
2017,75M138,P.S. 138,D75,3.3533333333333335,3
2017,75M169,P.S. M169 - Robert F. Kennedy,D75,4.486666666666666,3
2017,75M721,P.S. M721 - Manhattan Occupational Training Center,D75,2.5733333333333333,3
2017,75M751,Manhattan School for Career Development,D75,2.5833333333333335,3
2017,75M811,P.S. M811 - Mickey Mantle School,D75,3.7666666666666666,3
2017,75Q004,P.S. Q004,D75,4.3,3
2017,75Q023,P.S. Q023 @ Queens Children Center,D75,4.253333333333334,3
2017,75Q075,Robert E. Peary School,D75,3.77,3
2017,75Q177,P.S. Q177,D75,2.4966666666666666,3
2017,75Q224,P.S. Q224,D75,4.053333333333333,3
2017,75Q721,John F. Kennedy Jr. School,D75,2.4066666666666667,3
2017,75Q752,Queens Transition Center,D75,2.236666666666667,3
2017,75Q811,P.S. Q811,D75,2.6233333333333335,3
2017,75R025,South Richmond High School I.S./P.S. 25,D75,3.5,3
2017,75R037,P.S. R037,D75,3.143333333333333,3
2017,75R373,P.S. R373,D75,3.88,3
2017,75R721,The Richard H. Hungerford School,D75,2.7466666666666666,3
2017,75X012,P.S. X012 Lewis and Clark School,D75,2.5033333333333334,3
2017,75X017,P.S. X017,D75,3.5033333333333334,3
2017,75X168,P.S. 168,D75,3.683333333333333,3
2017,75X176,P.S. X176,D75,3.32,3
2017,75X186,P186X Walter J. Damrosch School,D75,3.37,3
2017,75X188,P.S. X188,D75,3.38,3
2017,75X352,The Vida Bogart School for All Children,D75,3.736666666666667,3
2017,75X469,P469X - The Bronx School for Continuous Learners,D75,4.12,3
2017,75X721,P.S. X721 - Stephen McSweeney School,D75,2.4566666666666666,3
2017,75X723,P.S. 723,D75,3.8633333333333333,3
2017,75X754,J. M. Rapport School Career Development,D75,2.586666666666667,3
2017,84K037,Beginning with Children Charter School II,EMS,3.474,15
2017,84K125,Success Academy Charter School - Bed-Stuy 2,EMS,4.417777777777778,9
2017,84K129,Success Academy Charter School - Cobble Hill,EMS,4.21,10
2017,84K182,Success Academy Charter School - Williamsburg,EMS,4.636153846153847,13
2017,84K355,Williamsburg Collegiate Charter School,EMS,4.117142857142857,21
2017,84K356,Achievement First Crown Heights Charter School,EMS,3.877857142857143,14
2017,84K356,Achievement First Crown Heights Charter School,HS,2.7326315789473683,19
2017,84K357,KIPP AMP Charter School,EMS,3.36,22
2017,84K357,KIPP AMP Charter School,HS,3.435,30
2017,84K358,Achievement First East New York Charter School,EMS,4.085833333333333,12
2017,84K358,Achievement First East New York Charter School,HS,2.714166666666667,12
2017,84K417,Urban Dove Charter School,HST,2.2217391304347824,23
2017,84K359,The Uft Charter School,HS,3.213793103448276,29
2017,84K360,Launch Expeditionary Learning Charter School,EMS,3.0595454545454546,22
2017,84K362,Hellenic Classical Charter School,EMS,3.37,16
2017,84K367,Success Academy Charter School - Bed-Stuy 1,EMS,4.398461538461539,13
2017,84K379,Explore Excel Charter School,EMS,3.9132000000000002,25
2017,84K386,Invictus Preparatory Charter School,EMS,2.473684210526316,19
2017,84K395,New Visions A.I.M. Charter High School I,HST,1.8055555555555556,18
2017,84K406,"EMBER Charter School for Mindful Education, Innova",EMS,2.925,16
2017,84K473,Williamsburg Charter High School,HS,2.253,30
2017,84K486,New Dawn Charter High School,HST,3.0312,25
2017,84K508,Achievement First Endeavor Charter School,EMS,3.812307692307692,13
2017,84K508,Achievement First Endeavor Charter School,HS,2.446111111111111,18
2017,84K517,Leadership Prep Bedford Stuyvesant Uncommon Prep C,EMS,3.7252941176470586,17
2017,84K517,Leadership Prep Bedford Stuyvesant Uncommon Prep C,HS,2.4955555555555557,18
2017,84K536,Community Roots Charter School,EMS,3.4419999999999997,20
2017,84K538,Achievement First Bushwick Charter School,EMS,4.3100000000000005,17
2017,84K538,Achievement First Bushwick Charter School,HS,2.703529411764706,17
2017,84K593,Excellence Boys Charter School,EMS,3.6642105263157894,19
2017,84K608,Kings Collegiate Charter School,EMS,4.159,20
2017,84K626,Achievement First Brownsville Charter School,EMS,3.775714285714286,14
2017,84K626,Achievement First Brownsville Charter School,HS,2.26,6
2017,84K648,Bedford Stuyvesant Collegiate Charter School,EMS,4.198636363636363,22
2017,84K649,La Cima Charter School,EMS,1.9233333333333333,15
2017,84K651,PAVE Academy Charter School,EMS,3.524782608695652,23
2017,84K652,Brooklyn Ascend Charter School,EMS,4.317,20
2017,84K757,Unity Prep Charter School,EMS,2.6304166666666666,24
2017,84K652,Brooklyn Ascend Charter School,HS,2.8908333333333336,12
2017,84K680,Achievement First Aspire Charter School,EMS,3.9275,12
2017,84K689,Citizens of the World Charter School 1 Williamsbur,EMS,3.2323529411764707,17
2017,84K692,Citizens of the World Charter School New York 2 Cr,EMS,2.944375,16
2017,84K693,Northside Charter High School,HS,2.4323333333333332,30
2017,84K701,Brooklyn Charter School,EMS,3.6766666666666667,15
2017,84K702,Community Partnership Charter School,EMS,2.52875,16
2017,84K704,Explore Charter School,EMS,3.4125,20
2017,84K707,Brooklyn Prospect Charter School,EMS,3.8427777777777776,18
2017,84K707,Brooklyn Prospect Charter School,HS,2.724285714285714,28
2017,84K710,Brownsville Collegiate Charter School,EMS,3.686666666666667,24
2017,84K711,Leadership Preparatory Brownsville Charter School,EMS,3.85,20
2017,84K712,Excellence Girls Charter School,EMS,3.1975,16
2017,84K712,Excellence Girls Charter School,HS,2.7794736842105263,19
2017,84K724,Leadership Prep Canarsie Charter School (Leadershi,EMS,3.9625,20
2017,84K730,Summit Academy Charter School,EMS,3.56,25
2017,84K731,Brooklyn Excelsior Charter School,EMS,3.8963636363636365,22
2017,84K733,"Math, Engineering, and Science Academy Charter Hig",HS,3.8855,20
2017,84K736,New American Academy Charter School,EMS,3.250625,16
2017,84K737,Brownsville Ascend Charter School,EMS,3.2795,20
2017,84K738,New Visions Charter High School for Advanced Math,HS,3.4968,25
2017,84K739,New Visions Charter High School for the Humanities,HS,2.4036,25
2017,84K740,Brooklyn Scholars Charter School,EMS,2.585,20
2017,84K741,Success Academy Crown Heights (Brooklyn 7),EMS,4.531111111111111,9
2017,84K742,Explore Empower Charter School,EMS,3.6886363636363635,22
2017,84K744,Coney Island Preparatory Public Charter School,EMS,4.0408333333333335,24
2017,84K744,Coney Island Preparatory Public Charter School,HS,3.2705,20
2017,84K746,Hebrew Language Academy Charter School,EMS,2.6094736842105264,19
2017,84K752,Success Academy Fort Greene (Brooklyn 5),EMS,4.332222222222223,9
2017,84K756,Success Academy Prospect Heights (Brooklyn 6),EMS,3.9722222222222223,9
2017,84K757,Unity Prep Charter School,HS,2.5749999999999997,10
2017,84K758,Brooklyn Urban Garden Charter School,EMS,3.457,20
2017,84K759,Canarsie Ascend Charter School,EMS,4.280714285714286,14
2017,84K766,The International Charter School of New York,EC,3.375,2
2017,84K769,Hyde Leadership Charter School- Brooklyn,EMS,3.6057894736842107,19
2017,84K774,Achievement First Apollo Charter School,EMS,4.252666666666666,15
2017,84K775,Leadership Preparatory Ocean Hill Charter School,EMS,3.429375,16
2017,84K775,Leadership Preparatory Ocean Hill Charter School,HS,3.1444444444444444,18
2017,84K777,Ocean Hill Collegiate Charter School,EMS,4.019473684210526,19
2017,84K780,Brooklyn East Collegiate Charter School,EMS,4.146470588235294,17
2017,84K782,Bedford Stuyvesant New Beginnings Charter School,EMS,3.327391304347826,23
2017,84K785,Imagine Me Leadership Charter School,EMS,3.086923076923077,13
2017,84K791,Brooklyn Dreams Charter School,EMS,2.4095652173913042,23
2017,84K792,The Cultural Arts Academy at Spring Creek Charter,EMS,1.8513333333333333,15
2017,84K793,Bushwick Ascend Charter School,EMS,4.137083333333333,24
2017,84K797,New Hope Academy Charter School,EMS,1.4593333333333334,15
2017,84K803,Brooklyn LAB�Charter School,EMS,3.5735,20
2017,84K807,Collegiate Academy for Math and Personal Awareness,EMS,3.235,14
2017,84K876,Achievement First Voyager Charter School,EMS,3.823125,16
2017,84K879,Brooklyn Prospect Charter School Downtown,EMS,3.6385714285714283,14
2017,84K882,Success Academy Charter School - Bushwick,EC,3.03,1
2017,84K883,Success Academy Charter School - Bed Stuy 3,EC,3.12,1
2017,84K886,Success Academy Charter School - Flatbush,EC,3.35,1
2017,84M065,Democracy Prep Endurance Charter School,EMS,3.938846153846154,26
2017,84M382,DREAM Charter School,EMS,3.3423809523809522,21
2017,84M065,Democracy Prep Endurance Charter School,HS,2.9223076923076925,13
2017,84M068,KIPP Washington Heights Middle School,EMS,4.225238095238095,21
2017,84M068,KIPP Washington Heights Middle School,HS,2.6630000000000003,10
2017,84M080,Manhattan Charter School II,EMS,3.1557142857142857,14
2017,84M085,Global Community Charter School,EMS,3.0861111111111112,18
2017,84M100,Neighborhood Charter School of Harlem,EMS,4.394615384615385,13
2017,84M168,East Harlem Scholars Academy Charter School II,EMS,3.1799999999999997,15
2017,84M170,Success Academy Hell's Kitchen (Manhattan 2),EMS,4.578888888888889,9
2017,84M174,Success Academy Union Square (Manhattan 1),EMS,4.552727272727273,11
2017,84M186,Harlem Hebrew Language Charter School,EMS,1.9413333333333334,15
2017,84M202,Great Oaks Charter School,EMS,2.603529411764706,17
2017,84M204,Capital Preparatory (CP) Harlem Charter School,EMS,3.0886363636363634,22
2017,84M263,New York City Charter School of the Arts,EMS,1.450909090909091,11
2017,84M279,The Opportunity Charter School,EMS,2.473076923076923,26
2017,84M279,The Opportunity Charter School,HS,3.299,30
2017,84M284,Harlem Children's Zone Promise Academy 1 Charter S,EMS,3.533888888888889,18
2017,84M284,Harlem Children's Zone Promise Academy 1 Charter S,HS,3.8648275862068964,29
2017,84M320,Manhattan Charter School,EMS,3.6758333333333333,12
2017,84M295,School in the Square Public Charter School,EMS,3.7082608695652173,23
2017,84M330,Girls Preparatory Charter School of New York,EMS,3.3541176470588234,17
2017,84M335,Harlem Village Academy Leadership Charter School,EMS,3.6922727272727274,22
2017,84M335,Harlem Village Academy Leadership Charter School,HS,3.3552,25
2017,84M336,KIPP Infinity Charter School,EMS,3.7308695652173913,23
2017,84M336,KIPP Infinity Charter School,HS,2.8268,25
2017,84M337,New York Center for Autism Charter School,D75,1.0,2
2017,84M341,Harlem Children's Zone Promise Academy II Charter,EMS,3.343888888888889,18
2017,84M341,Harlem Children's Zone Promise Academy II Charter,HS,3.367368421052632,19
2017,84M350,Democracy Prep Charter School,EMS,3.91875,24
2017,84M350,Democracy Prep Charter School,HS,3.1052,25
2017,84M351,Success Academy Charter School - Harlem 1,EMS,4.04,13
2017,84M351,Success Academy Charter School - Harlem 1,HS,2.431111111111111,9
2017,84M353,New Heights Academy Charter School,EMS,3.8916,25
2017,84M353,New Heights Academy Charter School,HS,3.7706451612903225,31
2017,84M384,Success Academy Charter School - Harlem 2,EMS,4.1454545454545455,11
2017,84M385,Success Academy Charter School - Harlem 3,EMS,4.076923076923077,13
2017,84M386,Success Academy Charter School - Harlem 4,EMS,4.3375,12
2017,84M388,St. HOPE Leadership Academy Charter School,EMS,4.145,24
2017,84Q341,Riverton Street Charter School,EMS,3.0828571428571427,21
2017,84M430,The Equity Project Charter School (TEP),EMS,3.9756,25
2017,84M433,Renaissance Charter High School for Innovation,HS,2.7880645161290323,31
2017,84X704,KIPP Academy Charter School,HS,3.4136,25
2017,84M478,Inwood Academy for Leadership Charter School,EMS,3.5303703703703704,27
2017,84M478,Inwood Academy for Leadership Charter School,HS,2.4243478260869566,23
2017,84M705,Amber Charter School,EMS,3.0309090909090908,11
2017,84M481,Democracy Prep Harlem Charter School,EMS,3.531851851851852,27
2017,84M481,Democracy Prep Harlem Charter School,HS,2.689,20
2017,84M482,Success Academy Charter School - Harlem 5,EMS,4.006,10
2017,84M483,New York French American Charter School,EMS,2.3794117647058823,17
2017,84M518,East Harlem Scholars Academy Charter School,EMS,3.856315789473684,19
2017,84M522,Broome Street Academy Charter School,HS,2.57,24
2017,84M523,Success Academy Charter School - Upper West,EMS,4.473636363636364,11
2017,84M702,Sisulu-Walker Charter School of Harlem,EMS,3.060714285714286,14
2017,84M704,Harbor Science and Arts Charter School,EMS,3.034736842105263,19
2017,84M707,John V. Lindsay Wildcat Academy Charter School,HST,2.9364,25
2017,84M708,Harlem Prep Charter School,EMS,3.273913043478261,23
2017,84M708,Harlem Prep Charter School,HS,2.459,10
2017,84M709,Harlem Village Academy Charter School,EMS,3.321818181818182,22
2017,84M709,Harlem Village Academy Charter School,HS,3.064,25
2016,02M042,P.S. 042 Benjamin Altman,EMS,3.842,15
2017,84M726,KIPP STAR College Prep Charter School,EMS,3.797727272727273,22
2017,84M726,KIPP STAR College Prep Charter School,HS,3.516551724137931,29
2016,02M131,M.S. 131,EMS,3.7008,25
2017,84M861,Future Leaders Institute Charter School,EMS,3.2935,20
2017,84Q083,Central Queens Academy Charter School,EMS,3.4831578947368422,19
2017,84Q170,Peninsula Preparatory Academy Charter School,EMS,3.578125,16
2017,84Q298,Middle Village Prep Charter School,EMS,3.73125,16
2017,84Q304,VOICE Charter School of New York,EMS,3.7905,20
2017,84Q320,New Visions Charter High School for Advanced Math,HS,2.6084615384615386,13
2017,84Q321,Growing Up Green Charter School,EMS,3.256,25
2017,84Q340,Challenge Preparatory Charter School,EMS,2.699047619047619,21
2017,84Q342,Rochdale Early Advantage Charter School,EMS,3.020769230769231,13
2017,84Q359,Academy of the City Charter School,EMS,3.539285714285714,14
2017,84Q372,Growing Up Green Charter School II,EC,3.32,1
2017,84Q374,Success Academy Charter School - South Jamaica,EC,3.94,1
2017,84Q375,Success Academy Charter School - Far Rockaway,EC,4.86,1
2017,84Q704,Merrick Academy - Queens Public Charter School,EMS,2.7816666666666667,18
2017,84Q705,Renaissance Charter School,EMS,3.6375,24
2017,84Q705,Renaissance Charter School,HS,3.36125,24
2017,84Q706,Our World Neighborhood Charter School,EMS,3.0835,20
2017,84R012,New Ventures Charter School,HST,3.8105882352941176,17
2016,02M374,Gramercy Arts High School,HS,2.4320689655172414,29
2017,84R067,John W. Lavelle Preparatory Charter School,EMS,3.3204166666666666,24
2017,84R067,John W. Lavelle Preparatory Charter School,HS,3.935416666666667,24
2016,02M533,Union Square Academy for Health Sciences,HS,2.964583333333333,24
2017,84R073,New World Preparatory Charter School,EMS,3.85,25
2017,84X124,Children's Aid College Prep Charter School,EMS,2.7416666666666667,12
2017,84X133,Icahn Charter School 6,EMS,3.0775,12
2017,84X165,Grand Concourse Charter School,EMS,3.3761111111111113,18
2017,84X177,Mott Hall Charter School,EMS,3.4724,25
2017,84X185,Bronx Lighthouse Charter School,EMS,2.786842105263158,19
2017,84X185,Bronx Lighthouse Charter School,HS,3.3204347826086957,23
2017,84X200,New Visions A.I.M. Charter High School II,HST,1.6904761904761905,21
2017,84X202,New Visions Charter High School for Advanced Math,HS,4.2620000000000005,30
2017,84X393,University Prep Charter High School,HS,3.961666666666667,30
2017,84X208,New Visions Charter High School for the Humanities,HS,2.983548387096774,31
2017,84X233,Family Life Academy Charter School II,EMS,4.121176470588235,17
2016,08X408,Herbert H. Lehman Yabc,YABC,3.1441666666666666,24
2017,84X255,Bronx Charter School for Excellence,EMS,3.0241176470588234,17
2016,02M150,P.S. 150,EMS,3.64,9
2016,02M217,P.S./I.S. 217 Roosevelt Island,EMS,3.8042857142857143,21
2017,84X256,Heketi Community Charter School,EMS,2.8770000000000002,20
2017,84X309,South Bronx Charter School for International Cultu,EMS,3.786153846153846,13
2016,10X310,P.S. 310 Marble Hill,EMS,2.7865,20
2017,84X345,Hyde Leadership Charter School,EMS,3.9972,25
2017,84X345,Hyde Leadership Charter School,HS,3.227333333333333,30
2017,84X346,South Bronx Classical Charter School,EMS,4.1033333333333335,15
2017,84X347,International Leadership Charter High School,HS,3.307931034482759,29
2016,02M225,Ella Baker School,EMS,3.0294736842105263,19
2017,84X362,Icahn Charter School 7,EMS,3.4,12
2016,02M289,I.S. 289,EMS,4.1627777777777775,18
2017,84X364,South Bronx Classical Charter School II,EMS,4.583,10
2017,84X378,Icahn Charter School 2,EMS,3.9526666666666666,15
2017,84X380,Success Academy Charter School - Bronx 3,EMS,4.789090909090909,11
2017,84X387,Brilla College Prep Charter School,EMS,3.711176470588235,17
2017,84X389,Bronx Global Learning Institute for Girls Charter,EMS,2.4976470588235293,17
2016,11X513,New World High School,HS,4.122580645161291,31
2017,84X394,Mott Haven Academy Charter School,EMS,3.5655555555555556,18
2017,84X395,"NYC Charter High School for Architecture, Engineer",HS,4.339032258064516,31
2017,84X398,Bronx Community Charter School,EMS,2.7952173913043477,23
2016,02M298,Pace High School,HS,2.693846153846154,26
2017,84X407,Bronx Charter School for Children,EMS,2.679375,16
2017,84X419,Bronx Academy of Promise Charter School,EMS,3.650526315789474,19
2017,84X422,Icahn Charter School 3,EMS,4.303529411764706,17
2017,84X429,Charter High School for Law and Social Justice,HS,1.8614285714285714,7
2017,84X460,Atmosphere Charter School,EMS,3.585909090909091,22
2017,84X461,Metropolitan Lighthouse Charter School,EMS,2.367391304347826,23
2017,84X471,American Dream Charter School,EMS,3.1491304347826086,23
2017,84X482,Dr. Richard Izquierdo Health and Science Charter S,EMS,3.2356,25
2017,84X482,Dr. Richard Izquierdo Health and Science Charter S,HS,3.478076923076923,26
2017,84X484,Bronx Charter School for Better Learning II,EC,3.5700000000000003,2
2017,84X486,Rosalyn Yalow Charter School,EC,3.6,2
2017,84X487,Girls Preparatory Charter School of the Bronx,EMS,3.7165,20
2016,02M376,NYC iSchool,HS,3.9996,25
2017,84X488,The Equality Charter School,EMS,3.182272727272727,22
2017,84X488,The Equality Charter School,HS,3.048695652173913,23
2017,84X489,South Bronx Classical Charter School III,EC,3.915,2
2017,84X491,Academic Leadership Charter School,EMS,3.988695652173913,23
2017,84X492,South Bronx Early College Academy Charter School,EMS,3.1681818181818184,22
2017,84X705,Family Life Academy Charter School,EMS,2.9699999999999998,17
2017,84X493,Success Academy Charter School - Bronx 1,EMS,4.078,10
2017,84X494,Success Academy Charter School - Bronx 2,EMS,4.336363636363637,11
2017,84X496,Icahn Charter School 4,EMS,3.827272727272727,11
2017,84X497,Storefront Academy Charter School,EC,3.72,2
2017,84X538,Icahn Charter School 5,EMS,3.579,10
2017,84X539,New Visions Charter High School for Advanced Math,HS,2.9523333333333333,30
2017,84X553,New Visions Charter High School for the Humanities,HS,3.6206451612903225,31
2017,84X554,New York City Montessori Charter School,EMS,3.1618181818181816,22
2017,84X579,Bronx Charter School for Excellence II,EC,2.81,2
2017,84X581,South Bronx Community Charter School,HS,1.386,5
2016,02M393,Business Of Sports School,HS,3.0903225806451613,31
2017,84X703,Bronx Preparatory Charter School,EMS,3.2252,25
2017,84X703,Bronx Preparatory Charter School,HS,3.392333333333333,30
2016,02M416,Eleanor Roosevelt High School,HS,4.5200000000000005,24
2017,84X704,KIPP Academy Charter School,EMS,3.9404166666666667,24
2017,84X706,Harriet Tubman Charter School,EMS,3.4972222222222222,18
2017,84X717,Icahn Charter School,EMS,3.2536842105263157,19
2017,84X718,Bronx Charter School for Better Learning,EMS,3.0163636363636366,11
2017,84X730,Bronx Charter School for the Arts,EMS,2.9089473684210527,19
2016,01M015,P.S. 015 Roberto Clemente,EMS,4.722941176470588,17
2016,01M019,P.S. 019 Asher Levy,EMS,3.5936842105263156,19
2016,01M020,P.S. 020 Anna Silver,EMS,2.177,20
2016,01M034,P.S. 034 Franklin D. Roosevelt,EMS,2.9628,25
2016,01M063,The STAR Academy - P.S.63,EMS,4.416428571428572,14
2016,01M064,P.S. 064 Robert Simon,EMS,3.408235294117647,17
2016,01M110,P.S. 110 Florence Nightingale,EMS,4.317272727272727,11
2016,01M134,P.S. 134 Henrietta Szold,EMS,3.0776190476190477,21
2016,01M140,P.S. 140 Nathan Straus,EMS,3.0633333333333335,27
2016,01M142,P.S. 142 Amalia Castro,EMS,3.923888888888889,18
2016,01M184,P.S. 184m Shuang Wen,EMS,4.215263157894737,19
2016,01M188,P.S. 188 The Island School,EMS,2.9692,25
2016,01M292,Orchard Collegiate Academy,HS,3.5593548387096776,31
2016,01M301,"Technology, Arts, and Sciences Studio",EMS,3.005909090909091,22
2016,01M315,The East Village Community School,EMS,2.8918181818181816,11
2016,01M332,University Neighborhood Middle School,EMS,2.804,25
2016,01M361,The Children's Workshop School,EMS,2.7653333333333334,15
2016,01M363,Neighborhood School,EMS,3.5300000000000002,3
2016,01M364,Earth School,EMS,2.558181818181818,11
2016,01M378,School for Global Leaders,EMS,3.2511111111111113,27
2016,01M448,University Neighborhood High School,HS,4.280645161290322,31
2016,01M450,East Side Community School,EMS,3.341764705882353,17
2016,01M450,East Side Community School,HS,3.8723809523809525,21
2016,01M458,Forsyth Satellite Academy,HST,2.9786363636363635,22
2016,01M509,Marta Valle High School,HS,2.81,30
2016,01M515,Lower East Side Preparatory High School,HST,3.2584,25
2016,01M539,"New Explorations into Science, Technology and Math",EMS,4.4992857142857146,14
2016,01M539,"New Explorations into Science, Technology and Math",HS,3.9875000000000003,24
2016,01M650,Cascades High School,HST,3.3276,25
2016,01M696,Bard High School Early College,HS,4.126956521739131,23
2016,01M839,Tompkins Square Middle School,EMS,3.7276470588235293,17
2016,02M001,P.S. 001 Alfred E. Smith,EMS,3.16,22
2016,02M002,P.S. 002 Meyer London,EMS,3.8694117647058826,17
2016,02M003,P.S. 003 Charrette School,EMS,3.1384615384615384,13
2016,02M006,P.S. 006 Lillie D. Blake,EMS,3.6753846153846155,13
2016,02M011,P.S. 011 William T. Harris,EMS,2.8771428571428572,14
2016,02M033,P.S. 033 Chelsea Prep,EMS,2.964,10
2016,02M040,P.S. 040 Augustus Saint-Gaudens,EMS,4.342307692307692,13
2016,02M041,P.S. 041 Greenwich Village,EMS,3.7976923076923077,13
2016,02M047,47 The American Sign Language and English Secondar,HS,3.657,30
2016,02M089,P.S. 89,EMS,3.8915384615384614,13
2016,02M051,P.S. 051 Elias Howe,EMS,4.338888888888889,18
2016,02M059,P.S. 059 Beekman Hill International,EMS,3.5527272727272727,11
2016,02M077,P.S. 77 Lower Lab School,EMS,4.589090909090909,11
2016,02M104,J.H.S. 104 Simon Baruch,EMS,4.015555555555555,18
2016,02M111,P.S. 111 Adolph S. Ochs,EMS,3.275238095238095,21
2016,02M114,East Side Middle School,EMS,4.51375,16
2016,02M116,P.S. 116 Mary Lindley Murray,EMS,3.406428571428571,14
2016,02M124,P.S. 124 Yung Wing,EMS,4.1535714285714285,14
2016,02M126,P.S. 126 Jacob August Riis,EMS,4.194545454545454,22
2016,02M130,P.S. 130 Hernando De Soto,EMS,4.470714285714286,14
2016,13K430,Brooklyn Technical High School,HS,4.36875,24
2016,02M135,The Urban Assembly School for Emergency Management,HS,3.0330434782608697,23
2016,02M139,Stephen T. Mather Building Arts & Craftsmanship Hi,HS,3.5770833333333334,24
2016,02M151,Yorkville Community School,EMS,2.8484615384615384,13
2016,02M158,P.S. 158 Bayard Taylor,EMS,3.713636363636364,11
2016,02M167,J.H.S. 167 Robert F. Wagner,EMS,4.0311111111111115,18
2016,02M177,Yorkville East Middle School,EMS,4.37764705882353,17
2016,02M183,P.S. 183 Robert L. Stevenson,EMS,4.107692307692307,13
2016,02M198,P.S. 198 Isador E. Ida Straus,EMS,3.218,15
2016,02M212,P.S. 212 Midtown West,EMS,3.7853846153846153,13
2016,02M234,P.S. 234 Independence School,EMS,3.8392307692307694,13
2016,02M255,M.S. 255 Salk School of Science,EMS,4.14875,16
2016,02M260,M.S. 260 Clinton School Writers & Artists,EMS,3.9925,16
2016,02M260,M.S. 260 Clinton School Writers & Artists,HS,3.619090909090909,11
2016,02M267,"East Side Elementary School, PS 267",EMS,3.1827272727272726,11
2016,02M288,Food and Finance High School,HS,3.1586666666666665,30
2016,02M276,Battery Park City School,EMS,3.8975,16
2016,02M280,Manhattan Early College School for Advertising,HS,3.2735714285714286,14
2016,02M281,The River School,EC,3.59,2
2016,02M282,Urban Assembly Maker Academy,HS,2.2235714285714288,14
2016,02M290,P.S. 290 Manhattan New School,EMS,4.45,11
2016,02M294,Essex Street Academy,HS,3.5096,25
2016,02M296,High School of Hospitality Management,HS,2.819655172413793,29
2016,02M300,"Urban Assembly School of Design and Construction,",HS,2.560967741935484,31
2016,02M303,"Facing History School, The",HS,3.265,26
2016,14K488,Brooklyn Preparatory High School,HS,3.3520689655172413,29
2016,02M305,"Urban Assembly Academy of Government and Law, The",HS,3.5673333333333335,30
2016,02M308,Lower Manhattan Arts Academy,HS,3.5320689655172415,29
2016,02M312,New York City Lab Middle School for Collaborative,EMS,4.224375,16
2016,02M313,"James Baldwin School, The: A School for Expedition",HST,3.2668181818181816,22
2016,02M316,"Urban Assembly School of Business for Young Women,",HS,2.6351724137931036,29
2016,02M340,Sixth Avenue Elementary School,EC,2.205,2
2016,02M347,The 47 American Sign Language & English Lower Scho,EMS,3.914761904761905,21
2016,02M392,MANHATTAN BUSINESS ACADEMY,HS,3.2383333333333333,30
2016,02M394,Emma Lazarus High School,HST,4.568181818181818,22
2016,02M397,Spruce Street School,EMS,3.993333333333333,12
2016,02M399,The High School For Language And Diplomacy,HS,2.764,30
2016,02M400,High School for Environmental Studies,HS,2.6109999999999998,30
2016,02M407,Institute for Collaborative Education,EMS,3.7416666666666667,6
2016,02M407,Institute for Collaborative Education,HS,3.7811764705882354,17
2016,02M408,Professional Performing Arts High School,EMS,4.484,15
2016,02M408,Professional Performing Arts High School,HS,3.6068,25
2016,15K464,Park Slope Collegiate,EMS,2.69,24
2016,02M411,Baruch College Campus High School,HS,4.495416666666666,24
2016,02M412,N.Y.C. Lab School for Collaborative Studies,HS,4.2204,25
2016,02M413,School of the Future High School,EMS,3.490625,16
2016,02M413,School of the Future High School,HS,4.104,20
2016,02M414,N.Y.C. Museum School,HS,4.357083333333334,24
2016,02M418,Millennium High School,HS,4.444583333333333,24
2016,02M419,Landmark High School,HS,3.0952,25
2016,02M420,High School for Health Professions and Human Servi,HS,3.7191666666666667,24
2016,02M422,Quest to Learn,EMS,2.8640909090909092,22
2016,02M422,Quest to Learn,HS,2.6972,25
2016,02M425,Leadership and Public Service High School,HS,2.7266666666666666,30
2016,03M291,West End Secondary School,EMS,4.249375,16
2016,02M427,MANHATTAN ACADEMY FOR ARTS & LANGUAGE,HS,2.2956666666666665,30
2016,02M432,Murray Hill Academy,HST,3.0833333333333335,21
2016,02M437,Hudson High School of Learning Technologies,HS,2.475806451612903,31
2016,02M438,International High School at Union Square,HS,3.0926923076923076,26
2016,02M439,Manhattan Village Academy,HS,4.6616,25
2016,02M442,"Ballet Tech, NYC Public School for Dance",EMS,4.478461538461539,13
2016,02M449,Vanguard High School,HS,2.9176,25
2016,02M459,Manhattan International High School,HS,3.1532,25
2016,02M473,Washington Irving Yabc,YABC,3.2257894736842108,19
2016,02M475,Stuyvesant High School,HS,4.69875,24
2016,02M489,High School of Economics and Finance,HS,3.3714814814814815,27
2016,02M500,Unity Center for Urban Technologies,HS,3.831935483870968,31
2016,04M007,P.S. 007 Samuel Stern,EMS,3.808,25
2016,02M507,Urban Assembly Gateway School for Technology,HS,3.6006666666666667,30
2016,02M519,Talent Unlimited High School,HS,3.9274999999999998,24
2016,02M520,Murry Bergtraum High School for Business Careers,HS,2.5770967741935484,31
2016,02M529,Jacqueline Kennedy Onassis High School,HS,2.473225806451613,31
2016,02M531,Repertory Company High School for Theatre Arts,HS,4.17875,24
2016,02M534,Harvest Collegiate High School,HS,3.4,19
2016,02M542,Manhattan Bridges High School,HS,4.022666666666667,30
2016,02M543,New Design High School,HS,3.542,30
2016,02M544,Independence High School,HST,2.2830769230769232,26
2016,02M545,High School for Dual Language and Asian Studies,HS,4.5280000000000005,25
2016,02M546,Academy for Software Engineering,HS,3.4375999999999998,25
2016,19K089,P.S. 089 Cypress Hills,EMS,3.1432,25
2016,02M550,Liberty High School Academy for Newcomers,HST,4.0608,25
2016,02M551,Urban Assembly New York Harbor School,HS,2.7263333333333333,30
2016,02M560,High School M560 - City As School,HST,2.5385,20
2016,02M565,Urban Academy Laboratory High School,HST,2.9608333333333334,12
2016,02M570,Satellite Academy High School,HST,3.412857142857143,21
2016,02M575,Manhattan Comprehensive Night and Day High School,HST,3.9451851851851854,27
2016,02M580,Richard R. Green High School of Teaching,HS,2.4858620689655173,29
2016,02M586,Harvey Milk High School,HST,4.013636363636364,22
2016,22K119,P.S. 119 Amersfort,EMS,2.7615,20
2016,02M600,The High School of Fashion Industries,HS,3.7776,25
2016,02M605,Humanities Preparatory Academy,HST,3.1671428571428573,14
2016,02M615,Chelsea Career and Technical Education High School,HS,3.110666666666667,30
2016,02M630,Art and Design High School,HS,3.0604,25
2016,02M655,Life Sciences Secondary School,EMS,2.6295454545454544,22
2016,02M655,Life Sciences Secondary School,HS,2.2077419354838708,31
2016,02M896,Lower Manhattan Community Middle School,EMS,4.291,20
2016,02M933,City Knoll Middle School,EMS,3.012608695652174,23
2016,03M009,P.S. 009 Sarah Anderson,EMS,4.138181818181819,11
2016,03M054,J.H.S. 054 Booker T. Washington,EMS,4.255,14
2016,03M075,P.S. 075 Emily Dickinson,EMS,4.071,20
2016,04M057,James Weldon Johnson,EMS,2.9908,25
2016,03M076,P.S. 076 A. Philip Randolph,EMS,2.3696153846153845,26
2016,03M084,P.S. 084 Lillian Weber,EMS,2.6215,20
2016,03M087,P.S. 087 William Sherman,EMS,4.054545454545455,11
2016,03M145,"P.S. 145, The Bloomingdale School",EMS,2.34,22
2016,03M149,P.S. 149 Sojourner Truth,EMS,2.4412,25
2016,03M163,P.S. 163 Alfred E. Smith,EMS,3.6741176470588237,17
2016,03M165,P.S. 165 Robert E. Simon,EMS,2.9048148148148147,27
2016,03M166,P.S. 166 The Richard Rodgers School of The Arts an,EMS,3.190909090909091,11
2016,03M180,P.S. 180 Hugo Newman,EMS,2.7485,20
2016,03M185,P.S. 185 - The Early Childhood Discovery and Desig,EC,3.005,2
2016,03M191,P.S. 191 Amsterdam,EMS,2.158,25
2016,03M199,P.S. 199 Jessie Isador Straus,EMS,3.9127272727272726,11
2016,03M208,The Alain L. Locke Magnet School for Environmental,EMS,2.842,20
2016,03M241,STEM Institute of Manhattan,EMS,3.0475,20
2016,03M242,P.S. 242 - The Young Diplomats Magnet Academy,EMS,2.492941176470588,17
2016,03M243,M.S. 243 Center School,EMS,4.293125,16
2016,03M245,M.S. M245 The Computer School,EMS,4.230625,16
2016,03M247,M.S. M247 Dual Language Middle School,EMS,3.6396,25
2016,03M250,M.S. 250 West Side Collaborative Middle School,EMS,3.0157142857142856,21
2016,03M256,M.S. 256 Academic & Athletic Excellence,EMS,3.4788,25
2016,03M258,Community Action School - MS 258,EMS,4.0236363636363635,22
2016,03M299,The Maxine Greene HS for Imaginative Inquiry,HS,2.9787096774193547,31
2016,03M307,"Urban Assembly School for Media Studies, The",HS,3.6641935483870967,31
2016,03M333,P.S. 333 Manhattan School for Children,EMS,3.98,18
2016,03M334,The Anderson School,EMS,4.803846153846154,13
2016,03M402,The Urban Assembly School for Green Careers,HS,3.5603333333333333,30
2016,03M403,The Global Learning Collaborative,HS,2.8758064516129034,31
2016,03M404,Innovation Diploma Plus,HST,3.3572,25
2016,04M375,Mosaic Preparatory Academy,EMS,3.5458823529411765,17
2016,03M415,Wadleigh Secondary School for the Performing & Vis,EMS,2.7455555555555553,18
2016,03M415,Wadleigh Secondary School for the Performing & Vis,HS,2.824666666666667,30
2016,03M417,Frank Mccourt High School,HS,3.5936,25
2016,03M421,West Prep Academy,EMS,3.847916666666667,24
2016,03M452,P.S. 452,EMS,4.367272727272727,11
2016,03M479,Beacon High School,HS,4.327368421052632,19
2016,03M485,Fiorello H. LaGuardia High School of Music & Art a,HS,4.195833333333333,24
2016,28Q284,York Early College Academy,HS,4.3076,25
2016,03M492,"High School for Law, Advocacy and Community Justic",HS,2.7036666666666664,30
2016,03M494,High School of Arts and Technology,HS,2.5274193548387096,31
2016,03M505,Edward A. Reynolds West Side High School,HST,2.8055555555555554,27
2016,03M541,Manhattan / Hunter Science High School,HS,4.439583333333333,24
2016,03M610,Young Women's Leadership School,EMS,3.553529411764706,17
2016,03M610,Young Women's Leadership School,HS,4.4124,25
2016,03M859,Special Music School,EMS,4.158333333333333,12
2016,03M859,Special Music School,HS,3.973157894736842,19
2016,03M860,Frederick Douglass Academy II Secondary School,EMS,4.1121739130434785,23
2016,03M860,Frederick Douglass Academy II Secondary School,HS,2.88,30
2016,03M862,Mott Hall II,EMS,4.108888888888889,18
2016,04M012,Tag Young Scholars,EMS,4.534375,16
2016,04M037,River East Elementary,EMS,3.264666666666667,15
2016,04M038,P.S. 38 Roberto Clemente,EMS,2.5315,20
2016,04M050,P.S. 050 Vito Marcantonio,EMS,2.5908,25
2016,04M072,The Lexington Academy,EMS,2.462083333333333,24
2016,04M083,P.S. 083 Luis Munoz Rivera,EMS,3.2105,20
2016,04M096,P.S. 096 Joseph Lanzetta,EMS,2.748,25
2016,04M680,"Heritage School, The",HS,2.8236666666666665,30
2016,04M102,P.S. 102 Jacques Cartier,EMS,2.3835,20
2016,04M108,P.S. 108 Assemblyman Angelo Del Toro Educational C,EMS,2.267037037037037,27
2016,04M112,P.S. 112 Jose Celso Barbosa,EC,3.0349999999999997,2
2016,04M146,P.S. 146 Ann M. Short,EMS,3.491,20
2016,04M155,P.S. 155 William Paca,EMS,2.4945454545454546,22
2016,04M171,P.S. 171 Patrick Henry,EMS,4.0761111111111115,18
2016,04M182,The Bilingual Bicultural School,EMS,3.6166666666666667,18
2016,04M206,P.S. 206 Jose Celso Barbosa,EMS,3.121851851851852,27
2016,04M224,M.S. 224 Manhattan East School for Arts & Academic,EMS,2.8533333333333335,24
2016,30Q212,P.S. 212,EMS,3.502,15
2016,04M372,Esperanza Preparatory Academy,EMS,4.0008,25
2016,04M372,Esperanza Preparatory Academy,HS,3.290769230769231,26
2016,05M154,P.S. 154 Harriet Tubman,EMS,3.456,20
2016,04M377,Renaissance School of the Arts,EMS,3.4515384615384614,26
2016,04M406,Global Technology Preparatory,EMS,3.2072,25
2016,04M409,Coalition School for Social Change,HS,3.1361290322580646,31
2016,04M435,Manhattan Center for Science and Mathematics,HS,3.98625,24
2016,04M495,Park East High School,HS,4.368620689655172,29
2016,04M497,Central Park East I,EMS,1.556,15
2016,04M555,Central Park East High School,HS,4.445,26
2016,04M825,Isaac Newton Middle School for Math & Science,EMS,3.7276000000000002,25
2016,04M964,Central Park East II,EMS,2.76,14
2016,05M030,P.S. 030 Hernandez/Hughes,EMS,3.103,20
2016,05M036,P.S. 036 Margaret Douglas,EMS,3.3285714285714287,21
2016,05M046,P.S. 046 Arthur Tappan,EMS,2.457777777777778,27
2016,05M092,P.S. 092 Mary McLeod Bethune,EMS,4.162,20
2016,05M123,P.S. 123 Mahalia Jackson,EMS,2.7716,25
2016,05M125,P.S. 125 Ralph Bunche,EMS,4.065384615384615,13
2016,05M129,P.S. 129 John H. Finley,EMS,2.508,25
2016,05M133,P.S. 133 Fred R Moore,EMS,3.068,20
2016,05M148,Eagle Academy for Young Men of Harlem,EMS,2.368333333333333,24
2016,05M157,The Urban Assembly School for Global Commerce,HS,2.5991304347826087,23
2016,06M018,P.S. 018 Park Terrace,EMS,2.8484,25
2016,05M161,P.S. 161 Pedro Albizu Campos,EMS,3.012962962962963,27
2016,05M175,P.S. 175 Henry H Garnet,EMS,3.1945454545454544,22
2016,05M194,P.S. 194 Countee Cullen,EMS,2.4215,20
2016,05M197,P.S. 197 John B. Russwurm,EMS,2.1826315789473685,19
2016,06M223,The Mott Hall School,EMS,3.859375,16
2016,05M200,P.S. 200- The James Mccune Smith School,EMS,2.375714285714286,21
2016,05M285,Harlem Renaissance High School,HST,2.892592592592593,27
2016,05M286,Urban Assembly Academy for Future Leaders,EMS,2.30125,24
2016,05M302,KAPPA IV,EMS,2.0637037037037036,27
2016,05M304,Mott Hall High School,HS,2.276333333333333,30
2016,05M318,Thurgood Marshall Academy Lower School,EMS,2.6366666666666667,15
2016,05M362,Columbia Secondary School,EMS,3.9833333333333334,18
2016,05M362,Columbia Secondary School,HS,3.8756521739130436,23
2016,05M367,Academy for Social Action,HS,2.0696666666666665,30
2016,05M369,Urban Assembly School for the Performing Arts,HS,3.1813333333333333,30
2016,05M499,Frederick Douglass Academy,EMS,2.475,22
2016,05M499,Frederick Douglass Academy,HS,2.4089285714285715,28
2016,05M514,New Design Middle School,EMS,2.2695454545454545,22
2016,05M517,Teachers College Community School,EMS,2.444166666666667,12
2016,05M670,Thurgood Marshall Academy for Learning and Social,EMS,2.29,20
2016,05M670,Thurgood Marshall Academy for Learning and Social,HS,2.8153333333333332,30
2016,05M692,"High School for Mathematics, Science and Engineeri",HS,4.442083333333334,24
2016,06M004,P.S. 004 Duke Ellington,EMS,2.3236363636363637,22
2016,06M005,P.S. 005 Ellen Lurie,EMS,3.383,20
2016,06M008,P.S. 008 Luis Belliard,EMS,2.9286363636363637,22
2016,06M028,P.S. 028 Wright Brothers,EMS,3.077,20
2016,06M048,P.S. 048 P.O. Michael J. Buczek,EMS,2.6886363636363635,22
2016,06M052,J.H.S. 052 Inwood,EMS,3.4153846153846152,26
2016,06M098,P.S. 098 Shorac Kappock,EMS,2.0336363636363637,22
2016,06M103,Dos Puentes Elementary School,EC,2.9299999999999997,2
2016,06M115,P.S. 115 Alexander Humboldt,EMS,2.9725,20
2016,06M128,P.S. 128 Audubon,EMS,2.893,20
2016,06M132,P.S. 132 Juan Pablo Duarte,EMS,2.7025,20
2016,06M143,J.H.S. 143 Eleanor Roosevelt,EMS,2.9992,25
2016,06M152,P.S. 152 Dyckman Valley,EMS,2.812,20
2016,06M153,P.S. 153 Adam Clayton Powell,EMS,3.3694444444444445,18
2016,06M173,P.S. 173,EMS,3.635,22
2016,06M178,Professor Juan Bosch Public School,EMS,3.471875,16
2016,06M319,M.S. 319 - Maria Teresa,EMS,3.719259259259259,27
2016,06M187,P.S./I.S. 187 Hudson Cliffs,EMS,3.525,22
2016,06M189,P.S. 189,EMS,2.2435,20
2016,06M457,George Washington Yabc,YABC,3.774736842105263,19
2016,06M192,P.S. 192 Jacob H. Schiff,EMS,3.676111111111111,18
2016,06M209,Hamilton Grange Middle School,EMS,3.622916666666667,24
2016,06M210,P.S./I.S. 210 - Twenty-first Century Academy for C,EMS,3.6469565217391304,23
2016,06M211,Inwood Early College for Health and Information Te,HS,3.112857142857143,14
2016,06M218,I.S. 218 Salome Urena,EMS,3.1437037037037037,27
2016,06M278,Paula Hedbavny School,EMS,3.7748,25
2016,06M293,City College Academy of the Arts,EMS,3.896818181818182,22
2016,06M293,City College Academy of the Arts,HS,4.2684,25
2016,06M311,Amistad Dual Language School,EMS,3.0412,25
2016,06M314,Muscota,EMS,4.670909090909091,11
2016,06M322,Middle School 322,EMS,3.6155555555555554,27
2016,06M324,M.S. 324 - Patria Mirabal,EMS,3.524814814814815,27
2016,06M325,P.S. 325,EMS,2.025,22
2016,06M328,Community Math & Science Prep,EMS,2.4052,25
2016,06M346,Community Health Academy of the Heights,EMS,3.454,25
2016,06M346,Community Health Academy of the Heights,HS,3.503548387096774,31
2016,06M348,Washington Heights Expeditionary Learning School,EMS,3.4633333333333334,27
2016,06M348,Washington Heights Expeditionary Learning School,HS,2.6754838709677418,31
2016,06M349,Harbor Heights,EMS,3.516,20
2016,06M366,Washington Heights Academy,EMS,4.370952380952381,21
2016,06M368,Hamilton Heights School,EMS,1.84,14
2016,06M423,High School for Excellence and Innovation,HST,3.3936,25
2016,06M462,The College Academy,HS,3.0387096774193547,31
2016,06M463,High School for Media and Communications,HS,2.540967741935484,31
2016,06M467,High School for Law and Public Service,HS,3.126451612903226,31
2016,06M468,High School for Health Careers and Sciences,HS,2.8845161290322583,31
2016,06M540,A. Philip Randolph Campus High School,HS,2.6176666666666666,30
2016,06M513,Castle Bridge School,EMS,2.3666666666666667,3
2016,06M528,I.S. 528 Bea Fuller Rodgers School,EMS,2.992,25
2016,06M552,Gregorio Luperon High School for Science and Mathe,HS,3.5126666666666666,30
2016,07X001,P.S. 001 Courtlandt School,EMS,2.159,20
2016,07X030,P.S. 030 Wilton,EMS,2.981818181818182,22
2016,07X005,P.S. 5 Port Morris,EMS,2.9768,25
2016,07X018,P.S. 018 John Peter Zenger,EMS,2.4895,20
2016,07X025,P.S. 025 Bilingual School,EMS,2.7381818181818183,22
2016,07X029,P.S./M.S. 029 Melrose School,EMS,2.6062962962962963,27
2016,07X031,P.S./M.S. 031 The William Lloyd Garrison,EMS,2.3572,25
2016,07X043,P.S. 043 Jonas Bronck,EMS,3.3115,20
2016,07X049,P.S. 049 Willis Avenue,EMS,4.149090909090909,22
2016,07X065,P.S. 065 Mother Hale Academy,EMS,3.3195,20
2016,07X151,J.H.S. 151 Lou Gehrig,EMS,2.3328,25
2016,07X154,P.S. 154 Jonathan D. Hyatt,EMS,3.3840909090909093,22
2016,07X157,P.S. 157 Grove Hill,EMS,2.8455,20
2016,07X161,P.S. 161 Juan Ponce De Leon School,EMS,3.0931818181818183,22
2016,07X162,J.H.S. 162 Lola Rodriguez De Tio,EMS,2.1533333333333333,27
2016,07X179,P.S. 179,EMS,2.9595000000000002,20
2016,08X562,Blueprint Middle School,EMS,3.3176,25
2016,07X221,South Bronx Preparatory: A College Board School,EMS,3.9220833333333336,24
2016,07X221,South Bronx Preparatory: A College Board School,HS,4.1513333333333335,30
2016,07X223,M.S. 223 The Laboratory School of Finance and Tech,EMS,3.4748,25
2016,07X223,M.S. 223 The Laboratory School of Finance and Tech,HS,3.718888888888889,18
2016,09X022,J.H.S. 022 Jordan L. Mott,EMS,3.234,25
2016,07X224,P.S./I.S. 224,EMS,2.66,27
2016,07X259,"H.E.R.O. High (Health, Education, and Research Occ",HS,2.49,24
2016,07X277,P.S. 277,EMS,3.5045,20
2016,07X296,South Bronx Academy for Applied Media,EMS,3.3848148148148147,27
2016,07X298,Academy of Public Relations,EMS,2.8634615384615385,26
2016,07X334,International Community High School,HS,3.1624,25
2016,07X343,Academy of Applied Mathematics and Technology,EMS,4.1204,25
2016,07X359,Concourse Village Elementary School,EMS,4.438461538461539,13
2016,07X369,Young Leaders Elementary School,EMS,2.405,20
2016,07X379,Jill Chaifetz Transfer High School,HST,2.6,27
2016,07X381,Bronx Haven High School,HST,3.0915384615384616,26
2016,07X427,Community School for Social Justice,HS,2.750769230769231,26
2016,07X456,Alfred E. Smith Campus YABC,YABC,2.3845833333333335,24
2016,07X473,Mott Haven Village Preparatory High School,HS,2.246451612903226,31
2016,07X495,University Heights Secondary School,HS,4.215263157894737,19
2016,07X500,Hostos-Lincoln Academy of Science,EMS,3.3066666666666666,24
2016,07X500,Hostos-Lincoln Academy of Science,HS,3.2685185185185186,27
2016,07X522,Bronx Design and Construction Academy,HS,2.055806451612903,31
2016,07X527,Bronx Leadership Academy II High School,HS,3.4683870967741934,31
2016,07X547,New Explorers High School,HS,1.8570967741935485,31
2016,07X548,Careers in Sports High School,HS,2.4343333333333335,30
2016,07X551,The Urban Assembly Bronx Academy of Letters,EMS,2.6937037037037035,27
2016,08X107,P.S. 107,EMS,3.557,20
2016,07X551,The Urban Assembly Bronx Academy of Letters,HS,3.3838709677419354,31
2016,07X557,Mott Haven Community High School,HST,3.4853846153846155,26
2016,07X600,Alfred E. Smith Career and Technical Education Hig,HS,3.466774193548387,31
2016,07X670,Health Opportunities High School,HS,2.7516129032258063,31
2016,08X014,P.S. X014 Senator John Calandra,EMS,2.8288235294117645,17
2016,08X036,P.S. 036 Unionport,EMS,3.509,20
2016,08X048,P.S. 048 Joseph R. Drake,EMS,2.2338095238095237,21
2016,08X062,P.S. 062 Inocensio Casanova,EMS,3.1122727272727273,22
2016,08X069,P.S. 069 Journey Prep School,EMS,4.3521052631578945,19
2016,08X071,P.S. 071 Rose E. Scala,EMS,3.1703703703703705,27
2016,08X072,P.S. 072 Dr. William Dorney,EMS,3.5805263157894736,19
2016,08X123,J.H.S. 123 James M. Kieran,EMS,3.5414814814814815,27
2016,08X075,P.S. 75 School of Research and Discovery,EMS,2.767,20
2016,08X093,P.S. 093 Albert G. Oliver,EMS,2.624285714285714,21
2016,08X100,P.S. 100 Isaac Clason,EMS,2.3741176470588234,17
2016,08X101,M.S. X101 Edward R. Byrne,EMS,3.369047619047619,21
2016,08X119,The Dr. Emmett W. Bassett School,EMS,3.2383333333333333,18
2016,08X125,J.H.S. 125 Henry Hudson,EMS,3.022962962962963,27
2016,08X130,P.S. 130 Abram Stevens Hewitt,EMS,2.5745,20
2016,08X131,J.H.S. 131 Albert Einstein,EMS,2.9454166666666666,24
2016,08X138,P.S. 138 Samuel Randall,EMS,2.7494736842105265,19
2016,08X140,P.S. X140 The Eagle School,EMS,2.425909090909091,22
2016,08X146,P.S. 146 Edward Collins,EMS,2.9304545454545456,22
2016,08X152,P.S. 152 Evergreen,EMS,2.9913636363636362,22
2016,08X182,P.S. 182,EMS,2.474705882352941,17
2016,08X269,Bronx Studio School for Writers and Artists,EMS,2.974814814814815,27
2016,08X269,Bronx Studio School for Writers and Artists,HS,2.6016666666666666,30
2016,08X282,Women's Academy of Excellence,HS,2.577241379310345,29
2016,08X293,Renaissance High School for Musical Theater & Tech,HS,2.9896666666666665,30
2016,08X301,M.S. 301 Paul L. Dunbar,EMS,2.1825925925925924,27
2016,08X302,M.S. 302 Luisa Dessus Cruz,EMS,2.9092592592592594,27
2016,08X304,P.S. 304 Early Childhood School,EMS,3.3253333333333335,15
2016,08X305,Pablo Neruda Academy,HS,2.7764516129032257,31
2016,08X312,Millennium Art Academy,HS,2.628064516129032,31
2016,08X320,Pelham Lab High School,HS,2.6595833333333334,24
2016,08X332,Holcombe L. Rucker School of Community Research,HS,2.9203333333333332,30
2016,08X337,The School for Inquiry and Social Justice,EMS,4.0812,25
2016,08X333,P.S. 333 - The Museum School,EMS,2.7885,20
2016,08X335,The Academy of the Arts,EMS,3.3868181818181817,22
2016,08X348,Schuylerville Preparatory High School,HS,2.3529166666666668,24
2016,08X349,Bronx River High School,HS,3.2508333333333335,24
2016,08X367,"Archimedes Academy for Math, Science and Technolog",EMS,3.1008333333333336,24
2016,08X367,"Archimedes Academy for Math, Science and Technolog",HS,2.6803333333333335,30
2016,08X371,Urban Institute of Mathematics,EMS,2.952916666666667,24
2016,08X375,The Bronx Mathematics Preparatory School,EMS,2.8485185185185187,27
2016,08X376,Antonia Pantoja Preparatory Academy: A College Boa,EMS,3.02,26
2016,08X376,Antonia Pantoja Preparatory Academy: A College Boa,HS,2.7390322580645163,31
2016,08X377,Bronx Community High School,HST,2.8176,25
2016,08X392,Bronx Delta School,EC,2.69,2
2016,08X405,Herbert H. Lehman High School,HS,2.1046666666666667,30
2016,08X424,The Hunts Point School,EMS,2.644814814814815,27
2016,08X432,Bronx Bridges High School,HS,2.399677419354839,31
2016,08X467,Mott Hall Community School,EMS,2.7862962962962965,27
2016,08X448,Soundview Academy for Culture and Scholarship,EMS,3.4285185185185187,27
2016,08X452,Bronx Guild,HS,2.9196666666666666,30
2016,08X507,Stevenson Yabc,YABC,2.24,20
2016,08X519,Felisa Rincon de Gautier Institute for Law and Pub,HS,1.9348387096774193,31
2016,08X530,Banana Kelly High School,HS,2.8016129032258066,31
2016,08X537,Bronx Arena High School,HST,2.1961538461538463,26
2016,08X558,Westchester Square Academy,HS,3.3296,25
2016,08X559,School for Tourism and Hospitality,HS,2.5715384615384616,26
2016,08X561,Bronx Compass High School,HS,2.2708,25
2016,09X004,P.S./M.S. 004 Crotona Park West,EMS,2.9474074074074075,27
2016,09X011,P.S. 011 Highbridge,EMS,2.5904545454545453,22
2016,09X028,P.S. 028 Mount Hope,EMS,3.2190909090909092,22
2016,09X035,P.S. 035 Franz Siegel,EMS,2.3975,20
2016,09X042,P.S. 042 Claremont,EMS,3.717142857142857,21
2016,09X053,P.S. 053 Basheer Quisim,EMS,3.762272727272727,22
2016,09X219,I.S. 219 New Venture School,EMS,3.004814814814815,27
2016,09X055,P.S. 055 Benjamin Franklin,EMS,2.3395454545454544,22
2016,09X058,P.S. 058,EMS,2.504,20
2016,09X063,P.S. 063 Author's Academy,EMS,2.893181818181818,22
2016,09X070,P.S. 070 Max Schoenfeld,EMS,2.1263636363636365,22
2016,09X073,P.S. 073 Bronx,EMS,2.4163636363636365,22
2016,09X088,P.S. X088 - S. Silverstein Little Sparrow School,EC,3.34,2
2016,09X109,P.S. 109 Sedgwick,EMS,2.9495,20
2016,09X110,P.S. 110 Theodore Schoenfeld,EMS,3.096,20
2016,09X232,I.S. 232,EMS,3.136296296296296,27
2016,09X114,P.S. X114 - Luis Llorens Torres Schools,EMS,2.3504545454545456,22
2016,09X128,Mott Hall III,EMS,3.8254166666666665,24
2016,09X117,I.S. 117 Joseph H. Wade,EMS,2.8444444444444446,27
2016,09X126,P.S. 126 Dr Marjorie H Dunbar,EMS,2.966315789473684,19
2016,09X132,P.S. 132 Garret A. Morgan,EMS,2.239,20
2016,09X145,J.H.S. 145 Arturo Toscanini,EMS,2.1326923076923077,26
2016,09X163,P.S. 163 Arthur A. Schomburg,EMS,3.255,18
2016,09X170,P.S. 170,EC,2.625,2
2016,09X199,P.S. 199X - The Shakespeare School,EMS,2.528,20
2016,09X204,P.S. 204 Morris Heights,EMS,4.223636363636364,22
2016,09X215,Kappa,EMS,3.169259259259259,27
2016,09X218,P.S./I.S. 218 Rafael Hernandez Dual Language Magne,EMS,3.4796,25
2016,09X227,Bronx Collegiate Academy,HS,2.9229032258064516,31
2016,09X229,I.S. 229 Roland Patterson,EMS,2.892962962962963,27
2016,09X231,Eagle Academy for Young Men,EMS,3.20875,24
2016,09X231,Eagle Academy for Young Men,HS,3.6746666666666665,30
2016,09X236,P.S. 236 Langston Hughes,EMS,3.2975,16
2016,09X241,Urban Assembly School for Applied Math and Science,EMS,3.351111111111111,27
2016,09X241,Urban Assembly School for Applied Math and Science,HS,3.2582758620689654,29
2016,09X250,Eximius College Preparatory Academy: A College Boa,HS,3.891935483870968,31
2016,09X252,Mott Hall Bronx High School,HS,3.661290322580645,31
2016,09X260,Bronx Center for Science and Mathematics,HS,3.8838461538461537,26
2016,09X263,Validus Preparatory Academy,HS,2.4012903225806452,31
2016,09X274,The New American Academy at Roberto Clemente State,EMS,2.5673684210526315,19
2016,09X276,Leadership Institute,HS,2.123548387096774,31
2016,09X294,The Walton Avenue School,EMS,4.707058823529412,17
2016,09X311,Lucero Elementary School,EMS,3.851578947368421,19
2016,09X297,Morris Academy for Collaborative Studies,HS,3.680967741935484,31
2016,09X303,I.S. X303 Leadership & Community Service,EMS,4.2392,25
2016,09X325,Urban Science Academy,EMS,2.1333333333333333,27
2016,09X313,I.S. 313 School of Leadership Development,EMS,2.7052,25
2016,09X323,Bronx Writing Academy,EMS,2.9433333333333334,27
2016,09X324,Bronx Early College Academy for Teaching & Learnin,EMS,2.7888888888888888,27
2016,09X324,Bronx Early College Academy for Teaching & Learnin,HS,3.5706666666666664,30
2016,09X327,Comprehensive Model School Project M.S. 327,EMS,4.14,25
2015,19K364,I.S. 364 Gateway,EMS,3.67125,24
2016,09X327,Comprehensive Model School Project M.S. 327,HS,2.9204,25
2016,09X328,New Millennium Business Academy Middle School,EMS,2.6751851851851853,27
2016,09X329,DreamYard Preparatory School,HS,3.0203225806451615,31
2016,09X350,New Directions Secondary School,EMS,2.108888888888889,27
2016,09X350,New Directions Secondary School,HST,2.352222222222222,9
2016,09X361,The Highbridge Green School,EMS,3.7781481481481483,27
2016,09X365,Academy for Language and Technology,HS,4.268666666666666,30
2016,09X403,Bronx International High School,HS,3.9592,25
2016,09X404,School for Excellence,HS,2.9070967741935485,31
2016,09X412,Bronx High School of Business,HS,2.9748387096774196,31
2016,09X413,Bronx High School for Medical Science,EMS,3.90625,24
2016,09X413,Bronx High School for Medical Science,HS,3.3857142857142857,28
2016,09X443,The Family School,EMS,3.1904545454545454,22
2016,09X449,Grant Avenue Elementary School,EMS,3.1414999999999997,20
2016,09X454,Science and Technology Academy: A Mott Hall School,EMS,4.159259259259259,27
2016,09X505,"Bronx School for Law, Government and Justice",EMS,3.74,25
2016,09X457,Sheridan Academy for Young Leaders,EMS,2.9925,20
2016,09X505,"Bronx School for Law, Government and Justice",HS,3.3106666666666666,30
2016,09X517,Frederick Douglass Academy III Secondary School,HS,3.0396774193548386,31
2016,09X525,Bronx Leadership Academy High School,HS,2.3516129032258064,31
2016,09X543,High School for Violin and Dance,HS,2.6386666666666665,30
2016,09X555,Mount Eden Children's Academy,EMS,3.3705882352941177,17
2016,09X564,Claremont International HS,HS,2.8004761904761906,21
2016,09X568,Young Women's Leadership School of the Bronx,EMS,3.237727272727273,22
2016,09X568,Young Women's Leadership School of the Bronx,HS,3.02,11
2016,10X003,P.S. 3 Raul Julia Micro Society,EMS,3.4565384615384613,26
2016,10X254,I.S. 254,EMS,3.082222222222222,27
2016,10X007,Milton Fein School,EMS,3.0295,20
2016,10X008,P.S. 008 Isaac Varian,EMS,3.1136363636363638,22
2016,10X340,P.S. 340,EMS,2.8035,20
2016,10X009,P.S. 9 Ryer Avenue Elementary School,EMS,3.0904545454545453,22
2016,10X015,P.S. X015 Institute for Environmental Learning,EMS,3.5584,25
2016,10X020,"P.S./M.S. 20 P.O.George J. Werdann, III",EMS,3.225185185185185,27
2016,10X023,P.S. 023 The New Children's School,EMS,3.0731818181818182,22
2016,10X024,P.S. 024 Spuyten Duyvil,EMS,3.205,12
2016,10X032,P.S. 032 Belmont,EMS,2.785,22
2016,10X033,P.S. 033 Timothy Dwight,EMS,3.1931818181818183,22
2016,10X037,P.S. X037 - Multiple Intelligence School,EMS,3.452,25
2016,10X045,Thomas C. Giordano Middle School 45,EMS,2.8374074074074076,27
2016,10X046,P.S. 046 Edgar Allan Poe,EMS,2.1754545454545453,22
2016,10X051,P.S. 051 Bronx New School,EMS,2.0076923076923077,13
2016,10X054,P.S./I.S. 54,EMS,2.554,20
2016,10X056,P.S. 056 Norwood Heights,EMS,3.460909090909091,22
2016,10X059,P.S. 059 The Community School of Technology,EMS,2.8068181818181817,22
2016,10X077,Bedford Park Elementary School,EC,3.0599999999999996,2
2016,10X080,J.H.S. 080 The Mosholu Parkway,EMS,3.287777777777778,27
2016,10X081,P.S. 081 Robert J. Christen,EMS,4.130909090909091,11
2016,10X391,The Angelo Patri Middle School,EMS,2.6285185185185185,27
2016,10X085,P.S. 085 Great Expectations,EMS,2.4154545454545455,22
2016,10X086,P.S. 086 Kingsbridge Heights,EMS,3.3449999999999998,22
2016,10X091,P.S. 091 Bronx,EMS,3.116,20
2016,10X094,P.S. 094 Kings College School,EMS,2.211,20
2016,10X095,P.S. 095 Sheila Mencher,EMS,3.0125925925925925,27
2016,10X118,J.H.S. 118 William W. Niles,EMS,2.6151851851851853,27
2016,10X141,Riverdale / Kingsbridge Academy (Middle School / H,EMS,3.229090909090909,22
2016,10X141,Riverdale / Kingsbridge Academy (Middle School / H,HS,3.1086206896551722,29
2016,10X159,P.S. 159 Luis Munoz Marin Biling,EMS,3.571111111111111,18
2016,10X205,P.S. 205 Fiorello Laguardia,EMS,3.0627272727272725,22
2016,10X206,I.S. 206 Ann Mersereau,EMS,2.6414814814814815,27
2016,10X207,P.S. 207,EC,3.875,2
2016,10X209,P.S. 209,EC,2.775,2
2016,10X213,Bronx Engineering and Technology Academy,HS,2.746774193548387,31
2016,10X225,Theatre Arts Production Company School,EMS,3.563181818181818,22
2016,10X225,Theatre Arts Production Company School,HS,2.679,30
2016,10X226,P.S. 226,EMS,2.932272727272727,22
2016,10X228,Jonas Bronck Academy,EMS,3.5241666666666664,24
2016,10X237,"The Marie Curie School for Medicine, Nursing, and",HS,2.663,30
2016,10X396,P.S. 396,EMS,2.7195,20
2016,10X243,West Bronx Academy for the Future,EMS,2.9588888888888887,27
2016,10X434,Belmont Preparatory High School,HS,3.948709677419355,31
2016,10X243,West Bronx Academy for the Future,HS,3.183666666666667,30
2016,10X244,The New School for Leadership and Journalism,EMS,3.9496296296296296,27
2016,10X246,P.S. 246 Poe Center,EMS,2.210909090909091,22
2016,10X264,Bronx Academy for Software Engineering (BASE),HS,2.72875,24
2016,10X268,Kingsbridge International High School,HS,2.4113333333333333,30
2016,10X279,"P.S. 279 Captain Manuel Rivera, Jr.",EMS,3.4939999999999998,25
2016,10X280,P.S./M.S. 280 Mosholu Parkway,EMS,3.6792592592592595,27
2016,10X284,Bronx School of Law and Finance,HS,2.865483870967742,31
2016,10X447,Creston Academy,EMS,3.9076,25
2016,10X291,P.S. 291,EMS,3.069,20
2016,10X306,P.S. 306,EMS,2.81,20
2016,10X307,Luisa Pineiro Fuentes School of Science and Discov,EMS,2.6115,20
2016,10X308,Bronx Dance Academy School,EMS,3.7432,25
2016,10X315,P.S. 315 Lab School,EMS,2.7868,25
2016,10X319,Providing Urban Learners Success In Education High,HST,2.6965384615384616,26
2016,10X331,The Bronx School of Young Leaders,EMS,3.3424,25
2016,10X342,International School for Liberal Arts,EMS,3.821304347826087,23
2016,10X342,International School for Liberal Arts,HS,2.3806666666666665,30
2016,10X344,Ampark Neighborhood,EMS,2.5046666666666666,15
2016,10X351,Bronx Collaborative High School,HS,2.677,20
2015,20K180,The SEEALL Academy,EMS,4.13304347826087,23
2016,10X353,World View High School,HS,4.309583333333333,24
2016,10X360,P.S. 360,EMS,2.7994736842105263,19
2016,10X363,Academy For Personal Leadership And Excellence,EMS,3.618888888888889,27
2016,10X546,Bronx Theatre High School,HS,2.466774193548387,31
2016,10X368,In-Tech Academy (M.S. / High School 368),EMS,2.544,25
2016,10X368,In-Tech Academy (M.S. / High School 368),HS,3.2696774193548386,31
2016,10X374,Knowledge and Power Preparatory Academy Internatio,HS,3.9683333333333333,30
2016,10X382,"Elementary School for Math, Science, and Technolog",EMS,2.321,20
2016,10X386,School for Environmental Citizenship,EMS,2.5,20
2016,10X390,M.S. 390,EMS,2.795185185185185,27
2016,10X433,High School for Teaching and the Professions,HS,3.1441935483870966,31
2016,10X437,Fordham High School for the Arts,HS,3.6851724137931035,29
2016,10X438,Fordham Leadership Academy for Business and Techno,HS,3.318709677419355,31
2016,11X089,P.S. 089 Bronx,EMS,3.375384615384615,26
2016,10X439,Bronx High School for Law and Community Service,HS,3.9661290322580647,31
2016,10X440,DeWitt Clinton High School,HS,2.0903225806451613,31
2016,10X442,"Celia Cruz Bronx High School of Music, The",HS,3.6779310344827585,29
2016,10X445,Bronx High School of Science,HS,4.794583333333334,24
2016,10X459,East Fordham Academy for the Arts,EMS,2.357037037037037,27
2016,10X504,Kennedy Yabc,YABC,2.031304347826087,23
2016,10X477,Marble Hill High School for International Studies,HS,4.451290322580645,31
2016,10X503,Walton Yabc,YABC,3.3404347826086958,23
2016,10X524,Crotona International High School,HS,2.4888461538461537,26
2016,10X549,Discovery High School,HS,4.159354838709677,31
2016,10X565,High School for Energy and Technology,HS,2.815,26
2016,10X668,Dewitt Clinton Campus YABC,YABC,2.6857142857142855,21
2016,10X696,High School of American Studies at Lehman College,HS,4.680416666666667,24
2016,11X016,P.S. 016 Wakefield,EMS,2.783157894736842,19
2016,11X019,P.S. 019 Judith K. Weiss,EMS,3.3713636363636366,22
2016,11X021,P.S. 021 Philip H. Sheridan,EMS,2.4858823529411764,17
2016,11X041,P.S. 041 Gun Hill Road,EMS,3.631875,16
2016,11X068,P.S. 068 Bronx,EMS,3.1282352941176472,17
2016,11X078,P.S. 078 Anne Hutchinson,EMS,3.022,15
2016,11X076,P.S. 076 The Bennington School,EMS,2.181,20
2016,11X083,P.S. 083 Donald Hertz,EMS,2.7985185185185184,27
2016,11X087,P.S. 087 Bronx,EMS,2.3557894736842107,19
2016,11X096,P.S. 096 Richard Rodgers,EMS,2.4110526315789476,19
2016,11X097,P.S. 097 Bronx,EMS,2.8494117647058825,17
2016,11X103,P.S. 103 Hector Fontanez,EMS,2.2715,20
2016,11X105,P.S. 105 Sen Abraham Bernstein,EMS,3.6515,20
2016,11X106,P.S. 106 Parkchester,EMS,2.6814999999999998,20
2016,11X108,P.S. 108 Philip J. Abinanti,EMS,3.363157894736842,19
2016,12X267,Bronx Latin,EMS,3.5272,25
2016,11X111,P.S. 111 Seton Falls,EMS,2.443157894736842,19
2016,11X112,P.S. 112 Bronxwood,EMS,2.780588235294118,17
2016,11X121,P.S. 121 Throop,EMS,2.0486666666666666,15
2016,11X127,J.H.S. 127 The Castle Hill,EMS,2.9714814814814816,27
2016,11X144,J.H.S. 144 Michelangelo,EMS,3.18125,24
2016,11X153,P.S. 153 Helen Keller,EMS,2.566470588235294,17
2016,11X160,P.S. 160 Walt Disney,EMS,3.1205882352941177,17
2016,11X169,Baychester Academy,EMS,4.181176470588236,17
2016,11X175,P.S. 175 City Island,EMS,2.5610526315789475,19
2016,11X178,P.S. 178 - Dr. Selman Waksman,EMS,2.632222222222222,18
2016,11X180,M.S. 180 Dr. Daniel Hale Williams,EMS,3.5375,20
2016,11X181,I.S. 181 Pablo Casals,EMS,3.44875,24
2016,11X194,P.S./M.S. 194,EMS,2.88,25
2016,11X189,Cornerstone Academy for Social Action,EMS,3.2270588235294118,17
2016,11X249,Bronx Health Sciences High School,HS,3.28625,24
2016,11X253,Bronx High School for Writing and Communication Ar,HS,2.7123333333333335,30
2016,11X265,Bronx Lab School,HS,2.8884615384615384,26
2016,11X270,Academy for Scholarship and Entrepreneurship: A Co,HS,3.0803333333333334,30
2016,11X275,High School of Computers and Technology,HS,3.5816666666666666,30
2016,11X287,North Bronx School of Empowerment,EMS,2.57,25
2016,11X288,Collegiate Institute for Math and Science,HS,3.5284615384615385,26
2016,11X289,The Young Scholars Academy of The Bronx,EMS,2.3004166666666666,24
2016,11X290,Bronx Academy of Health Careers,HS,3.383225806451613,31
2016,11X299,Astor Collegiate Academy,HS,2.7943333333333333,30
2016,11X326,Bronx Green Middle School,EMS,3.219259259259259,27
2016,11X355,Bronx Alliance Middle School,EMS,3.1391666666666667,24
2016,11X357,Young Voices Academy of the Bronx,EC,3.365,2
2016,11X370,Leaders of Tomorrow,EMS,2.8785185185185185,27
2016,11X417,C Columbus Hs Yabc,YABC,3.957222222222222,18
2016,11X418,Bronx High School for the Visual Arts,HS,2.546333333333333,30
2016,11X455,Harry S Truman High School,HS,3.4046666666666665,30
2016,11X462,Cornerstone Academy for Social Action Middle Schoo,EMS,3.1508695652173913,23
2016,11X468,Pelham Academy of Academics and Community Engageme,EMS,3.2495833333333333,24
2016,11X481,The STEAM Bridge School,EC,2.9050000000000002,2
2016,11X483,The Matilda Avenue School,EC,2.19,1
2016,11X498,P.S./M.S. 11X498 - VAN NEST ACADEMY,EMS,3.4965,20
2016,11X508,Bronxdale High School,HS,2.943,30
2016,11X509,High School of Language and Innovation,HS,3.376,30
2016,11X514,The Bronxwood Preparatory Academy,HS,2.780333333333333,30
2016,11X529,One World Middle School at Edenwald,EMS,3.83375,24
2016,12X242,Mott Hall V,HS,3.6593548387096773,31
2016,11X532,Baychester Middle School,EMS,2.9336363636363636,22
2016,11X542,Pelham Preparatory Academy,HS,3.5766666666666667,30
2016,11X544,High School for Contemporary Arts,HS,3.063,30
2016,11X545,Bronx Aerospace High School,HS,2.9561290322580644,31
2016,11X556,Bronx Park Middle School,EMS,3.3192307692307694,26
2016,11X566,Pelham Gardens Middle School,EMS,3.3716666666666666,24
2016,12X248,"Metropolitan High School, The",HS,2.460967741935484,31
2016,12X006,P.S. 006 West Farms,EMS,2.618,20
2016,12X044,P.S. 044 David C. Farragut,EMS,2.4277777777777776,18
2016,12X047,P.S. 047 John Randolph,EMS,2.2563636363636363,22
2016,12X057,P.S. 057 Crescent,EMS,2.363157894736842,19
2016,12X061,P.S. 061 Francisco Oller,EMS,2.5544444444444445,18
2016,12X066,P.S. 066 School of Higher Expectations,EMS,2.165,22
2016,12X067,P.S. 067 Mohegan School,EMS,3.332272727272727,22
2016,12X092,P.S. 092 Bronx,EMS,2.5236363636363635,22
2016,12X098,J.H.S. 098 Herman Ridder,EMS,2.842962962962963,27
2016,12X129,M.S. 129 Academy for Independent Learning and Lead,EMS,3.676296296296296,27
2016,12X134,P.S. 134 George F. Bristow,EMS,2.6755,20
2016,12X150,P.S. 150 Charles James Fox,EMS,3.1470000000000002,20
2016,12X190,E.S.M.T- I.S. 190,EMS,3.462222222222222,27
2016,12X195,P.S. 195,EMS,2.1063636363636364,22
2016,12X196,P.S. 196,EMS,2.286,20
2016,12X211,P.S. 211,EMS,3.2288888888888887,27
2016,12X212,P.S. 212,EMS,2.3092,25
2016,12X214,P.S. 214,EMS,2.8044444444444445,27
2016,12X217,School of Performing Arts,EMS,2.7056,25
2016,12X242,Mott Hall V,EMS,3.005925925925926,27
2016,12X251,Explorations Academy,HS,3.043225806451613,31
2016,12X267,Bronx Latin,HS,4.171290322580645,31
2016,12X271,East Bronx Academy for the Future,EMS,3.114074074074074,27
2016,12X271,East Bronx Academy for the Future,HS,3.2887096774193547,31
2016,12X273,Frederick Douglass Academy V. Middle School,EMS,2.44,24
2016,12X286,Fannie Lou Hamer Middle School,EMS,2.6648,25
2016,12X300,The School of Science and Applied Learning,EMS,1.9895454545454545,22
2016,12X316,Kappa III,EMS,3.3176923076923077,26
2016,12X314,Fairmont Neighborhood School,EMS,1.8833333333333333,21
2016,12X318,"I.S. X318 Math, Science & Technology Through Arts",EMS,3.1999999999999997,27
2016,12X321,Crotona Academy High School,HST,2.523846153846154,26
2016,12X372,Urban Assembly School for Wildlife Conservation,EMS,2.3774074074074076,27
2016,12X372,Urban Assembly School for Wildlife Conservation,HS,2.664516129032258,31
2016,12X383,Emolior Academy,EMS,3.0533333333333332,27
2016,12X388,Pan American International High School at Monroe,HS,4.638461538461539,26
2016,12X428,Learning To Work Yabc At Monroe Academy,YABC,2.063181818181818,22
2016,12X446,Arturo A. Schomburg Satellite Academy Bronx,HST,3.642857142857143,21
2016,12X458,Samara Community School,EC,2.54,2
2016,12X463,Urban Scholars Community School,EMS,3.0844444444444443,18
2016,12X478,The Cinema School,HS,3.4079166666666665,24
2016,12X479,Bronx Career and College Preparatory High School,HS,2.168709677419355,31
2016,12X480,Bronx Regional High School,HST,2.0953846153846154,26
2016,12X511,Bronx Envision Academy,HS,3.131333333333333,30
2016,12X521,The Metropolitan Soundview High School,HS,2.990322580645161,31
2016,12X531,Archer Elementary School,EMS,3.3995454545454544,22
2016,12X536,P.S. 536,EMS,2.6416666666666666,18
2016,12X550,High School of World Cultures,HS,1.986206896551724,29
2016,12X682,Fannie Lou Hamer Freedom High School,HS,3.512,25
2016,12X684,Wings Academy,HS,2.6026666666666665,30
2016,14K017,P.S. 017 Henry D. Woodworth,EMS,3.7105,20
2016,12X691,Bronx Little School,EMS,2.281111111111111,18
2016,12X692,Monroe Academy for Visual Arts & Design,HS,2.5945161290322583,31
2016,13K003,P.S. 003 The Bedford Village,EMS,2.493157894736842,19
2016,13K008,P.S. 008 Robert Fulton,EMS,3.484375,16
2016,13K009,P.S. 009 Teunis G. Bergen,EMS,2.717142857142857,14
2016,13K011,P.S. 011 Purvis J. Behan,EMS,4.112727272727273,11
2016,13K020,P.S. 020 Clinton Hill,EMS,3.4413333333333336,15
2016,13K044,P.S. 044 Marcus Garvey,EMS,2.632941176470588,17
2016,13K046,P.S. 046 Edward C. Blum,EMS,2.8645,20
2016,13K054,P.S. 054 Samuel C. Barnes,EMS,2.4605,20
2016,13K056,P.S. 056 Lewis H. Latimer,EMS,2.421333333333333,15
2016,13K067,P.S. 067 Charles A. Dorsey,EMS,3.1094736842105264,19
2016,13K093,P.S. 093 William H. Prescott,EMS,3.1411764705882352,17
2016,13K113,M.S. 113 Ronald Edmonds Learning Center,EMS,2.3533333333333335,24
2016,13K133,P.S. 133 William A. Butler,EMS,2.2941666666666665,12
2016,13K256,P.S. 256 Benjamin Banneker,EMS,3.1553333333333335,15
2016,13K265,Dr. Susan S. McKinney Secondary School of the Arts,EMS,2.9363636363636365,22
2016,13K265,Dr. Susan S. McKinney Secondary School of the Arts,HS,2.1403333333333334,30
2016,13K266,M.S. K266 - Park Place Community Middle School,EMS,2.861666666666667,24
2016,13K270,P.S. 270 Johann DeKalb,EMS,2.628,20
2016,13K282,P.S. 282 Park Slope,EMS,2.7954166666666667,24
2016,13K287,P.S. 287 Bailey K. Ashford,EMS,2.3533333333333335,18
2016,13K301,Satellite East Middle School,EMS,3.2856,25
2016,13K305,P.S. 305 Dr. Peter Ray,EMS,2.6046666666666667,15
2016,13K307,P.S. 307 Daniel Hale Williams,EMS,2.698235294117647,17
2016,13K313,Dock Street School for STEAM Studies,EMS,3.3736363636363635,22
2016,13K350,Urban Assembly School for Music and Art,HS,2.667666666666667,30
2016,13K351,The Urban Assembly Unison School,EMS,2.4830434782608695,23
2016,13K412,"Brooklyn Community High School of Communication, A",HS,3.087,30
2016,13K419,"Science Skills Center High School for Science, Tec",HS,3.4823333333333335,30
2016,13K439,Brooklyn International High School,HS,4.4528,25
2016,13K483,The Urban Assembly School for Law and Justice,HS,4.025333333333333,30
2016,13K492,Academy of Arts and Letters,EMS,3.604375,16
2016,13K499,ACORN Community High School,HS,3.3626666666666667,30
2016,13K527,Urban Assembly Institute of Math and Science for Y,EMS,3.187894736842105,19
2016,13K527,Urban Assembly Institute of Math and Science for Y,HS,3.1313793103448275,29
2016,13K553,Brooklyn Academy High School,HST,3.706923076923077,26
2016,13K575,Bedford Stuyvesant Preparatory High School,HST,3.3970833333333332,24
2016,13K594,Gotham Professional Arts Academy,HS,2.5688,25
2016,13K595,Bedford Academy High School,HS,3.8470833333333334,24
2016,13K605,George Westinghouse Career and Technical Education,HS,2.3813333333333335,30
2016,13K616,Brooklyn High School for Leadership and Community,HST,2.145,26
2016,13K657,Downtown Brooklyn Yabc,YABC,2.936818181818182,22
2016,13K670,Benjamin Banneker Academy,HS,2.42125,24
2016,13K674,"City Polytechnic High School of Engineering, Archi",HS,2.711,30
2016,13K691,Fort Greene Preparatory Academy,EMS,2.381818181818182,22
2016,14K016,P.S. 016 Leonard Dunkly,EMS,2.728823529411765,17
2016,14K018,P.S. 018 Edward Bush,EMS,3.4022727272727273,22
2016,14K023,P.S. 023 Carter G. Woodson,EMS,2.4472727272727273,22
2016,14K031,P.S. 031 Samuel F. Dupont,EMS,3.5100000000000002,13
2016,14K034,P.S. 034 Oliver H. Perry,EMS,3.08875,16
2016,14K059,P.S. 059 William Floyd,EMS,3.2913636363636365,22
2016,14K071,Juan Morel Campos Secondary School,EMS,2.872962962962963,27
2016,14K071,Juan Morel Campos Secondary School,HS,2.662903225806452,31
2016,14K084,P.S. 084 Jose De Diego,EMS,2.5222727272727274,22
2016,14K110,P.S. 110 The Monitor,EMS,2.6894444444444443,18
2016,14K120,P.S. 120 Carlos Tapia,EMS,2.698,20
2016,14K126,John Ericsson Middle School 126,EMS,3.3933333333333335,27
2016,14K132,P.S. 132 The Conselyea School,EMS,2.328666666666667,15
2016,14K147,P.S. 147 Isaac Remsen,EMS,3.035263157894737,19
2016,14K157,P.S./I.S. 157 The Benjamin Franklin Health & Scien,EMS,2.3396296296296297,27
2016,14K582,M.S. 582,EMS,3.5684615384615386,26
2015,23K697,Teachers Preparatory High School,EMS,2.9436363636363634,22
2016,14K196,P.S. 196 Ten Eyck,EMS,2.0359090909090907,22
2016,14K250,P.S. 250 George H. Lindsay,EMS,2.531111111111111,18
2016,14K257,P.S. 257 John F. Hylan,EMS,3.218,20
2016,14K297,P.S. 297 Abraham Stockton,EMS,2.601875,16
2016,14K318,I.S. 318 Eugenio Maria De Hostos,EMS,2.710909090909091,22
2016,14K319,P.S. 319,EC,3.66,2
2016,14K380,P.S. 380 John Wayne Elementary,EMS,4.138181818181818,22
2016,14K414,Brooklyn Arbor Elementary School,EMS,2.66,19
2016,14K449,"Brooklyn Latin School, The",HS,4.070434782608696,23
2016,14K454,Green School: An Academy for Environmental Careers,HS,3.0361290322580645,31
2016,14K474,PROGRESS High School for Professional Careers,HS,2.9558064516129035,31
2016,14K477,School for Legal Studies,HS,2.96,31
2016,14K478,"The High School for Enterprise, Business and Techn",HS,3.197741935483871,31
2016,14K558,Williamsburg High School for Architecture and Desi,HS,4.19,30
2016,14K561,Williamsburg Preparatory School,HS,4.095,30
2016,14K577,Conselyea Preparatory School,EMS,3.0995454545454546,22
2016,14K586,Lyons Community School,EMS,1.9504166666666667,24
2016,14K586,Lyons Community School,HS,2.727692307692308,26
2016,14K610,Automotive High School,HS,2.7399999999999998,30
2016,14K614,Young Women's Leadership School of Brooklyn,EMS,3.047222222222222,18
2016,14K614,Young Women's Leadership School of Brooklyn,HS,3.740689655172414,29
2016,14K632,Frances Perkins Academy,HS,3.8103333333333333,30
2016,14K685,El Puente Academy for Peace and Justice,HS,3.3603846153846155,26
2016,14K923,Automotive High School Yabc,YABC,2.12375,24
2016,15K001,P.S. 001 The Bergen,EMS,3.1027272727272726,22
2016,15K010,"Magnet School of Math, Science and Design Technolo",EMS,3.9307692307692306,13
2016,15K015,P.S. 015 Patrick F. Daly,EMS,3.182857142857143,14
2016,15K024,P.S. 024,EMS,2.897777777777778,18
2016,15K029,P.S. 029 John M. Harrigan,EMS,3.2763636363636364,11
2016,15K032,P.S. 032 Samuel Mills Sprole,EMS,3.15,11
2016,15K038,P.S. 038 The Pacific,EMS,3.4347368421052633,19
2016,15K039,P.S. 039 Henry Bristow,EMS,4.307272727272728,11
2016,15K051,M.S. 51 William Alexander,EMS,3.8355555555555556,18
2016,15K058,P.S. 058 The Carroll,EMS,3.5641666666666665,12
2016,15K088,J.H.S. 088 Peter Rouget,EMS,3.6980769230769233,26
2016,15K094,P.S. 094 The Henry Longfellow,EMS,3.043888888888889,18
2016,15K107,P.S. 107 John W. Kimball,EMS,3.6263636363636365,11
2016,15K118,The Maurice Sendak Community School,EC,3.505,2
2016,15K124,P.S. 124 Silas B. Dutcher,EMS,3.476,20
2016,15K130,P.S. 130 The Parkside,EMS,3.344705882352941,17
2016,15K131,P.S. 131 Brooklyn,EMS,3.835,20
2016,15K136,I.S. 136 Charles O. Dewey,EMS,3.342222222222222,27
2016,15K146,"The Brooklyn New School, P.S. 146",EMS,3.5700000000000003,3
2016,15K154,The Windsor Terrace School,EMS,3.7854545454545456,11
2016,15K169,P.S. 169 Sunset Park,EMS,3.1122222222222224,18
2016,15K172,P.S. 172 Beacon School of Excellence,EMS,4.60125,16
2016,15K230,P.S. 230 Doris L. Cohen,EMS,3.37375,16
2016,15K261,P.S. 261 Philip Livingston,EMS,2.757,10
2016,15K295,P.S. 295,EMS,3.482666666666667,15
2016,15K321,P.S. 321 William Penn,EMS,4.008461538461538,13
2016,15K418,The Children's School,EMS,2.350909090909091,11
2016,15K423,Brooklyn Frontiers High School,HST,3.132727272727273,11
2016,15K429,Digital Arts and Cinema Technology High School,EMS,3.0540000000000003,20
2016,15K429,Digital Arts and Cinema Technology High School,HS,3.2136666666666667,30
2016,15K442,M.S. 442 Carroll Gardens School for Innovation,EMS,3.168,20
2016,15K443,New Voices School of Academic & Creative Arts,EMS,4.154375,16
2016,15K447,The Math & Science Exploratory School,EMS,4.416875,16
2016,15K448,Brooklyn Secondary School for Collaborative Studie,EMS,2.2928571428571427,14
2016,15K448,Brooklyn Secondary School for Collaborative Studie,HS,3.6472,25
2016,15K462,John Jay School for Law,HS,3.223793103448276,29
2016,15K463,Secondary School for Journalism,HS,2.1733333333333333,30
2016,15K464,Park Slope Collegiate,HS,2.9306451612903226,31
2016,15K497,The Boerum Hill School for International Studies,EMS,2.5172,25
2016,15K497,The Boerum Hill School for International Studies,HS,2.162,30
2016,15K516,Sunset Park Avenues Elementary School,EC,3.065,2
2016,15K519,Cobble Hill School of American Studies,HS,3.4133333333333336,30
2016,15K529,West Brooklyn Community High School,HST,3.0976923076923075,26
2016,15K592,Khalil Gibran International Academy,HS,2.9073076923076924,26
2016,15K656,Brooklyn High School of the Arts,HS,2.7204166666666665,24
2016,15K667,Sunset Park High School,HS,3.317741935483871,31
2016,15K676,Red Hook Neighborhood School,EMS,2.3654545454545453,22
2016,15K684,Millennium Brooklyn HS,HS,4.2208,25
2016,15K698,South Brooklyn Community High School,HST,2.4,26
2016,15K821,Sunset Park Prep,EMS,3.708076923076923,26
2016,15K839,M.S. 839,EMS,3.2600000000000002,17
2016,16K005,P.S. 005 Dr. Ronald Mcnair,EMS,3.53,13
2016,16K021,P.S. 021 Crispus Attucks,EMS,3.108125,16
2016,16K025,P.S. 025 Eubie Blake School,EMS,4.5200000000000005,19
2016,16K026,P.S. 026 Jesse Owens,EMS,4.045294117647059,17
2016,19K639,Brooklyn Lab School,HS,2.7306451612903224,31
2016,16K028,P.S. 028 The Warren Prep Academy,EMS,3.2135294117647057,17
2016,20K104,P.S./I.S. 104 The Fort Hamilton School,EMS,3.4863636363636363,22
2016,16K035,M.S. 035 Stephen Decatur,EMS,3.6391666666666667,24
2016,16K040,P.S. 040 George W. Carver,EMS,3.9794117647058824,17
2016,16K057,J.H.S. 057 Whitelaw Reid,EMS,3.544166666666667,24
2016,16K081,P.S. 081 Thaddeus Stevens,EMS,2.651904761904762,21
2016,16K243,P.S. 243K- The Weeksville School,EMS,2.358235294117647,17
2016,21K153,P.S. 153 Homecrest,EMS,3.5885714285714285,21
2016,17K122,Pathways in Technology Early College High School (,HS,3.3413333333333335,30
2016,16K262,P.S. 262 El Hajj Malik El Shabazz Elementary Schoo,EMS,2.111666666666667,24
2016,16K267,"M.S. 267 Math, Science & Technology",EMS,3.814782608695652,23
2016,16K455,Boys and Girls High School,HS,3.0096666666666665,30
2016,16K308,P.S. 308 Clara Cardwell,EMS,2.0445454545454544,22
2016,16K309,P.S. 309 The George E. Wibecan Preparatory Academy,EMS,2.8766666666666665,21
2016,17K394,M.S. K394,EMS,2.2876190476190477,21
2015,25Q425,John Bowne High School,HS,2.9046875,32
2016,16K335,P.S. 335 Granville T. Woods,EMS,2.4129411764705884,17
2016,16K393,Frederick Douglass Academy IV Secondary School,HS,2.4203846153846156,26
2016,16K498,Brooklyn High School for Law and Technology,HS,2.7076666666666664,30
2016,16K584,M.S. 584,EMS,2.535,22
2016,16K627,Brighter Choice Community School,EMS,3.330625,16
2016,16K628,Brooklyn Brownstone School,EMS,3.3,17
2016,16K669,Research and Service High School,HST,2.7634615384615384,26
2016,16K681,Madiba Prep Middle School,EMS,3.12625,24
2016,16K688,The Brooklyn Academy of Global Finance,HS,2.8296428571428573,28
2015,27Q334,Epic High School - North,HS,2.991111111111111,9
2016,16K765,Nelson Mandela High School,HS,2.11,14
2016,16K959,BOYS AND GIRLS YABC,YABC,3.8856521739130434,23
2016,17K002,Parkside Preparatory Academy,EMS,3.388888888888889,27
2016,17K006,Norma Adams Clemons Academy,EMS,2.4454545454545453,22
2016,17K012,Dr. Jacqueline Peek-Davis School,EMS,4.003529411764706,17
2016,17K061,M.S. 061 Dr. Gladstone H. Atwell,EMS,2.2354166666666666,24
2016,17K091,P.S. 091 The Albany Avenue School,EMS,3.365263157894737,19
2016,17K092,P.S. 092 Adrian Hegeman,EMS,2.323,20
2016,17K138,P.S. 138 Brooklyn,EMS,3.7812,25
2016,17K161,P.S. 161 The Crown,EMS,2.7,15
2016,17K181,P.S. 181 Brooklyn,EMS,2.7928,25
2016,17K189,P.S. 189 The Bilingual Center,EMS,3.699047619047619,21
2016,17K191,P.S. 191 Paul Robeson,EMS,3.643846153846154,13
2016,17K221,P.S. 221 Toussaint L'Ouverture,EMS,2.952777777777778,18
2016,17K241,P.S. 241 Emma L. Johnston,EMS,2.3675,16
2016,17K246,M.S. 246 Walt Whitman,EMS,3.1377777777777776,27
2016,17K249,P.S. 249 The Caton,EMS,4.304444444444445,18
2016,17K289,P.S. 289 George V. Brower,EMS,4.061578947368421,19
2016,17K316,P.S. 316 Elijah Stroud,EMS,4.5323529411764705,17
2016,17K340,I.S. 340,EMS,2.55625,24
2016,17K352,Ebbets Field Middle School,EMS,3.3936,25
2016,21K288,P.S. 288 The Shirley Tanyhill,EMS,2.5825925925925928,27
2016,17K353,Elijah Stroud Middle School,EMS,3.932916666666667,24
2016,17K354,The School of Integrated Learning,EMS,4.12875,24
2016,17K375,P.S. 375 Jackie Robinson School,EMS,2.661363636363636,22
2016,17K382,Academy for College Preparation and Career Explora,EMS,2.5318181818181817,22
2016,17K382,Academy for College Preparation and Career Explora,HS,2.841666666666667,30
2016,17K397,P.S. 397 Foster-Laurie,EMS,4.325,16
2016,17K398,P.S. 398 Walter Weaver,EMS,3.6157894736842104,19
2016,17K399,P.S. 399 Stanley Eugene Clark,EMS,2.039230769230769,13
2016,17K408,Academy of Hospitality and Tourism,HS,3.02,31
2016,17K467,Erasmus Yabc,YABC,1.7556521739130435,23
2016,17K484,Ronald Edmonds Learning Center II,EMS,3.7554166666666666,24
2016,17K489,W.E.B. Dubois Academic High School,HST,2.3824,25
2016,17K524,International High School at Prospect Heights,HS,3.3234615384615385,26
2016,17K528,The High School for Global Citizenship,HS,2.7616129032258065,31
2016,17K531,"School for Human Rights, The",EMS,3.5515,20
2016,17K531,"School for Human Rights, The",HS,3.4993333333333334,30
2016,17K532,New Bridges Elementary,EMS,2.501764705882353,17
2016,17K533,School for Democracy and Leadership,EMS,3.334736842105263,19
2016,17K533,School for Democracy and Leadership,HS,2.0376666666666665,30
2016,17K537,High School for Youth and Community Development at,HS,3.4446666666666665,30
2016,17K539,High School for Service & Learning at Erasmus,HS,3.4466666666666668,30
2016,22K254,P.S. 254 Dag Hammarskjold,EMS,3.5642857142857145,14
2016,17K543,"Science, Technology and Research Early College Hig",EMS,3.581176470588235,17
2016,17K543,"Science, Technology and Research Early College Hig",HS,3.60125,24
2016,17K546,High School for Public Service: Heroes of Tomorrow,HS,3.35,25
2016,17K547,Brooklyn Academy of Science and the Environment,HS,3.255333333333333,30
2016,17K548,Brooklyn School for Music & Theatre,HS,2.7626666666666666,30
2016,17K568,Brownsville Academy High School,HST,3.5208,25
2016,17K590,Medgar Evers College Preparatory School,EMS,3.476923076923077,13
2016,17K590,Medgar Evers College Preparatory School,HS,3.025,24
2016,17K600,Clara Barton High School,HS,2.711,30
2016,17K646,Aspirations Diploma Plus High School,HST,2.9238461538461538,26
2016,17K705,Brooklyn Arts and Science Elementary School,EMS,1.9655,20
2016,17K722,New Heights Middle School,EMS,2.9408333333333334,24
2016,17K745,Brooklyn Institute for Liberal Arts,HS,4.5484,25
2016,17K751,Academy for Health Careers,HS,2.6286666666666667,30
2016,17K770,P.S. 770 New American Academy,EMS,2.2173333333333334,15
2016,18K066,P.S. 66,EMS,2.6333333333333333,18
2016,18K068,I.S. 068 Isaac Bildersee,EMS,3.4033333333333333,27
2016,18K114,P.S. 114 Ryder Elementary,EMS,3.354,20
2016,18K115,P.S. 115 Daniel Mucatel School,EMS,2.4088235294117646,17
2016,18K135,P.S. 135 Sheldon A. Brookner,EMS,2.780666666666667,15
2016,18K208,P.S. 208 Elsa Ebeling,EMS,3.0773684210526318,19
2016,18K211,I.S. 211 John Wilson,EMS,3.3920833333333333,24
2016,18K219,P.S. 219 Kennedy-King,EMS,3.1011111111111114,18
2016,18K233,P.S. 233 Langston Hughes,EMS,2.2126315789473683,19
2016,18K235,P.S. 235 Janice Marie Knight School,EMS,3.624,15
2016,18K276,P.S. 276 Louis Marshall,EMS,2.147222222222222,18
2016,18K244,P.S. 244 Richard R. Green,EMS,2.8357894736842106,19
2016,18K268,P.S. 268 Emma Lazarus,EMS,2.251764705882353,17
2016,18K272,P.S. 272 Curtis Estabrook,EMS,2.6889473684210525,19
2016,18K279,P.S. 279 Herman Schreiber,EMS,2.9426666666666668,15
2016,18K285,I.S. 285 Meyer Levin,EMS,3.43,24
2016,18K366,The Science And Medicine Middle School,EMS,2.9141666666666666,24
2016,18K563,It Takes a Village Academy,HS,4.476129032258065,31
2016,18K566,Brooklyn Generation School,HS,3.1536666666666666,30
2016,18K567,Brooklyn Theatre Arts High School,HS,3.414,30
2016,18K569,Kurt Hahn Expeditionary Learning School,HS,3.8096,25
2016,18K576,Victory Collegiate High School,HS,2.7716666666666665,30
2016,18K578,Brooklyn Bridge Academy,HST,3.498076923076923,26
2016,18K581,East Flatbush Community Research School,EMS,3.3424,25
2016,18K588,Middle School for Art and Philosophy,EMS,3.0592,25
2016,18K589,Arts & Media Preparatory Academy,HS,2.324,30
2016,18K598,Middle School of Marketing and Legal Studies,EMS,3.336818181818182,22
2016,18K633,High School for Medical Professions,HS,3.2043333333333335,30
2016,18K617,High School for Innovation in Advertising and Medi,HS,2.9316666666666666,30
2016,18K629,Cultural Academy for the Arts and Sciences,HS,3.147666666666667,30
2016,18K635,Olympus Academy,HST,2.4164,25
2016,18K637,Academy for Conservation and the Environment,HS,3.689,30
2016,18K642,Urban Action Academy,HS,2.436451612903226,31
2016,18K673,East Brooklyn Community High School,HST,3.7746153846153847,26
2016,18K763,Brooklyn Science and Engineering Academy,EMS,3.2142857142857144,21
2016,18K922,South Shore Educational Complex Yabc,YABC,2.749090909090909,22
2016,19K007,P.S. 007 Abraham Lincoln,EMS,2.7172727272727273,22
2016,19K013,P.S. 013 Roberto Clemente,EMS,3.169,20
2016,19K065,P.S. 065,EMS,3.87,17
2016,19K108,P.S. 108 Sal Abbracciamento,EMS,4.5604545454545455,22
2016,19K149,P.S. 149 Danny Kaye,EMS,3.062,15
2016,19K158,P.S. 158 Warwick,EMS,3.566470588235294,17
2016,19K159,P.S. 159 Isaac Pitkin,EMS,2.723181818181818,22
2016,19K171,I.S. 171 Abraham Lincoln,EMS,2.8048148148148146,27
2016,19K190,P.S. 190 Sheffield,EMS,2.33,13
2016,19K202,P.S. 202 Ernest S. Jenkyns,EMS,2.5055,20
2016,19K583,Multicultural High School,HS,2.81037037037037,27
2016,19K213,P.S. 213 New Lots,EMS,2.9435294117647057,17
2016,19K214,P.S. 214 Michael Friedsam,EMS,2.7235,20
2016,19K218,J.H.S. 218 James P. Sinnott,EMS,3.1576923076923076,26
2016,19K224,P.S. 224 Hale A. Woodruff,EMS,2.381111111111111,18
2016,19K273,P.S. 273 Wortman,EMS,2.463157894736842,19
2016,19K290,P.S. 290 Juan Morel Campos,EMS,3.146,20
2016,19K292,J.H.S. 292 Margaret S. Douglas,EMS,3.1161538461538463,26
2016,19K306,P.S. 306 Ethan Allen,EMS,2.8445454545454547,22
2016,19K311,Essence School,EMS,2.4415999999999998,25
2016,19K325,The Fresh Creek School,EMS,4.035333333333333,15
2016,19K328,P.S. 328 Phyllis Wheatley,EMS,3.4986363636363635,22
2016,19K345,P.S. 345 Patrolman Robert Bolden,EMS,2.8975,20
2016,19K346,P.S. 346 Abe Stark,EMS,3.0176470588235293,17
2016,19K364,I.S. 364 Gateway,EMS,2.777083333333333,24
2016,19K404,Academy for Young Writers,EMS,2.526818181818182,22
2016,19K404,Academy for Young Writers,HS,2.8813333333333335,30
2016,19K409,East New York Family Academy,EMS,3.4118181818181816,22
2016,19K409,East New York Family Academy,HS,3.0279310344827586,29
2016,19K422,Spring Creek Community School,EMS,3.0925,24
2016,19K422,Spring Creek Community School,HS,3.113,10
2016,19K431,Thomas Jefferson Yabc,YABC,2.7466666666666666,24
2016,19K452,Frederick Douglass Academy VIII Middle School,EMS,3.098181818181818,22
2016,19K501,Franklin K. Lane Campus YABC,YABC,3.497826086956522,23
2016,19K502,FDNY - Captain Vernon A. Richards High School for,HS,2.768,30
2016,19K504,High School for Civil Rights,HS,3.050333333333333,30
2016,19K507,Performing Arts and Technology High School,HS,2.4716666666666667,30
2016,19K510,World Academy for Total Community Health High Scho,HS,2.9248387096774193,31
2016,19K557,Brooklyn Gardens Elementary School,EMS,2.553529411764706,17
2016,19K615,Transit Tech Career and Technical Education High S,HS,2.903,30
2016,19K618,Academy of Innovative Technology,HS,3.5141935483870967,31
2016,19K654,Van Siclen Community Middle School,EMS,2.387037037037037,27
2016,19K659,Cypress Hills Collegiate Preparatory School,HS,3.427741935483871,31
2016,19K660,W. H. Maxwell Career and Technical Education High,HS,3.372,30
2016,19K661,Vista Academy,EMS,3.353913043478261,23
2016,19K662,Liberty Avenue Middle School,EMS,3.072,25
2016,19K663,School of the Future Brooklyn,EMS,2.46,22
2016,19K677,East New York Elementary School of Excellence,EMS,2.5765000000000002,20
2016,19K678,East New York Middle School of Excellence,EMS,2.772173913043478,23
2016,19K683,"The School for Classics: An Academy of Thinkers, W",HS,3.3070967741935484,31
2016,19K760,Highland Park Community School,EMS,2.372272727272727,22
2016,19K764,The Urban Assembly School for Collaborative Health,HS,3.2342857142857144,14
2016,20K030,P.S./I.S. 30 Mary White Ovington,EMS,3.4012,25
2016,20K048,P.S. 048 Mapleton,EMS,3.5075,20
2016,20K062,J.H.S. 062 Ditmas,EMS,3.4028,25
2016,20K069,P.S. 69 Vincent D. Grippo School,EMS,4.262352941176471,17
2016,20K102,P.S. 102 The Bayview,EMS,3.3026315789473686,19
2016,20K105,P.S. 105 The Blythebourne,EMS,3.9766666666666666,15
2016,23K041,P.S. 041 Francis White,EMS,2.6203846153846153,26
2016,20K112,P.S. 112 Lefferts Park,EMS,3.4925,16
2016,20K127,P.S. 127 Mckinley Park,EMS,3.5883333333333334,18
2016,20K160,P.S. 160 William T. Sampson,EMS,3.874375,16
2016,23K155,P.S./ I.S. 155 Nicholas Herkimer,EMS,3.3768,25
2016,20K163,P.S. 163 Bath Beach,EMS,3.9204,25
2016,20K164,P.S. 164 Caesar Rodney,EMS,4.2205,20
2016,20K170,Ralph A. Fabrizio School,EMS,3.68125,16
2016,20K176,P.S. 176 Ovington,EMS,3.6653333333333333,15
2016,20K179,P.S. 179 Kensington,EMS,3.3844444444444446,18
2016,20K180,The SEEALL Academy,EMS,3.891739130434783,23
2016,20K185,P.S. 185 Walter Kassenbrock,EMS,3.63,11
2016,20K186,P.S. 186 Dr. Irving A Gladstone,EMS,3.6216666666666666,18
2016,20K187,The Christa McAuliffe School\I.S. 187,EMS,4.366428571428571,14
2016,20K192,P.S. 192 - The Magnet School for Math and Science,EMS,3.642592592592593,27
2016,20K200,P.S. 200 Benson School,EMS,2.77625,16
2016,20K201,J.H.S. 201 The Dyker Heights,EMS,4.087142857142857,21
2016,20K204,P.S. 204 Vince Lombardi,EMS,3.719411764705882,17
2016,20K205,P.S. 205 Clarion,EMS,3.7316666666666665,18
2016,20K220,J.H.S. 220 John J. Pershing,EMS,3.7316666666666665,24
2016,20K223,J.H.S. 223 The Montauk,EMS,3.6016,25
2016,20K227,J.H.S. 227 Edward B. Shallow,EMS,3.3412,25
2016,20K229,P.S. 229 Dyker,EMS,3.8047619047619046,21
2016,23K178,P.S. 178 Saint Clair Mckelway,EMS,2.7204,25
2016,20K247,P.S. 247 Brooklyn,EMS,3.9335714285714287,14
2016,20K259,J.H.S. 259 William Mckinley,EMS,3.8689473684210527,19
2016,20K264,P.S. 264 Bay Ridge Elementary School For The Arts,EMS,3.848,15
2016,20K310,The School For Future Leaders,EMS,4.138571428571429,14
2016,20K445,New Utrecht High School,HS,3.1133333333333333,30
2016,20K485,High School of Telecommunication Arts and Technolo,HS,3.743225806451613,31
2016,20K490,Fort Hamilton High School,HS,2.8733333333333335,30
2016,20K503,P.S. 503: The School of Discovery,EMS,2.5935,20
2016,20K505,Franklin Delano Roosevelt High School,HS,3.3886666666666665,30
2016,20K506,P.S. 506: The School of Journalism & Technology,EMS,2.868888888888889,18
2016,20K609,Urban Assembly School for Criminal Justice,EMS,3.888095238095238,21
2016,20K609,Urban Assembly School for Criminal Justice,HS,3.9792592592592593,27
2016,20K658,Franklin Delano Roosevelt YABC,YABC,3.29875,24
2016,20K682,The Academy of Talented Scholars,EMS,3.997272727272727,11
2016,20K686,Brooklyn School of Inquiry,EMS,4.0825000000000005,16
2016,20K748,P.S. 748 Brooklyn School for Global Scholars,EMS,3.6508333333333334,12
2016,20K971,"School of Math, Science, and Healthy Living",EMS,2.7711111111111113,18
2016,23K184,P.S. 184 Newport,EMS,2.8145454545454545,22
2016,21K090,P.S. 90 Edna Cohen School,EMS,3.3785,20
2016,21K095,P.S. 095 The Gravesend,EMS,3.81625,24
2016,21K096,I.S. 096 Seth Low,EMS,3.368076923076923,26
2016,21K097,P.S. 97 The Highlawn,EMS,3.3538888888888887,18
2016,21K098,I.S. 98 Bay Academy,EMS,4.514285714285714,14
2016,21K099,P.S. 099 Isaac Asimov,EMS,3.4495652173913043,23
2016,23K392,I.S. 392,EMS,2.796875,16
2016,21K100,P.S. 100 The Coney Island School,EMS,3.501875,16
2015,29Q268,P.S./I.S. 268,EMS,3.3908695652173915,23
2016,21K101,P.S. 101 The Verrazano,EMS,4.271333333333334,15
2016,21K121,P.S. 121 Nelson A. Rockefeller,EMS,3.5445454545454544,22
2016,21K128,P.S. 128 Bensonhurst,EMS,3.332777777777778,18
2016,21K177,P.S. 177 The Marlboro,EMS,3.278888888888889,18
2016,21K188,P.S. 188 Michael E. Berdy,EMS,3.0389473684210526,19
2016,21K199,P.S. 199 Frederick Wachtel,EMS,3.67625,16
2016,21K209,P.S. 209 Margaret Mead,EMS,3.4456521739130435,23
2016,21K212,P.S. 212 Lady Deborah Moody,EMS,3.5460000000000003,20
2016,21K215,P.S. 215 Morris H. Weiss,EMS,2.774,15
2016,21K216,P.S. 216 Arturo Toscanini,EMS,3.177142857142857,14
2016,21K225,P.S. K225 - The Eileen E. Zaglin,EMS,3.3036,25
2016,21K226,P.S. 226 Alfred De B.Mason,EMS,3.65,23
2016,21K228,I.S. 228 David A. Boody,EMS,3.696190476190476,21
2016,21K238,P.S. 238 Anne Sullivan,EMS,3.4896296296296296,27
2016,21K239,Mark Twain I.S. 239 for the Gifted & Talented,EMS,4.201875,16
2016,21K253,P.S. 253,EMS,4.554444444444445,18
2016,21K281,I.S. 281 Joseph B Cavallaro,EMS,3.2287500000000002,24
2016,21K303,I.S. 303 Herbert S. Eisenberg,EMS,3.4682608695652175,23
2016,21K329,P.S. 329 Surfside,EMS,2.2729411764705882,17
2016,21K337,International High School at Lafayette,HS,3.286153846153846,26
2016,21K344,Rachel Carson High School for Coastal Studies,HS,2.969333333333333,30
2016,21K348,High School of Sports Management,HS,2.54,30
2016,21K410,Abraham Lincoln High School,HS,2.7641935483870967,31
2016,21K411,Abraham Lincoln Yabc,YABC,3.8076190476190477,21
2016,21K468,Kingsborough Early College School,EMS,3.5858333333333334,24
2016,21K468,Kingsborough Early College School,HS,3.902,25
2016,21K525,Edward R. Murrow High School,HS,2.6186206896551725,29
2016,21K540,John Dewey High School,HS,3.0926666666666667,30
2016,21K559,Life Academy High School for Film and Music,HS,3.7183333333333333,30
2016,21K572,Expeditionary Learning School for Community Leader,HS,4.04,25
2016,21K620,William E. Grady Career and Technical Education Hi,HS,2.6226666666666665,30
2016,21K690,Brooklyn Studio Secondary School,EMS,3.7969565217391303,23
2016,21K690,Brooklyn Studio Secondary School,HS,3.1353333333333335,30
2016,21K728,Liberation Diploma Plus,HST,2.8004000000000002,25
2016,22K014,J.H.S. 014 Shell Bank,EMS,3.5828,25
2016,22K052,P.S. 052 Sheepshead Bay,EMS,2.535,16
2016,22K078,J.H.S. 078 Roy H. Mann,EMS,3.577391304347826,23
2016,22K109,P.S. 109,EMS,3.4112,25
2016,22K134,P.S. K134,EMS,4.38125,16
2016,22K139,P.S. 139 Alexine A. Fenty,EMS,2.8445,20
2016,22K152,School of Science & Technology,EMS,2.926,20
2016,22K193,P.S. 193 Gil Hodges,EMS,2.859,20
2016,22K194,P.S. 194 Raoul Wallenberg,EMS,3.364736842105263,19
2016,22K195,P.S. 195 Manhattan Beach,EMS,3.4908333333333332,12
2016,22K197,P.S. 197 - The Kings Highway Academy,EMS,2.9522222222222223,18
2016,22K198,P.S. 198 Brooklyn,EMS,3.508421052631579,19
2016,22K203,P.S. 203 Floyd Bennett School,EMS,2.5341176470588236,17
2016,22K206,P.S. 206 Joseph F Lamb,EMS,3.564090909090909,22
2016,22K207,P.S. 207 Elizabeth G. Leary,EMS,3.4563157894736842,19
2016,22K217,P.S. 217 Colonel David Marcus School,EMS,3.22125,16
2016,22K222,P.S. 222 Katherine R. Snyder,EMS,3.5642857142857145,14
2016,24Q293,Civic Leadership Academy,HS,3.764666666666667,30
2016,22K234,J.H.S. 234 Arthur W. Cunningham,EMS,3.6838888888888888,18
2016,22K236,P.S. 236 Mill Basin,EMS,3.1984615384615385,13
2016,22K240,Andries Hudde,EMS,3.2996296296296297,27
2016,22K245,P.S. 245,EMS,3.441,20
2016,22K251,P.S. 251 Paerdegat,EMS,2.534705882352941,17
2016,22K255,P.S. 255 Barbara Reing School,EMS,3.75125,16
2016,22K269,P.S. 269 Nostrand,EMS,3.322,20
2016,22K277,P.S. 277 Gerritsen Beach,EMS,3.11,11
2016,22K278,J.H.S. 278 Marine Park,EMS,3.5561904761904763,21
2016,22K312,P.S. 312 Bergen Beach,EMS,3.5890909090909093,11
2016,22K315,P.S. K315,EMS,3.1981818181818182,22
2016,24Q077,I.S. 077,EMS,3.0344444444444445,27
2016,22K326,P.S. 326,EC,3.3899999999999997,2
2016,22K361,P.S. 361 East Flatbush Early Childhood School,EC,3.385,2
2016,22K381,I. S. 381,EMS,3.7514814814814814,27
2016,22K405,Midwood High School,HS,3.19875,24
2016,22K425,James Madison High School,HS,2.881,30
2016,22K535,Leon M. Goldstein High School for the Sciences,HS,3.8,25
2016,22K555,Brooklyn College Academy,HS,4.017826086956521,23
2016,22K611,Origins High School,HS,3.002608695652174,23
2016,22K630,Professional Pathways High School,HST,3.5292307692307694,26
2016,23K137,P.S./I.S. 137 Rachel Jean Mitchell,EMS,2.9141666666666666,24
2016,23K150,P.S. 150 Christopher,EMS,2.0195,20
2016,23K156,P.S. 156 Waverly,EMS,2.541578947368421,19
2016,23K165,P.S. 165 Ida Posner,EMS,2.265,24
2016,23K284,"The Gregory Jocko Jackson School of Sports, Art, a",EMS,2.6303703703703705,27
2016,23K298,P.S. 298 Dr. Betty Shabazz,EMS,3.045,20
2016,23K323,P.S./I.S. 323,EMS,2.45,22
2016,23K327,P.S. 327 Dr. Rose B. English,EMS,2.324,25
2016,23K363,Brownsville Collaborative Middle School,EMS,3.0836363636363635,22
2016,23K401,Christopher Avenue Community School,EMS,3.0258823529411765,17
2016,23K446,Riverdale Avenue Community School,EMS,2.511764705882353,17
2016,23K493,Brooklyn Collegiate: A College Board School,HS,2.9073333333333333,30
2016,23K514,Frederick Douglass Academy VII High School,HS,3.084,30
2016,23K518,Kappa V (Knowledge and Power Preparatory Academy),EMS,2.64375,24
2016,23K522,Mott Hall IV,EMS,3.1370833333333334,24
2016,23K599,Brooklyn Landmark Elementary School,EMS,4.546428571428572,14
2016,23K643,Brooklyn Democracy Academy,HST,3.1148,25
2016,23K644,Eagle Academy for Young Men II,EMS,3.7841666666666667,24
2016,23K644,Eagle Academy for Young Men II,HS,4.013333333333334,30
2016,23K647,Metropolitan Diploma Plus High School,HST,3.9496153846153845,26
2016,23K664,Brooklyn Environmental Exploration School (BEES),EMS,3.569545454545455,22
2016,23K668,Riverdale Avenue Middle School,EMS,3.6641666666666666,24
2016,23K671,Mott Hall Bridges Academy,EMS,4.01875,24
2016,23K697,Teachers Preparatory High School,EMS,2.9786363636363635,22
2016,23K697,Teachers Preparatory High School,HS,2.955,30
2016,24Q005,I.S. 5 - The Walter Crowley Intermediate School,EMS,3.7692,25
2016,24Q014,P.S. 014 Fairview,EMS,2.4114999999999998,20
2016,24Q007,P.S. 007 Louis F. Simeone,EC,3.995,2
2016,24Q012,P.S. 012 James B. Colgate,EMS,3.0423529411764707,17
2016,24Q013,P.S. 013 Clement C. Moore,EMS,2.883,20
2016,24Q016,P.S. Q016 The Nancy DeBenedittis School,EMS,2.682,20
2016,24Q019,P.S. 019 Marino Jeantet,EMS,3.244090909090909,22
2016,24Q028,P.S. 28 - The Thomas Emanuel Early Childhood Cente,EC,3.635,2
2016,24Q049,P.S. 049 Dorothy Bonawit Kole,EMS,3.5963157894736844,19
2016,24Q058,P.S. 58 - The School of Heroes,EMS,3.4005555555555556,18
2016,24Q061,I.S. 061 Leonardo Da Vinci,EMS,3.5274074074074075,27
2016,24Q068,P.S. 068 Cambridge,EMS,2.7804545454545453,22
2016,24Q071,P.S. 071 Forest,EMS,3.1736842105263157,19
2016,24Q073,I.S. 73 - The Frank Sansivieri Intermediate School,EMS,4.0,26
2016,24Q081,P.S. 81Q Jean Paul Richter,EMS,3.989,20
2016,24Q087,P.S./I.S. 087 Middle Village,EMS,3.3624,25
2016,24Q088,P.S. 088 Seneca,EMS,2.8761111111111113,18
2016,24Q089,P.S. 089 Elmhurst,EMS,3.6136363636363638,22
2016,24Q091,P.S. 091 Richard Arkwright,EMS,2.2279999999999998,20
2016,24Q093,I.S. 093 Ridgewood,EMS,3.318888888888889,27
2016,24Q102,P.S. 102 Bayview,EMS,3.379047619047619,21
2016,24Q113,P.S./I.S. 113 Anthony J. Pranzo,EMS,3.512941176470588,17
2016,24Q119,I.S. 119 The Glendale,EMS,3.4672222222222224,18
2016,24Q125,I.S. 125 Thom J. McCann Woodside,EMS,3.265,26
2016,24Q128,"P.S. 128 The Lorraine Tuzzo, Juniper Valley Elemen",EMS,3.73,16
2016,24Q143,P.S. 143 Louis Armstrong,EMS,2.4985,20
2016,24Q153,P.S. 153 Maspeth Elem,EMS,2.73,21
2016,24Q199,P.S. 199 Maurice A. Fitzgerald,EMS,3.317,20
2016,24Q211,Elm Tree Elementary School,EC,2.835,2
2016,24Q229,P.S. 229 Emanuel Kaplan,EMS,3.320588235294118,17
2016,24Q236,International High School for Health Sciences,HS,2.3449999999999998,18
2016,24Q239,P.S. 239,EMS,3.0768181818181817,22
2016,24Q264,Academy of Finance and Enterprise,HS,3.9570833333333333,24
2016,24Q267,High School of Applied Communication,HS,3.297241379310345,29
2016,24Q290,A.C.E. Academy for Scholars at the Geraldine Ferra,EMS,3.5645454545454545,11
2016,24Q296,Pan American International High School,HS,4.143076923076923,26
2016,24Q299,Bard High School Early College Queens,HS,4.22375,24
2016,24Q305,Learners and Leaders,EMS,2.8686666666666665,15
2016,24Q307,Pioneer Academy,EMS,3.6115,20
2016,25Q425,John Bowne High School,HS,3.068709677419355,31
2016,24Q311,Corona Arts & Sciences Academy,EMS,2.788,25
2016,24Q330,P.S. 330,EMS,2.769,20
2016,24Q343,The Children's Lab School,EC,3.415,2
2016,24Q455,Newtown High School,HS,3.293225806451613,31
2016,24Q457,H.S. Arts & Business Yabc,YABC,2.7625,24
2016,24Q485,Grover Cleveland High School,HS,2.3680645161290323,31
2016,24Q520,Middle College High School at LaGuardia Community,HS,3.1004,25
2016,24Q530,International High School at LaGuardia Community C,HS,3.85625,24
2016,24Q550,High School for Arts and Business,HS,3.96,31
2016,24Q560,"Robert F. Wagner, Jr. Secondary School for Arts an",EMS,4.283125,16
2016,24Q560,"Robert F. Wagner, Jr. Secondary School for Arts an",HS,3.6239285714285714,28
2016,24Q585,Maspeth High School,HS,3.9636,25
2016,24Q600,Queens Vocational and Technical High School,HS,2.723793103448276,29
2016,24Q610,Aviation Career & Technical Education High School,HS,3.96375,24
2016,24Q744,VOYAGES Preparatory,HST,3.129230769230769,26
2016,24Q877,The 51 Avenue Academy (The Path To Academic Excell,EMS,4.247368421052632,19
2016,25Q020,P.S. 020 John Bowne,EMS,4.211176470588235,17
2016,25Q021,P.S. 021 Edward Hart,EMS,3.5878571428571426,14
2016,26Q266,P.S./I.S. 266,EMS,3.798888888888889,18
2016,25Q022,P.S. 022 Thomas Jefferson,EMS,4.131176470588235,17
2016,25Q024,P.S. 024 Andrew Jackson,EMS,4.378,15
2016,25Q025,I.S. 025 Adrien Block,EMS,3.532608695652174,23
2016,25Q029,P.S. 029 Queens,EMS,2.7613636363636362,22
2016,25Q032,P.S. 032 State Street,EMS,3.671666666666667,12
2016,25Q079,P.S. 079 Francis Lewis,EMS,3.9107692307692306,13
2016,25Q107,P.S. 107 Thomas A Dooley,EMS,3.90375,16
2016,25Q120,P.S. 120 Queens,EMS,3.260625,16
2016,25Q129,P.S. 129 Patricia Larkin,EMS,3.181875,16
2016,25Q130,P.S. 130,EC,3.54,2
2016,25Q154,P.S. 154 Queens,EMS,3.7731250000000003,16
2016,25Q163,P.S. 163 Flushing Heights,EMS,4.036,15
2016,25Q164,P.S. 164 Queens Valley,EMS,2.933157894736842,19
2016,25Q165,P.S. 165 Edith K. Bergtraum,EMS,3.3361111111111112,18
2016,25Q169,P.S. 169 Bay Terrace,EMS,3.13,13
2016,25Q184,P.S. 184 Flushing Manor,EMS,3.71875,16
2016,25Q185,J.H.S. 185 Edward Bleeker,EMS,3.994285714285714,21
2016,25Q189,J.H.S. 189 Daniel Carter Beard,EMS,3.4345454545454546,22
2016,25Q193,P.S. 193 Alfred J. Kennedy,EMS,3.3446666666666665,15
2016,25Q194,J.H.S. 194 William Carr,EMS,3.0325,20
2016,25Q200,P.S./M.S. 200 - The Pomonok School & STAR Academy,EMS,3.9417391304347826,23
2016,25Q201,P.S. 201 The Discovery School for Inquiry and Rese,EMS,2.771578947368421,19
2016,25Q209,P.S. 209 Clearview Gardens,EMS,2.9354545454545455,11
2016,25Q214,P.S. 214 Cadwallader Colden,EMS,3.4073333333333333,15
2016,25Q219,P.S. 219 Paul Klapper,EMS,4.1124,25
2016,25Q237,I.S. 237,EMS,3.652608695652174,23
2016,25Q240,Veritas Academy,HS,2.891304347826087,23
2016,25Q241,Queens High School for Language Studies,HS,4.587894736842105,19
2016,25Q242,P.S. 242 Leonard P. Stavisky Early Childhood Schoo,EC,3.505,2
2016,25Q244,The Active Learning Elementary School,EC,4.44,2
2016,25Q250,I.S. 250 The Robert F. Kennedy Community Middle Sc,EMS,2.938,25
2016,26Q495,Bayside High School,HS,3.8808,25
2016,25Q252,"Queens School of Inquiry, The",EMS,2.7965,20
2016,25Q252,"Queens School of Inquiry, The",HS,3.4872,25
2016,25Q263,Flushing International High School,HS,2.5100000000000002,26
2016,25Q281,East-West School of International Studies,EMS,3.9044444444444446,18
2016,25Q281,East-West School of International Studies,HS,3.971923076923077,26
2016,25Q285,World Journalism Preparatory: A College Board Scho,EMS,3.0277777777777777,18
2016,25Q285,World Journalism Preparatory: A College Board Scho,HS,3.9056,25
2016,25Q294,BELL Academy,EMS,4.157222222222222,18
2016,25Q460,Flushing High School,HS,2.422258064516129,31
2016,25Q467,Flushing Yabc,YABC,3.356521739130435,23
2016,25Q499,"The Queens College School for Math, Science and Te",EMS,3.77875,16
2016,25Q525,Townsend Harris High School,HS,4.689166666666667,24
2016,25Q540,Queens Academy High School,HST,2.3044444444444445,27
2016,25Q670,Robert F. Kennedy Community High School,HS,3.3416129032258066,31
2016,25Q792,North Queens Community High School,HST,3.290769230769231,26
2016,26Q018,P.S. 018 Winchester,EMS,3.077857142857143,14
2016,26Q026,P.S. 026 Rufus King,EMS,3.391875,16
2016,26Q031,P.S. 031 Bayside,EMS,3.437222222222222,18
2016,26Q041,P.S. 041 Crocheron,EMS,4.122857142857143,14
2016,26Q046,P.S. 046 Alley Pond,EMS,4.065333333333333,15
2016,26Q067,J.H.S. 067 Louis Pasteur,EMS,3.983125,16
2016,26Q074,J.H.S. 074 Nathaniel Hawthorne,EMS,3.736315789473684,19
2016,26Q094,P.S. 094 David D. Porter,EMS,3.9215384615384616,13
2016,26Q098,P.S. 098 The Douglaston School,EMS,3.9154545454545455,11
2016,26Q115,The James J. Ambrose School,EMS,3.1363636363636362,11
2016,26Q133,P.S. 133 Queens,EMS,3.71,15
2016,26Q158,M.S. 158 Marie Curie,EMS,3.5764705882352943,17
2016,26Q159,P.S. 159,EMS,3.644285714285714,14
2016,26Q162,P.S. 162 John Golden,EMS,3.488235294117647,17
2016,26Q172,Irwin Altman Middle School 172,EMS,3.687894736842105,19
2016,26Q173,P.S. 173 Fresh Meadows,EMS,3.8381250000000002,16
2016,26Q178,P.S./ IS 178 Holliswood,EMS,3.404736842105263,19
2016,26Q186,P.S. 186 Castlewood,EMS,4.013846153846154,13
2016,26Q188,P.S. 188 Kingsbury,EMS,3.9145454545454546,11
2016,26Q191,P.S. 191 Mayflower,EMS,3.3007142857142857,14
2016,26Q203,P.S. 203 Oakland Gardens,EMS,4.248571428571428,14
2016,26Q205,P.S. 205 Alexander Graham Bell,EMS,3.163076923076923,13
2016,26Q213,P.S. 213 The Carl Ullman School,EMS,3.6225,12
2016,26Q216,J.H.S. 216 George J. Ryan,EMS,4.2405,20
2016,26Q221,P.S. 221 The North Hills School,EMS,3.4233333333333333,15
2016,26Q315,Business Technology Early College High School,HS,3.2742857142857145,14
2016,27Q309,Academy of Medical Technology: A College Board Sch,EMS,3.1929166666666666,24
2016,26Q430,Francis Lewis High School,HS,3.2834615384615384,26
2016,26Q435,Martin Van Buren High School,HS,2.5812903225806454,31
2016,26Q566,"Queens High School of Teaching, Liberal Arts and t",HS,3.2527586206896553,29
2016,27Q042,P.S./M.S 042 R. Vernam,EMS,2.9136363636363636,22
2016,27Q045,P.S. 045 Clarence Witherspoon,EMS,2.2527777777777778,18
2016,27Q105,P.S. 105 The Bay School,EMS,2.816818181818182,22
2016,27Q047,P.S. 047 Chris Galas,EMS,3.96,20
2016,27Q051,P.S. 051,EC,3.415,2
2016,27Q053,M.S. 053 Brian Piccolo,EMS,3.1708,25
2016,27Q056,P.S. 056 Harry Eichler,EMS,2.601,20
2016,27Q060,P.S. 060 Woodhaven,EMS,3.5431578947368423,19
2016,27Q062,P. S. 62 - Chester Park School,EMS,2.759375,16
2016,27Q063,P.S. 063 Old South,EMS,3.6110526315789473,19
2016,27Q064,P.S. 064 Joseph P. Addabbo,EMS,2.64875,16
2016,27Q065,P.S. 65 - The Raymond York Elementary School,EMS,2.9182352941176473,17
2016,27Q066,P.S. 066 Jacqueline Kennedy Onassis,EMS,4.1466666666666665,18
2016,27Q090,P.S. 090 Horace Mann,EMS,3.0455,20
2016,27Q096,P.S. 096,EMS,3.968125,16
2016,27Q097,P.S. 097 Forest Park,EMS,3.422727272727273,22
2016,27Q100,P.S. 100 Glen Morris,EMS,3.49,16
2016,27Q104,P.S. 104 The Bays Water,EMS,2.606315789473684,19
2016,27Q106,Lighthouse Elementary School,EMS,2.31,17
2016,27Q108,P.S. 108 Captain Vincent G. Fowler,EMS,3.2885714285714287,14
2016,27Q114,P.S./M.S. 114 Belle Harbor,EMS,4.234666666666667,15
2016,27Q123,P.S. 123,EMS,2.9010526315789473,19
2016,27Q124,P.S. 124 Osmond A Church,EMS,3.1308333333333334,24
2016,27Q137,M.S. 137 America's School of Heroes,EMS,3.34304347826087,23
2016,27Q146,P.S. 146 Howard Beach,EMS,3.3165,20
2016,27Q155,P.S. 155,EMS,3.7053846153846153,13
2016,27Q197,P.S. 197 The Ocean School,EMS,3.0645,20
2016,27Q202,J.H.S. 202 Robert H. Goddard,EMS,3.074090909090909,22
2016,27Q207,P.S. 207 Rockwood Park,EMS,3.2022222222222223,18
2016,27Q273,P.S. 273,EMS,2.4295,20
2016,27Q210,J.H.S. 210 Elizabeth Blackwell,EMS,2.438846153846154,26
2016,27Q223,P.S. 223 Lyndon B. Johnson,EMS,2.413529411764706,17
2016,27Q226,J.H.S. 226 Virgil I. Grissom,EMS,2.674166666666667,24
2016,27Q253,P.S. 253,EMS,2.9004545454545454,22
2016,27Q254,P.S. 254 - The Rosa Parks School,EMS,2.642777777777778,18
2016,27Q260,Frederick Douglass Academy VI High School,HS,2.203225806451613,31
2016,27Q261,Voyages Prep - South Queens,HST,3.8968,25
2016,27Q262,Channel View School for Research,EMS,2.8015,20
2016,27Q262,Channel View School for Research,HS,3.7373333333333334,30
2016,27Q282,Knowledge and Power Preparatory Academy VI,EMS,3.8622727272727273,22
2016,27Q297,Hawtree Creek Middle School,EMS,2.8441666666666667,24
2016,27Q302,"Queens High School for Information, Research, and",HS,3.6351612903225807,31
2016,27Q323,Scholars' Academy,EMS,4.525625,16
2016,27Q306,New York City Academy for Discovery,EMS,2.9875,20
2016,27Q308,Robert H. Goddard High School of Communication Art,HS,3.649655172413793,29
2016,27Q309,Academy of Medical Technology: A College Board Sch,HS,2.5483870967741935,31
2016,27Q314,Epic High School - South,HS,2.2928571428571427,14
2016,27Q316,Queens Explorers Elementary School,EC,3.2800000000000002,2
2016,27Q317,Waterside Children's Studio School,EMS,3.6270000000000002,20
2016,27Q318,Waterside School For Leadership,EMS,3.4264,25
2016,27Q319,Village Academy,EMS,3.5285185185185184,27
2016,27Q323,Scholars' Academy,HS,4.29625,24
2016,27Q324,Rockaway Park High School for Environmental Sustai,HS,2.5096666666666665,30
2016,27Q334,Epic High School - North,HS,2.17,14
2016,27Q351,Rockaway Collegiate High School,HS,2.029,30
2016,27Q362,Wave Preparatory Elementary School,EMS,3.1245,20
2016,27Q400,August Martin High School,HS,2.8556666666666666,30
2016,27Q475,Richmond Hill High School,HS,3.0161290322580645,31
2016,27Q480,John Adams High School,HS,3.497741935483871,31
2016,27Q487,John Adams Yabc,YABC,2.701363636363636,22
2016,28Q048,P.S. 048 William Wordsworth,EMS,3.246,20
2016,27Q650,"High School for Construction Trades, Engineering a",HS,3.9572,25
2016,28Q008,J.H.S. 008 Richard S. Grossley,EMS,2.8612,25
2016,28Q040,P.S. 040 Samuel Huntington,EMS,2.5642105263157893,19
2016,28Q050,P.S. 050 Talfourd Lawn Elementary School,EMS,3.353684210526316,19
2016,28Q054,P.S. 054 Hillside,EMS,2.241,20
2016,28Q055,P.S. 055 Maure,EMS,2.603529411764706,17
2016,28Q072,Catherine & Count Basie Middle School 72,EMS,2.6262499999999998,24
2016,28Q080,PS 80  The Thurgood Marshall Magnet School of Mult,EMS,2.75,19
2016,28Q082,P.S. 082 Hammond,EMS,2.692222222222222,18
2016,28Q086,P.S. Q086,EMS,3.0725,20
2016,28Q099,P.S. 099 Kew Gardens,EMS,2.866190476190476,21
2016,28Q101,P.S. 101 School in the Gardens,EMS,2.876153846153846,13
2016,28Q117,P.S. 117 J. Keld / Briarwood School,EMS,2.646315789473684,19
2016,28Q121,P.S. 121 Queens,EMS,3.3638461538461537,13
2016,28Q139,P.S. 139 Rego Park,EMS,2.8205555555555555,18
2016,28Q140,P.S. 140 Edward K Ellington,EMS,3.0546153846153845,13
2016,28Q144,P.S. 144 Col Jeromus Remsen,EMS,3.0281818181818183,11
2016,28Q157,J.H.S. 157 Stephen A. Halsey,EMS,3.5966666666666667,21
2016,28Q157,J.H.S. 157 Stephen A. Halsey,HS,3.2039999999999997,5
2016,28Q160,P.S. 160 Walter Francis Bishop,EMS,2.5183333333333335,18
2016,28Q161,P.S. 161 Arthur Ashe School,EMS,3.0464285714285713,14
2016,28Q167,Metropolitan Expeditionary Learning School,EMS,2.778636363636364,22
2016,28Q167,Metropolitan Expeditionary Learning School,HS,3.8475,20
2016,28Q174,P.S. 174 William Sidney Mount,EMS,2.243333333333333,12
2016,28Q175,P.S. 175 The Lynn Gross Discovery School,EMS,2.86,14
2016,28Q182,P.S. 182 Samantha Smith,EMS,2.5655,20
2016,28Q190,J.H.S. 190 Russell Sage,EMS,3.192222222222222,18
2016,28Q196,P.S. 196 Grand Central Parkway,EMS,3.82,11
2016,28Q206,P.S. 206 The Horace Harding School,EMS,2.466470588235294,17
2016,28Q217,J.H.S. 217 Robert A. Van Wyck,EMS,3.728,25
2016,28Q220,P.S. 220 Edward Mandel,EMS,2.4394444444444443,18
2016,28Q284,York Early College Academy,EMS,4.08625,16
2016,28Q287,The Emerson School,EMS,2.8688000000000002,25
2016,28Q303,The Academy for Excellence through the Arts,EC,4.45,1
2016,28Q310,Queens Collegiate: A College Board School,EMS,3.612727272727273,22
2016,28Q310,Queens Collegiate: A College Board School,HS,3.4356666666666666,30
2016,28Q312,Jamaica Children's School,EC,3.8449999999999998,2
2016,28Q325,Hillside Arts & Letters Academy,HS,4.068666666666667,30
2016,28Q328,High School for Community Leadership,HS,4.45,31
2016,28Q332,Redwood Middle School,EMS,2.9643478260869567,23
2016,28Q338,Queens Satellite High School for Opportunity,HST,1.8214285714285714,21
2016,28Q349,The Queens School for Leadership and Excellence,EC,3.48,2
2016,28Q350,Jamaica Gateway to the Sciences,HS,3.239333333333333,30
2016,28Q354,The Jermaine L. Green STEM Institute of Queens,EMS,2.62,17
2016,28Q440,Forest Hills High School,HS,3.2244,25
2016,28Q505,Hillcrest High School,HS,3.0490322580645164,31
2016,28Q686,Queens Metropolitan High School,HS,3.5596551724137933,29
2016,28Q620,Thomas A. Edison Career and Technical Education Hi,HS,3.2992,25
2016,28Q680,Queens Gateway to Health Sciences Secondary School,EMS,3.9925,16
2016,28Q680,Queens Gateway to Health Sciences Secondary School,HS,4.009166666666666,24
2016,28Q687,Queens High School for the Sciences at York Colleg,HS,4.580869565217391,23
2016,28Q690,High School for Law Enforcement and Public Safety,HS,2.333,30
2016,28Q896,"Young Women's Leadership School, Queens",EMS,3.966875,16
2016,28Q896,"Young Women's Leadership School, Queens",HS,3.9372413793103447,29
2016,29Q015,P.S. 015 Jackie Robinson,EMS,1.9905882352941175,17
2016,29Q033,P.S. 033 Edward M. Funk,EMS,2.743125,16
2016,29Q035,P.S. 035 Nathaniel Woodhull,EMS,2.9195,20
2016,29Q036,P.S. 036 Saint Albans School,EMS,2.626470588235294,17
2016,29Q037,Cynthia Jenkins School,EMS,2.2358823529411764,17
2016,29Q038,P.S. 038 Rosedale,EMS,3.142352941176471,17
2016,29Q052,P.S. 052 Queens,EMS,2.136842105263158,19
2016,29Q059,I.S. 059 Springfield Gardens,EMS,2.4970833333333333,24
2016,29Q095,P.S. 095 Eastwood,EMS,3.484,15
2016,29Q109,Jean Nuzzi Intermediate School,EMS,3.0304166666666665,24
2016,29Q116,P.S./I.S. 116 William C. Hughley,EMS,2.9848,25
2016,29Q118,P.S. 118 Lorraine Hansberry,EMS,2.5513333333333335,15
2016,29Q131,P.S. 131 Abigail Adams,EMS,3.8378571428571426,14
2016,29Q132,P.S. 132 Ralph Bunche,EMS,2.818235294117647,17
2016,29Q134,P.S. 134 Hollis,EMS,2.9833333333333334,18
2016,29Q135,The Bellaire School,EMS,2.224,20
2016,29Q136,P.S. 136 Roy Wilkins,EMS,2.65,15
2016,29Q138,P.S./M.S. 138 Sunrise,EMS,2.8095454545454546,22
2016,29Q147,P.S./M.S. 147 Ronald McNair,EMS,2.0236363636363635,22
2016,29Q156,P.S. 156 Laurelton,EMS,2.610666666666667,15
2016,29Q176,P.S. 176 Cambria Heights,EMS,2.505333333333333,15
2016,29Q181,P.S. 181 Brookfield,EMS,3.0576470588235294,17
2016,29Q192,I.S. 192 The Linden,EMS,2.5690909090909093,22
2016,29Q195,P.S. 195 William Haberle,EMS,2.5494117647058823,17
2016,29Q208,P.S./I.S. 208,EMS,2.9654545454545453,22
2016,29Q238,I.S. 238 - Susan B. Anthony Academy,EMS,2.11695652173913,23
2016,29Q243,Institute for Health Professions at Cambria Height,HS,3.448888888888889,18
2016,29Q248,Queens Preparatory Academy,HS,3.06,30
2016,29Q251,P.S. 251 Queens,EMS,2.627222222222222,18
2016,29Q259,Pathways College Preparatory School: A College Boa,EMS,2.67,24
2016,29Q259,Pathways College Preparatory School: A College Boa,HS,2.451,30
2016,29Q265,Excelsior Preparatory High School,HS,3.8453333333333335,30
2016,29Q268,P.S./I.S. 268,EMS,3.0934782608695652,23
2016,29Q270,The Gordon Parks School,EMS,2.888181818181818,22
2016,29Q272,George Washington Carver High School for the Scien,HS,2.8526666666666665,30
2016,29Q283,Preparatory Academy for Writers: A College Board S,EMS,3.8181818181818183,22
2016,29Q283,Preparatory Academy for Writers: A College Board S,HS,2.6448,25
2016,29Q289,Queens United Middle School,EMS,1.7855,20
2016,29Q295,P.S./I.S. 295,EMS,3.1308695652173912,23
2016,29Q313,Benjamin Franklin High School for Finance & Inform,HS,2.4514285714285715,14
2016,29Q326,Cambria Heights Academy,HS,3.542666666666667,30
2016,29Q327,Eagle Academy for Young Men III,EMS,2.94625,24
2016,29Q327,Eagle Academy for Young Men III,HS,3.245,22
2016,29Q355,Collaborative Arts Middle School,EMS,2.6545833333333335,24
2016,29Q356,Community Voices Middle School,EMS,2.9904166666666665,24
2016,29Q360,P.S. 360,EC,3.84,1
2016,29Q492,"Mathematics, Science Research and Technology Magne",HS,2.542666666666667,30
2016,29Q498,Humanities & Arts Magnet High School,HS,2.5633333333333335,30
2016,30Q002,P.S. 002 Alfred Zimberg,EMS,3.68375,16
2016,30Q010,I.S. 010 Horace Greeley,EMS,3.952692307692308,26
2016,30Q011,P.S. 011 Kathryn Phelan,EMS,3.4545454545454546,22
2016,30Q017,P.S. 017 Henry David Thoreau,EMS,2.8545,20
2016,30Q069,P.S. 069 Jackson Heights,EMS,3.6784615384615384,13
2016,30Q070,P.S. 070,EMS,3.0835,20
2016,30Q076,P.S. 076 William Hallet,EMS,3.315909090909091,22
2016,30Q084,P.S. 084 Steinway,EMS,2.605,18
2016,30Q085,P.S. 085 Judge Charles Vallone,EMS,3.4092307692307693,13
2016,30Q092,P.S. 092 Harry T. Stewart Sr.,EMS,3.0175,20
2016,30Q111,P.S. 111 Jacob Blackwell,EMS,2.8592,25
2016,30Q122,P.S. 122 Mamie Fay,EMS,3.8505555555555557,18
2016,30Q126,Albert Shanker School for Visual and Performing Ar,EMS,3.0425925925925927,27
2016,30Q141,I.S. 141 The Steinway,EMS,3.812,20
2016,30Q127,P.S. 127 Aerospace Science Magnet School,EMS,3.2432,25
2016,30Q145,I.S. 145 Joseph Pulitzer,EMS,3.7307407407407407,27
2016,30Q148,P.S. 148 Queens,EMS,2.8435,20
2016,30Q149,P.S. 149 Christa Mcauliffe,EMS,2.8694444444444445,18
2016,30Q150,P.S. 150 Queens,EMS,3.0460000000000003,15
2016,30Q151,P.S. 151 Mary D. Carter,EMS,2.904,20
2016,30Q152,P.S. 152 Gwendoline N. Alleyne School,EMS,3.76,17
2016,30Q166,P.S. 166 Henry Gradstein,EMS,3.1592857142857143,14
2016,30Q171,P.S. 171 Peter G. Van Alst,EMS,2.493,20
2016,30Q204,I.S. 204 Oliver W. Holmes,EMS,3.1055555555555556,27
2016,30Q222,P.S. Q222 - Fire Fighter Christopher A. Santora Sc,EC,4.355,2
2016,30Q227,I.S. 227 Louis Armstrong,EMS,4.33,18
2016,30Q228,P.S. 228 Early Childhood Magnet School of the Arts,EC,3.715,2
2016,30Q230,I.S. 230,EMS,3.9204545454545454,22
2016,30Q234,P.S. 234,EMS,3.1272727272727274,22
2016,30Q258,Energy Tech High School,HS,3.9455,20
2016,30Q280,P.S. 280,EMS,4.2135,20
2016,30Q286,"Young Women's Leadership School, Astoria",EMS,4.168235294117647,17
2016,30Q286,"Young Women's Leadership School, Astoria",HS,4.0352,25
2016,30Q291,Hunters Point Community Middle School,EMS,4.235,18
2016,30Q300,The 30th Avenue School (G&T Citywide),EMS,4.515384615384615,13
2016,30Q301,Academy for Careers in Television and Film,HS,4.516923076923077,26
2016,30Q329,East Elmhurst Community School,EC,4.0,2
2016,30Q361,The Woodside Community School,EC,4.545,2
2016,30Q445,William Cullen Bryant High School,HS,2.7461290322580645,31
2016,30Q450,Long Island City High School,HS,2.445806451612903,31
2016,30Q501,Frank Sinatra School of the Arts High School,HS,3.7825,24
2016,30Q555,Newcomers High School,HS,3.2175862068965517,29
2016,30Q502,Information Technology High School,HS,3.104516129032258,31
2016,30Q575,Academy of American Studies,HS,3.6579166666666665,24
2016,30Q580,Baccalaureate School for Global Education,EMS,4.806153846153847,13
2016,30Q580,Baccalaureate School for Global Education,HS,4.484782608695652,23
2016,31R001,P.S. 001 Tottenville,EMS,3.066153846153846,13
2016,31R002,I.S. R002 George L. Egbert,EMS,3.2043478260869565,23
2016,31R003,P.S. 003 The Margaret Gioiosa School,EMS,3.1350000000000002,12
2016,31R004,P.S. 004 Maurice Wollin,EMS,3.076,15
2016,31R005,P.S. 005 Huguenot,EMS,4.44,11
2016,31R006,P.S. 6 Corporal Allan F. Kivlehan School,EMS,2.8613333333333335,15
2016,31R007,I.S. 007 Elias Bernstein,EMS,3.820625,16
2016,31R008,P.S. 8 Shirlee Solomon,EMS,3.443846153846154,13
2016,31R009,Naples Street Elementary School,EC,3.775,2
2016,31R010,Fort Hill Collaborative Elementary School,EC,1.81,2
2016,31R011,P.S. 11 Thomas Dongan School,EMS,3.449,20
2016,31R013,P.S. 013 M. L. Lindemeyer,EMS,3.231,20
2016,31R016,P.S. 016 John J. Driscoll,EMS,2.751818181818182,22
2016,31R018,P.S. 018 John G. Whittier,EMS,3.63,19
2016,31R019,P.S. 019 The Curtis School,EMS,2.4815,20
2016,31R020,P.S. 020 Port Richmond,EMS,3.23,20
2016,31R021,P.S. 21 Margaret Emery-Elm Park,EMS,3.442727272727273,22
2016,31R022,P.S. 022 Graniteville,EMS,2.826363636363636,22
2016,31R023,P.S. 023 Richmondtown,EMS,3.9392857142857145,14
2016,31R024,I.S. 024 Myra S. Barnes,EMS,2.876,20
2016,31R026,P.S. 026 The Carteret School,EMS,3.221875,16
2016,31R027,I.S. 027 Anning S. Prall,EMS,3.453913043478261,23
2016,31R028,The Eagle Academy for Young Men of Staten Island,EMS,3.0386956521739132,23
2016,31R029,P.S. 029 Bardwell,EMS,3.541333333333333,15
2016,31R030,P.S. 030 Westerleigh,EMS,3.144285714285714,14
2016,31R031,P.S. 031 William T. Davis,EMS,2.3129411764705883,17
2016,31R032,P.S. 032 The Gifford School,EMS,3.513571428571429,14
2016,31R035,P.S. 35 The Clove Valley School,EMS,4.397692307692308,13
2016,31R036,P.S. 036 J. C. Drumgoole,EMS,2.417272727272727,11
2016,31R038,P.S. 038 George Cromwell,EMS,2.8758823529411766,17
2016,31R039,P.S. 39 Francis J. Murphy Jr.,EMS,2.73,19
2016,31R041,The Stephanie A. Vierno School,EMS,3.167777777777778,18
2016,31R042,P.S. 042 Eltingville,EMS,2.4899999999999998,15
2016,31R044,P.S. 044 Thomas C. Brown,EMS,2.6557894736842105,19
2016,31R045,P.S. 045 John Tyler,EMS,3.1710526315789473,19
2016,31R046,P.S. 046 Albert V. Maniscalco,EMS,2.7605,20
2016,31R047,CSI High School for International Studies,HS,4.3908,25
2016,31R048,P.S. 048 William G. Wilcox,EMS,3.7331578947368422,19
2016,31R049,I.S. 49 Berta A. Dreyfus,EMS,2.629259259259259,27
2016,31R050,P.S. 050 Frank Hankinson,EMS,3.4307142857142856,14
2016,31R051,I.S. 051 Edwin Markham,EMS,2.7091666666666665,24
2016,31R052,P.S. 052 John C. Thompson,EMS,3.333529411764706,17
2016,31R053,The Barbara Esselborn School,EMS,3.800625,16
2016,31R054,P.S. 054 Charles W. Leng,EMS,3.575263157894737,19
2016,31R055,P.S. 055 Henry M. Boehm,EMS,2.470833333333333,12
2016,31R056,P.S. 56 The Louis Desario School,EMS,2.8238461538461537,13
2016,31R057,P.S. 057 Hubert H. Humphrey,EMS,3.3152631578947367,19
2016,31R058,Space Shuttle Columbia School,EMS,2.8358823529411765,17
2016,31R059,The Harbor View School,EC,2.87,2
2016,31R060,P.S. 060 Alice Austen,EMS,2.232222222222222,18
2016,31R061,I.S. 061 William A Morris,EMS,2.7711111111111113,27
2016,31R062,The Kathleen Grimm School for Leadership and Susta,EC,3.33,2
2016,31R063,Marsh Avenue School for Expeditionary Learning,EMS,2.63625,16
2016,31R064,Gaynor McCown Expeditionary Learning School,HS,2.962,25
2016,31R065,P.S. 65 The Academy of Innovative Learning,EMS,3.1193333333333335,15
2016,31R069,P.S. 069 Daniel D. Tompkins,EMS,2.7023076923076923,13
2016,31R072,I.S. 072 Rocco Laurie,EMS,3.076363636363636,22
2016,31R450,Curtis High School,HS,2.542666666666667,30
2016,31R074,P.S. 74 Future Leaders Elementary School,EMS,2.9572727272727275,22
2016,31R075,I.S. 075 Frank D. Paulo,EMS,3.7225,20
2016,31R078,P.S. 78,EMS,2.5675,20
2016,31R080,The Michael J. Petrides School,EMS,3.9366666666666665,21
2016,31R080,The Michael J. Petrides School,HS,2.9356,25
2016,31R440,New Dorp High School,HS,2.891,30
2016,31R445,Port Richmond High School,HS,2.8533333333333335,30
2016,31R455,Tottenville High School,HS,2.8888,25
2016,31R460,Susan E. Wagner High School,HS,3.090344827586207,29
2016,31R470,Concord High School,HST,3.068,25
2016,31R600,Ralph R. McKee Career and Technical Education High,HS,2.7096666666666667,30
2016,31R605,Staten Island Technical High School,HS,4.542083333333333,24
2016,31R607,Staten Island Yabc,YABC,2.611818181818182,22
2016,31R861,Staten Island School of Civic Leadership,EMS,3.9283333333333332,24
2016,32K045,P.S./I.S. 045 Horace E. Greene,EMS,2.815769230769231,26
2016,32K075,P.S. 075 Mayda Cortiella,EMS,2.675,20
2016,32K086,P.S. 086 The Irvington,EMS,3.252727272727273,22
2016,32K106,P.S. 106 Edward Everett Hale,EMS,2.066818181818182,22
2016,32K291,J.H.S. 291 Roland Hayes,EMS,2.8556,25
2016,32K116,P.S. 116 Elizabeth L Farrell,EMS,2.857,20
2016,32K123,P.S. 123 Suydam,EMS,2.8104545454545455,22
2016,32K145,P.S. 145 Andrew Jackson,EMS,2.6277777777777778,18
2016,32K151,P.S. 151 Lyndon B. Johnson,EMS,3.1365,20
2016,32K162,J.H.S. 162 The Willoughby,EMS,3.324074074074074,27
2016,32K168,The Brooklyn School for Math and Research,HS,3.735,30
2016,32K384,P.S. /I.S. 384 Frances E. Carter,EMS,2.6584,25
2016,32K274,P.S. 274 Kosciusko,EMS,2.9185,20
2016,32K299,P.S. 299 Thomas Warren Field,EMS,3.0155,20
2016,32K347,I.S. 347 School of Humanities,EMS,2.6204,25
2016,32K376,P.S. 376,EMS,3.1988235294117646,17
2016,32K349,"I.S. 349 Math, Science & Tech.",EMS,3.2600000000000002,25
2016,32K377,P.S. 377 Alejandrina B. De Gautier,EMS,2.3496296296296295,27
2016,32K383,J.H.S. 383 Philippa Schuyler,EMS,2.703333333333333,21
2016,32K403,Academy for Environmental Leadership,HS,3.5393548387096776,31
2016,32K545,EBC High School for Public Service - Bushwick,HS,3.3003225806451613,31
2016,32K549,Bushwick School for Social Justice,HS,3.065483870967742,31
2016,32K552,Academy of Urban Planning,HS,3.8722580645161293,31
2016,32K554,All City Leadership Secondary School,EMS,4.1669230769230765,13
2016,32K554,All City Leadership Secondary School,HS,3.915,28
2016,32K556,Bushwick Leaders High School for Academic Excellen,HS,2.9941935483870967,31
2016,32K562,Evergreen Middle School for Urban Exploration,EMS,2.8914814814814815,27
2016,32K564,Bushwick Community High School,HST,2.8346153846153848,26
2016,75K004,P.S. K004,D75,3.4766666666666666,3
2016,75K036,P.S. 36,D75,3.77,3
2016,75K053,P.S. K053,D75,3.59,3
2016,75K077,P.S. K077,D75,2.986666666666667,3
2016,75K369,P.S. K369 - Coy L. Cox School,D75,3.1266666666666665,3
2016,75K370,P.S. 370,D75,3.3466666666666667,3
2016,75K371,P.S. 371 - Lillian L. Rashkis,D75,3.1333333333333333,3
2016,75K372,P.S. 372 -The Children's School,D75,3.4033333333333333,3
2016,75K373,P.S. 373 - Brooklyn Transition Center,D75,2.21,3
2016,75K396,P.S. K396,D75,3.0733333333333333,3
2016,75K721,P.S. K721 - Brooklyn Occupational Training Center,D75,2.8833333333333333,3
2016,75K753,P.S. K753 - School for Career Development,D75,2.6666666666666665,3
2016,75K771,P.S. K771,D75,3.836666666666667,3
2016,75K811,P.S. K811 Connie Lekas School,D75,2.5433333333333334,3
2016,75M079,P.S. M079 - Horan School,D75,2.046666666666667,3
2016,75M094,P.S. M094,D75,2.9033333333333333,3
2016,75M138,P.S. 138,D75,3.0166666666666666,3
2016,75M169,P.S. M169 - Robert F. Kennedy,D75,3.4166666666666665,3
2016,75M721,P.S. M721 - Manhattan Occupational Training Center,D75,2.13,3
2016,75M751,Manhattan School for Career Development,D75,2.43,3
2016,75M811,P.S. M811 - Mickey Mantle School,D75,3.77,3
2016,75Q004,P.S. Q004,D75,3.4833333333333334,3
2016,75Q023,P.S. Q023 @ Queens Children Center,D75,4.1,3
2016,75Q075,Robert E. Peary School,D75,3.5466666666666664,3
2016,75Q177,P.S. Q177,D75,2.243333333333333,3
2016,75Q224,P.S. Q224,D75,3.8633333333333333,3
2016,75Q721,John F. Kennedy Jr. School,D75,2.4333333333333336,3
2016,75Q752,Queens Transition Center,D75,2.6833333333333336,3
2016,75Q811,P.S. Q811,D75,2.9633333333333334,3
2016,75R025,South Richmond High School I.S./P.S. 25,D75,3.7266666666666666,3
2016,75R037,P.S. R037,D75,3.16,3
2016,75R373,P.S. R373,D75,4.003333333333333,3
2016,75R721,The Richard H. Hungerford School,D75,2.7866666666666666,3
2016,75X012,P.S. X012 Lewis and Clark School,D75,2.7266666666666666,3
2016,75X017,P.S. X017,D75,3.8200000000000003,3
2016,75X168,P.S. 168,D75,3.9633333333333334,3
2016,75X176,P.S. X176,D75,3.03,3
2016,75X186,P186X Walter J. Damrosch School,D75,3.1633333333333336,3
2016,75X188,P.S. X188,D75,3.31,3
2016,75X352,The Vida Bogart School for All Children,D75,3.1966666666666668,3
2016,75X469,P469X - The Bronx School for Continuous Learners,D75,3.086666666666667,3
2016,75X721,P.S. X721 - Stephen McSweeney School,D75,2.53,3
2016,75X723,P.S. 723,D75,3.3933333333333335,3
2016,75X754,J. M. Rapport School Career Development,D75,2.506666666666667,3
2016,84K037,Beginning with Children Charter School II,EMS,4.2425,16
2016,84K125,Success Academy Charter School - Bed-Stuy 2,EMS,4.690909090909091,11
2016,84K129,Success Academy Charter School - Cobble Hill,EMS,4.883636363636364,11
2016,84K182,Success Academy Charter School - Williamsburg,EMS,4.5515384615384615,13
2016,84K357,KIPP AMP Charter School,HS,3.4639285714285717,28
2016,84K333,Explore Exceed Charter School,EMS,1.865,18
2016,84K355,Williamsburg Collegiate Charter School,EMS,4.213636363636364,22
2016,84K356,Achievement First Crown Heights Charter School,EMS,3.5027777777777778,18
2016,84K356,Achievement First Crown Heights Charter School,HS,3.0024,25
2016,84K357,KIPP AMP Charter School,EMS,3.9695,20
2016,84K358,Achievement First East New York Charter School,EMS,3.622777777777778,18
2016,84K358,Achievement First East New York Charter School,HS,2.6629411764705884,17
2016,84K359,The Uft Charter School,HS,3.1286206896551723,29
2016,84K360,Launch Expeditionary Learning Charter School,EMS,2.9836363636363634,22
2016,84K367,Success Academy Charter School - Bed-Stuy 1,EMS,4.619090909090909,11
2016,84K362,Hellenic Classical Charter School,EMS,3.423125,16
2016,84K379,Explore Excel Charter School,EMS,3.2243478260869565,23
2016,84K386,Invictus Preparatory Charter School,EMS,2.923888888888889,18
2016,84K395,Roads Charter School I,HST,1.3866666666666667,21
2016,84K406,Teaching Firms of America-Professional Preparatory,EMS,3.0323076923076924,13
2016,84K417,Urban Dove Charter School,HST,2.33,22
2016,84K473,Williamsburg Charter High School,HS,2.775333333333333,30
2016,84K508,Achievement First Endeavor Charter School,EMS,3.952777777777778,18
2016,84K486,New Dawn Charter High School,HST,3.1464,25
2016,84K508,Achievement First Endeavor Charter School,HS,2.7244,25
2016,84K517,Leadership Prep Bedford Stuyvesant Uncommon Prep C,EMS,3.835,16
2016,84K517,Leadership Prep Bedford Stuyvesant Uncommon Prep C,HS,2.246875,16
2016,84K536,Community Roots Charter School,EMS,2.8786666666666667,15
2016,84K538,Achievement First Bushwick Charter School,EMS,4.110476190476191,21
2016,84K538,Achievement First Bushwick Charter School,HS,3.2717391304347827,23
2016,84K593,Excellence Boys Charter School,EMS,3.8973684210526316,19
2016,84K608,Kings Collegiate Charter School,EMS,4.3065,20
2016,84K626,Achievement First Brownsville Charter School,EMS,3.416,20
2016,84K648,Bedford Stuyvesant Collegiate Charter School,EMS,4.095454545454546,22
2016,84K649,La Cima Charter School,EMS,3.013125,16
2016,84K651,PAVE Academy Charter School,EMS,3.373,20
2016,84K652,Brooklyn Ascend Charter School,EMS,3.2889999999999997,20
2016,84K652,Brooklyn Ascend Charter School,HS,3.212727272727273,11
2016,84K693,Northside Charter High School,HS,3.1256666666666666,30
2016,84K701,Brooklyn Charter School,EMS,3.514666666666667,15
2016,84K702,Community Partnership Charter School,EMS,2.1419047619047618,21
2016,84K704,Explore Charter School,EMS,1.7995454545454546,22
2016,84K707,Brooklyn Prospect Charter School,HS,2.9052380952380954,21
2016,84K707,Brooklyn Prospect Charter School,EMS,3.908235294117647,17
2016,84K710,Brownsville Collegiate Charter School,EMS,3.8256521739130434,23
2016,84K711,Leadership Preparatory Brownsville Charter School,EMS,3.62,19
2016,84K712,Excellence Girls Charter School,EMS,3.1846666666666668,15
2016,84K724,Leadership Prep Canarsie Charter School (Leadershi,EMS,4.153809523809524,21
2016,84K730,Summit Academy Charter School,EMS,3.4295652173913043,23
2016,84K730,Summit Academy Charter School,HS,2.4878260869565216,23
2016,84K733,"Math, Engineering, and Science Academy Charter Hig",HS,4.196666666666666,24
2016,84K737,Brownsville Ascend Charter School,EMS,2.5785714285714287,21
2016,84K738,New Visions Charter High School for Advanced Math,HS,3.606521739130435,23
2016,84K739,New Visions Charter High School for the Humanities,HS,2.5104347826086957,23
2016,84K740,Brooklyn Scholars Charter School,EMS,2.2915,20
2016,84K742,Explore Empower Charter School,EMS,2.936818181818182,22
2016,84K744,Coney Island Preparatory Public Charter School,EMS,4.18,23
2016,84K744,Coney Island Preparatory Public Charter School,HS,3.1833333333333336,18
2016,84K746,Hebrew Language Academy Charter School,EMS,2.83375,16
2016,84K757,Unity Prep Charter School,EMS,3.3566666666666665,24
2016,84K758,Brooklyn Urban Garden Charter School,EMS,3.153809523809524,21
2016,84K766,The International Charter School of New York,EC,3.5549999999999997,2
2016,84K769,Hyde Leadership Charter School- Brooklyn,EMS,2.9726315789473685,19
2016,84K772,Success Academy Charter School - Bensonhurst - New,EC,3.78,1
2016,84K774,Achievement First Apollo Charter School,EMS,4.57,12
2016,84K775,Leadership Preparatory Ocean Hill Charter School,EMS,3.8933333333333335,15
2016,84K777,Ocean Hill Collegiate Charter School,EMS,4.0235,20
2016,84K780,Brooklyn East Collegiate Charter School,EMS,3.594736842105263,19
2016,84K781,Success Academy Charter School - Bergen Beach - Ne,EC,3.78,1
2016,84K782,Bedford Stuyvesant New Beginnings Charter School,EMS,3.0383999999999998,25
2016,84K784,Achievement First North Brooklyn Prep Charter Scho,EC,3.99,2
2016,84K785,Imagine Me Leadership Charter School,EMS,4.41875,16
2016,84K788,Achievement First Linden Elementary School,EC,4.87,2
2016,84K789,Compass Charter School,EC,1.0,1
2016,84K790,Central Brooklyn Ascend Charter School,EC,4.54,2
2016,84K791,Brooklyn Dreams Charter School,EMS,3.0136,25
2016,84K792,The Cultural Arts Academy at Spring Creek Charter,EMS,2.0060000000000002,15
2016,84M284,Harlem Children's Zone Promise Academy 1 Charter S,EMS,3.7415,20
2016,84K793,Bushwick Ascend Charter School,EMS,3.1826315789473685,19
2016,84K797,New Hope Academy Charter School,EMS,3.0,15
2016,84K803,Brooklyn LAB�Charter School,EMS,3.245,18
2016,84M065,Democracy Prep Endurance Charter School,EMS,3.8603846153846155,26
2016,84M065,Democracy Prep Endurance Charter School,HS,3.35,7
2016,84M068,KIPP Washington Heights Middle School,EMS,4.179090909090909,22
2016,84M080,Manhattan Charter School II,EMS,2.466666666666667,12
2016,84M085,Global Community Charter School,EMS,2.8705882352941177,17
2016,84M100,Neighborhood Charter School of Harlem,EMS,4.614166666666667,12
2016,84M202,Great Oaks Charter School,EMS,3.771,20
2016,84M320,Manhattan Charter School,EMS,4.39875,16
2016,84M265,Success Academy Charter School - Washington Height,EC,3.17,1
2016,84M279,The Opportunity Charter School,EMS,2.67625,24
2016,84M279,The Opportunity Charter School,HS,3.9941935483870967,31
2016,84M284,Harlem Children's Zone Promise Academy 1 Charter S,HS,3.95,19
2016,84M329,Harlem Link Charter School,EMS,3.0693333333333332,15
2016,84M330,Girls Preparatory Charter School of New York,EMS,3.1055555555555556,18
2016,84M335,Harlem Village Academy Leadership Charter School,EMS,3.2279166666666668,24
2015,01M363,Neighborhood School,EMS,2.897272727272727,11
2016,84M335,Harlem Village Academy Leadership Charter School,HS,2.89625,24
2016,84M336,KIPP Infinity Charter School,EMS,3.9234782608695653,23
2016,84M336,KIPP Infinity Charter School,HS,3.0272,25
2016,84M337,New York Center for Autism Charter School,D75,1.0,2
2016,84M341,Harlem Children's Zone Promise Academy II Charter,EMS,3.6727777777777777,18
2016,84M341,Harlem Children's Zone Promise Academy II Charter,HS,3.8183333333333334,18
2016,84M350,Democracy Prep Charter School,EMS,3.7982608695652176,23
2016,84M350,Democracy Prep Charter School,HS,2.9304,25
2016,84M388,St. HOPE Leadership Academy Charter School,EMS,3.404,25
2016,84M351,Success Academy Charter School - Harlem 1,EMS,3.963636363636364,11
2016,84M351,Success Academy Charter School - Harlem 1,HS,2.4675,4
2016,84M353,New Heights Academy Charter School,EMS,3.2508,25
2016,84M353,New Heights Academy Charter School,HS,3.8355172413793106,29
2016,84M382,DREAM Charter School,EMS,3.579090909090909,22
2016,84M384,Success Academy Charter School - Harlem 2,EMS,4.211,10
2016,84M385,Success Academy Charter School - Harlem 3,EMS,3.841,10
2016,84M386,Success Academy Charter School - Harlem 4,EMS,4.014,10
2016,84M430,The Equity Project Charter School (TEP),EMS,4.1076,25
2016,84M433,Renaissance Charter High School for Innovation,HS,2.646333333333333,30
2016,84M478,Inwood Academy for Leadership Charter School,EMS,3.3940740740740742,27
2016,84M478,Inwood Academy for Leadership Charter School,HS,2.3923076923076922,13
2016,84M481,Democracy Prep Harlem Charter School,EMS,3.2895454545454546,22
2016,84M481,Democracy Prep Harlem Charter School,HS,2.982222222222222,18
2016,84M482,Success Academy Charter School - Harlem 5,EMS,4.53,13
2016,84M483,New York French American Charter School,EMS,2.945,18
2016,84M518,East Harlem Scholars Academy Charter School,EMS,3.93875,16
2016,84M522,Broome Street Academy Charter School,HS,2.7006666666666668,30
2016,84M523,Success Academy Charter School - Upper West,EMS,4.57,9
2016,84M702,Sisulu-Walker Charter School of Harlem,EMS,3.685,16
2016,84M704,Harbor Science and Arts Charter School,EMS,2.2436363636363637,22
2016,84M705,Amber Charter School,EMS,3.108,15
2016,84M707,John V. Lindsay Wildcat Academy Charter School,HST,2.7753846153846156,26
2016,84M708,Harlem Prep Charter School,EMS,2.665,24
2016,84M709,Harlem Village Academy Charter School,EMS,2.779,20
2016,84M709,Harlem Village Academy Charter School,HS,3.1088,25
2016,84M726,KIPP STAR College Prep Charter School,EMS,4.205,24
2016,84M726,KIPP STAR College Prep Charter School,HS,3.6977777777777776,27
2016,84M861,Future Leaders Institute Charter School,EMS,2.97,21
2016,84Q083,Central Queens Academy Charter School,EMS,4.343684210526316,19
2016,84Q170,Peninsula Preparatory Academy Charter School,EMS,2.764666666666667,15
2016,84Q298,Middle Village Prep Charter School,EMS,4.060833333333333,12
2016,84Q304,VOICE Charter School of New York,EMS,3.5625,20
2016,84Q320,New Visions Charter High School for Advanced Math,HS,2.460909090909091,11
2016,84Q321,Growing Up Green Charter School,EMS,3.0975,24
2016,84Q337,Success Academy Charter School - Rosedale - New Yo,EC,2.77,1
2016,84Q339,Success Academy Charter School - Springfield Garde,EC,2.85,1
2016,84Q340,Challenge Preparatory Charter School,EMS,1.5942857142857143,14
2016,84Q341,Riverton Street Charter School,EMS,2.3805,20
2016,84Q342,Rochdale Early Advantage Charter School,EMS,4.041333333333333,15
2016,84Q359,Academy of the City Charter School,EMS,4.325714285714286,14
2016,84Q704,Merrick Academy - Queens Public Charter School,EMS,2.014375,16
2016,84Q705,Renaissance Charter School,EMS,3.2254545454545456,22
2016,84Q705,Renaissance Charter School,HS,3.4541379310344826,29
2016,84Q706,Our World Neighborhood Charter School,EMS,3.3435,20
2016,84R012,New Ventures Charter School,HST,3.58625,8
2016,84R067,John W. Lavelle Preparatory Charter School,EMS,3.06875,24
2016,84R067,John W. Lavelle Preparatory Charter School,HS,4.021304347826087,23
2016,84R073,New World Preparatory Charter School,EMS,3.4664,25
2016,84X124,Children's Aid College Prep Charter School,EMS,4.809333333333334,15
2016,84X133,Icahn Charter School 6,EMS,3.359,10
2016,84X165,Grand Concourse Charter School,EMS,3.277142857142857,14
2016,84X185,Bronx Lighthouse Charter School,HS,3.134642857142857,28
2016,84X177,Mott Hall Charter School,EMS,2.1176,25
2016,84X185,Bronx Lighthouse Charter School,EMS,3.3889473684210527,19
2016,84X200,ROADS Charter School II,HST,1.8068181818181819,22
2016,84X202,New Visions Charter High School for Advanced Math,HS,4.297307692307692,26
2016,84X345,Hyde Leadership Charter School,HS,3.4526666666666666,30
2016,84X208,New Visions Charter High School for the Humanities,HS,2.8636,25
2016,84X233,Family Life Academy Charter School II,EMS,3.37,9
2016,84X255,Bronx Charter School for Excellence,EMS,3.286153846153846,13
2016,84X256,Heketi Community Charter School,EMS,2.5623529411764707,17
2016,84X258,Tech International Charter School,EMS,2.9126086956521737,23
2016,84X309,South Bronx Charter School for International Cultu,EMS,4.164666666666666,15
2016,84X345,Hyde Leadership Charter School,EMS,3.3168,25
2016,84X346,South Bronx Classical Charter School,EMS,3.784705882352941,17
2016,84X347,International Leadership Charter High School,HS,3.1883870967741936,31
2016,84X362,Icahn Charter School 7,EMS,2.367142857142857,7
2016,84X378,Icahn Charter School 2,EMS,3.61,13
2016,84X389,Bronx Global Learning Institute for Girls Charter,EMS,2.5511764705882354,17
2016,84X393,University Prep Charter High School,HS,4.362333333333333,30
2016,84X394,Mott Haven Academy Charter School,EMS,3.673888888888889,18
2015,02M289,I.S. 289,EMS,4.357222222222222,18
2016,84X395,"NYC Charter High School for Architecture, Engineer",HS,4.433548387096774,31
2016,84X398,Bronx Community Charter School,EMS,2.7910526315789475,19
2016,84X407,Bronx Charter School for Children,EMS,3.565,18
2016,84X419,Bronx Academy of Promise Charter School,EMS,3.3082608695652174,23
2016,84X422,Icahn Charter School 3,EMS,4.137142857142857,14
2016,84X429,Charter High School for Law and Social Justice,HS,1.8066666666666666,6
2016,84X460,Atmosphere Charter School,EMS,3.282,20
2016,84X461,Metropolitan Lighthouse Charter School,EMS,2.423636363636364,22
2016,84X464,Success Academy Charter School - Bronx 4 - New Yor,EC,2.69,1
2016,84X465,Boys Preparatory Charter School of New York,EC,3.4050000000000002,2
2016,84X471,American Dream Charter School,EMS,3.9562500000000003,24
2016,84X482,Dr. Richard Izquierdo Health and Science Charter S,EMS,2.9372,25
2016,84X472,Family Life Academy Charter School III,EC,3.925,2
2015,02M422,Quest to Learn,HS,2.517826086956522,23
2016,84X482,Dr. Richard Izquierdo Health and Science Charter S,HS,4.054782608695652,23
2016,84X704,KIPP Academy Charter School,HS,3.8504,25
2016,84X484,Bronx Charter School for Better Learning II,EC,4.04,1
2016,84X486,Rosalyn Yalow Charter School,EC,4.24,2
2016,84X487,Girls Preparatory Charter School of the Bronx,EMS,2.841578947368421,19
2016,84X488,The Equality Charter School,EMS,3.082272727272727,22
2016,84X488,The Equality Charter School,HS,2.5342857142857143,14
2016,84X489,South Bronx Classical Charter School III,EC,4.99,1
2016,84X491,Academic Leadership Charter School,EMS,3.765833333333333,24
2016,84X492,South Bronx Early College Academy Charter School,EMS,2.933809523809524,21
2016,84X493,Success Academy Charter School - Bronx 1,EMS,4.4944444444444445,9
2016,84X494,Success Academy Charter School - Bronx 2,EMS,4.5218181818181815,11
2016,84X496,Icahn Charter School 4,EMS,4.0808333333333335,12
2016,84X497,Storefront Academy Charter School,EC,1.58,2
2016,84X538,Icahn Charter School 5,EMS,3.651,10
2016,84X539,New Visions Charter High School for Advanced Math,HS,3.0873333333333335,30
2016,84X553,New Visions Charter High School for the Humanities,HS,3.52258064516129,31
2016,84X554,New York City Montessori Charter School,EMS,2.3436363636363637,22
2016,84X703,Bronx Preparatory Charter School,EMS,3.2945454545454544,22
2016,84X703,Bronx Preparatory Charter School,HS,3.2763333333333335,30
2016,84X704,KIPP Academy Charter School,EMS,3.5824,25
2016,84X705,Family Life Academy Charter School,EMS,2.888095238095238,21
2016,84X706,Harriet Tubman Charter School,EMS,3.408888888888889,18
2016,84X717,Icahn Charter School,EMS,2.49,16
2016,84X718,Bronx Charter School for Better Learning,EMS,3.577692307692308,13
2016,84X730,Bronx Charter School for the Arts,EMS,3.72,15
2015,01M015,P.S. 015 Roberto Clemente,EMS,3.38,17
2015,01M019,P.S. 019 Asher Levy,EMS,3.6589473684210527,19
2015,01M020,P.S. 020 Anna Silver,EMS,2.8909090909090907,22
2015,01M034,P.S. 034 Franklin D. Roosevelt,EMS,3.4659999999999997,25
2015,01M063,The STAR Academy - P.S.63,EMS,4.2311764705882355,17
2015,01M064,P.S. 064 Robert Simon,EMS,3.4558823529411766,17
2015,01M110,P.S. 110 Florence Nightingale,EMS,3.8923076923076922,13
2015,01M134,P.S. 134 Henrietta Szold,EMS,3.685909090909091,22
2015,01M137,P.S. 137 John L. Bernstein,EMS,2.3526315789473684,19
2015,01M140,P.S. 140 Nathan Straus,EMS,3.6714814814814813,27
2015,01M142,P.S. 142 Amalia Castro,EMS,3.3183333333333334,18
2015,01M184,P.S. 184m Shuang Wen,EMS,4.646842105263158,19
2015,01M188,P.S. 188 The Island School,EMS,4.0517391304347825,23
2015,01M292,Henry Street School for International Studies,EMS,3.315238095238095,21
2015,01M292,Henry Street School for International Studies,HS,2.62,30
2015,01M301,"Technology, Arts, and Sciences Studio",EMS,3.2443478260869565,23
2015,01M315,The East Village Community School,EMS,3.615,12
2015,01M332,University Neighborhood Middle School,EMS,2.8455555555555554,27
2015,01M345,"Collaborative Academy of Science, Technology, & La",EMS,2.91875,24
2015,01M361,The Children's Workshop School,EMS,3.0753846153846154,13
2015,01M364,Earth School,EMS,3.48,9
2015,01M378,School for Global Leaders,EMS,4.0816,25
2015,01M448,University Neighborhood High School,HS,3.996451612903226,31
2015,01M450,East Side Community School,EMS,4.284375,16
2015,01M450,East Side Community School,HS,3.8256521739130434,23
2015,01M458,Forsyth Satellite Academy,HST,2.533333333333333,21
2015,01M509,Marta Valle High School,HS,2.3982758620689655,29
2015,01M515,Lower East Side Preparatory High School,HST,3.214,25
2015,01M539,"New Explorations into Science, Technology and Math",EMS,4.561428571428571,14
2015,01M539,"New Explorations into Science, Technology and Math",HS,4.244782608695652,23
2015,01M650,Cascades High School,HST,3.2868,25
2015,01M696,Bard High School Early College,HS,4.4827272727272724,22
2015,01M839,Tompkins Square Middle School,EMS,3.37875,16
2015,02M001,P.S. 001 Alfred E. Smith,EMS,3.506818181818182,22
2015,02M376,NYC iSchool,HS,4.0275,24
2015,02M002,P.S. 002 Meyer London,EMS,4.682142857142857,14
2015,02M003,P.S. 003 Charrette School,EMS,4.27,13
2015,02M006,P.S. 006 Lillie D. Blake,EMS,4.25,13
2015,02M011,P.S. 011 William T. Harris,EMS,3.7645454545454546,11
2015,02M033,P.S. 033 Chelsea Prep,EMS,3.7636363636363637,11
2015,02M040,P.S. 040 Augustus Saint-Gaudens,EMS,4.524615384615385,13
2015,02M041,P.S. 041 Greenwich Village,EMS,4.264615384615385,13
2015,02M042,P.S. 042 Benjamin Altman,EMS,4.45,17
2015,02M047,47 The American Sign Language and English Secondar,HS,3.1085714285714285,28
2015,02M051,P.S. 051 Elias Howe,EMS,3.2424999999999997,20
2015,02M059,P.S. 059 Beekman Hill International,EMS,4.374545454545455,11
2015,02M077,P.S. 77 Lower Lab School,EMS,4.661111111111111,9
2015,02M089,P.S. 89,EMS,4.423846153846154,13
2015,02M104,J.H.S. 104 Simon Baruch,EMS,4.491,20
2015,02M111,P.S. 111 Adolph S. Ochs,EMS,3.99,25
2015,02M114,East Side Middle School,EMS,4.66625,16
2015,02M116,P.S. 116 Mary Lindley Murray,EMS,3.4246666666666665,15
2015,02M124,P.S. 124 Yung Wing,EMS,4.255714285714285,14
2015,02M126,P.S. 126 Jacob August Riis,EMS,4.348260869565217,23
2015,02M130,P.S. 130 Hernando De Soto,EMS,4.393571428571429,14
2015,02M131,M.S. 131,EMS,3.9772,25
2015,02M135,The Urban Assembly School for Emergency Management,HS,3.0507142857142857,14
2015,02M139,Stephen T. Mather Building Arts & Craftsmanship Hi,HS,3.5435714285714286,14
2015,02M150,P.S. 150,EMS,4.164444444444444,9
2015,02M151,Yorkville Community School,EMS,3.9892307692307694,13
2015,02M158,P.S. 158 Bayard Taylor,EMS,4.34,11
2015,02M167,J.H.S. 167 Robert F. Wagner,EMS,4.367222222222222,18
2015,02M177,Yorkville East Middle School,EMS,4.503125,16
2015,02M183,P.S. 183 Robert L. Stevenson,EMS,3.835384615384615,13
2015,02M198,P.S. 198 Isador E. Ida Straus,EMS,3.484166666666667,12
2015,02M212,P.S. 212 Midtown West,EMS,4.1692307692307695,13
2015,02M217,P.S./I.S. 217 Roosevelt Island,EMS,3.4236842105263157,19
2015,02M225,Ella Baker School,EMS,2.8053846153846154,13
2015,02M234,P.S. 234 Independence School,EMS,3.4669230769230768,13
2015,02M255,M.S. 255 Salk School of Science,EMS,4.631875,16
2015,02M260,M.S. 260 Clinton School Writers & Artists,EMS,4.450555555555556,18
2015,02M267,"East Side Elementary School, PS 267",EMS,3.544,10
2015,02M276,Battery Park City School,EMS,3.901666666666667,18
2015,02M280,Manhattan Early College School for Advertising,HS,3.442727272727273,11
2015,02M281,The River School,EC,2.725,2
2015,02M282,Urban Assembly Maker Academy,HS,2.035,12
2015,02M288,Food and Finance High School,HS,2.989642857142857,28
2015,02M290,P.S. 290 Manhattan New School,EMS,3.51,11
2015,02M294,Essex Street Academy,HS,3.2920833333333333,24
2015,02M296,High School of Hospitality Management,HS,3.367,30
2015,02M298,Pace High School,HS,3.012857142857143,28
2015,02M300,"Urban Assembly School of Design and Construction,",HS,2.5776666666666666,30
2015,02M303,"Facing History School, The",HS,3.4846153846153847,26
2015,02M305,"Urban Assembly Academy of Government and Law, The",HS,3.6220689655172413,29
2015,02M308,Lower Manhattan Arts Academy,HS,3.4785714285714286,28
2015,02M312,New York City Lab Middle School for Collaborative,EMS,4.694375,16
2015,02M313,"James Baldwin School, The: A School for Expedition",HST,2.9822727272727274,22
2015,02M316,"Urban Assembly School of Business for Young Women,",HS,2.2848275862068967,29
2015,02M340,Sixth Avenue Elementary School,EC,3.96,1
2015,02M343,The Peck Slip School,EC,3.36,2
2015,02M347,The 47 American Sign Language & English Lower Scho,EMS,3.6542857142857144,21
2015,02M374,Gramercy Arts High School,HS,2.4923333333333333,30
2015,02M392,MANHATTAN BUSINESS ACADEMY,HS,3.45,30
2015,02M393,Business Of Sports School,HS,2.8929032258064518,31
2015,02M394,Emma Lazarus High School,HST,4.28,24
2015,02M397,Spruce Street School,EMS,4.0407692307692304,13
2015,02M399,The High School For Language And Diplomacy,HS,2.964,30
2015,02M400,High School for Environmental Studies,HS,2.572,30
2015,02M407,Institute for Collaborative Education,EMS,3.5885714285714285,14
2015,02M407,Institute for Collaborative Education,HS,4.002777777777777,18
2015,02M408,Professional Performing Arts High School,EMS,4.520714285714286,14
2015,02M408,Professional Performing Arts High School,HS,3.7069565217391305,23
2015,02M411,Baruch College Campus High School,HS,4.562608695652174,23
2015,02M412,N.Y.C. Lab School for Collaborative Studies,HS,4.3950000000000005,24
2015,03M494,High School of Arts and Technology,HS,2.2066666666666666,30
2015,02M413,School of the Future High School,EMS,3.733888888888889,18
2015,02M413,School of the Future High School,HS,3.8510526315789475,19
2015,02M414,N.Y.C. Museum School,HS,4.432173913043478,23
2015,02M416,Eleanor Roosevelt High School,HS,4.648260869565218,23
2015,02M418,Millennium High School,HS,4.472608695652174,23
2015,02M419,Landmark High School,HS,3.2552,25
2015,02M420,High School for Health Professions and Human Servi,HS,3.6423076923076922,26
2015,03M076,P.S. 076 A. Philip Randolph,EMS,2.823703703703704,27
2015,02M422,Quest to Learn,EMS,3.275,18
2015,02M425,Leadership and Public Service High School,HS,2.783225806451613,31
2015,02M427,MANHATTAN ACADEMY FOR ARTS & LANGUAGE,HS,2.246,30
2015,02M432,Murray Hill Academy,HST,3.433157894736842,19
2015,02M437,Hudson High School of Learning Technologies,HS,3.166451612903226,31
2015,02M438,International High School at Union Square,HS,3.235925925925926,27
2015,02M439,Manhattan Village Academy,HS,4.6347826086956525,23
2015,02M442,"Ballet Tech, NYC Public School for Dance",EMS,4.65,13
2015,02M449,Vanguard High School,HS,3.2929166666666667,24
2015,03M191,P.S. 191 Amsterdam,EMS,2.8736,25
2015,02M459,Manhattan International High School,HS,3.0541666666666667,24
2015,02M473,Washington Irving Yabc,YABC,2.818636363636364,22
2015,02M475,Stuyvesant High School,HS,4.576521739130435,23
2015,02M489,High School of Economics and Finance,HS,3.20375,32
2015,02M500,Unity Center for Urban Technologies,HS,3.6683333333333334,30
2015,02M507,Urban Assembly Gateway School for Technology,HS,3.74,26
2015,02M519,Talent Unlimited High School,HS,3.7543478260869563,23
2015,02M520,Murry Bergtraum High School for Business Careers,HS,2.00125,32
2015,03M334,The Anderson School,EMS,4.754615384615384,13
2015,02M527,P.S. 527 - East Side School for Social Action,EC,3.5700000000000003,2
2015,02M529,Jacqueline Kennedy Onassis High School,HS,2.354,30
2015,02M531,Repertory Company High School for Theatre Arts,HS,3.9595652173913045,23
2015,02M533,Union Square Academy for Health Sciences,HS,3.2817391304347825,23
2015,02M534,Harvest Collegiate High School,HS,3.4770588235294118,17
2015,02M542,Manhattan Bridges High School,HS,3.8983870967741936,31
2015,02M543,New Design High School,HS,3.047857142857143,28
2015,02M544,Independence High School,HST,2.356206896551724,29
2015,02M545,High School for Dual Language and Asian Studies,HS,4.377272727272727,22
2015,02M546,Academy for Software Engineering,HS,3.6447826086956523,23
2015,02M550,Liberty High School Academy for Newcomers,HST,2.448148148148148,27
2015,02M551,Urban Assembly New York Harbor School,HS,2.8,29
2015,06M189,P.S. 189,EMS,2.834,20
2015,02M560,High School M560 - City As School,HST,2.8904761904761904,21
2015,02M565,Urban Academy Laboratory High School,HST,2.682142857142857,14
2015,02M570,Satellite Academy High School,HST,4.1031818181818185,22
2015,02M575,Manhattan Comprehensive Night and Day High School,HST,3.2682758620689656,29
2015,02M580,Richard R. Green High School of Teaching,HS,2.383103448275862,29
2015,02M586,Harvey Milk High School,HST,2.8570588235294117,17
2015,02M600,The High School of Fashion Industries,HS,3.9048148148148147,27
2015,02M605,Humanities Preparatory Academy,HST,3.68,13
2015,02M615,Chelsea Career and Technical Education High School,HS,3.364,30
2015,02M625,High School of Graphic Communication Arts,HS,1.834090909090909,22
2015,02M630,Art and Design High School,HS,2.8438461538461537,26
2015,02M655,Life Sciences Secondary School,EMS,2.966818181818182,22
2015,02M655,Life Sciences Secondary School,HS,1.9063333333333334,30
2015,02M896,Lower Manhattan Community Middle School,EMS,4.5205,20
2015,02M933,City Knoll Middle School,EMS,4.035454545454545,22
2015,03M009,P.S. 009 Sarah Anderson,EMS,4.4363636363636365,11
2015,03M054,J.H.S. 054 Booker T. Washington,EMS,4.010625,16
2015,03M075,P.S. 075 Emily Dickinson,EMS,3.6750000000000003,20
2015,03M084,P.S. 084 Lillian Weber,EMS,3.0922222222222224,18
2015,03M087,P.S. 087 William Sherman,EMS,3.9745454545454546,11
2015,03M145,"P.S. 145, The Bloomingdale School",EMS,2.104090909090909,22
2015,03M149,P.S. 149 Sojourner Truth,EMS,2.1403703703703703,27
2015,03M163,P.S. 163 Alfred E. Smith,EMS,3.889333333333333,15
2015,03M165,P.S. 165 Robert E. Simon,EMS,2.93,27
2015,03M166,P.S. 166 The Richard Rodgers School of The Arts an,EMS,3.9146153846153844,13
2015,03M180,P.S. 180 Hugo Newman,EMS,3.0595238095238093,21
2015,03M185,P.S. 185 - The Early Childhood Discovery and Desig,EC,2.9299999999999997,2
2015,03M199,P.S. 199 Jessie Isador Straus,EMS,4.196363636363636,11
2015,03M208,P.S. 208 Alain L. Locke,EMS,2.9625,20
2015,03M241,STEM Institute of Manhattan,EMS,2.4747368421052633,19
2015,06M192,P.S. 192 Jacob H. Schiff,EMS,2.5005555555555556,18
2015,03M242,P.S. 242 - The Young Diplomats Magnet Academy,EMS,2.775294117647059,17
2015,03M243,M.S. 243 Center School,EMS,4.683125,16
2015,03M245,M.S. M245 The Computer School,EMS,4.541666666666667,18
2015,03M247,M.S. M247 Dual Language Middle School,EMS,4.3428,25
2015,03M250,M.S. 250 West Side Collaborative Middle School,EMS,4.2245,20
2015,03M256,M.S. 256 Academic & Athletic Excellence,EMS,3.973333333333333,27
2015,03M258,Community Action School - MS 258,EMS,4.289545454545454,22
2015,03M299,"High School for Arts, Imagination and Inquiry",HS,2.745483870967742,31
2015,03M307,"Urban Assembly School for Media Studies, The",HS,2.9743333333333335,30
2015,03M333,P.S. 333 Manhattan School for Children,EMS,3.957222222222222,18
2015,03M402,The Urban Assembly School for Green Careers,HS,2.654516129032258,31
2015,03M403,The Global Learning Collaborative,HS,3.1206451612903225,31
2015,03M404,Innovation Diploma Plus,HST,3.120416666666667,24
2015,03M415,Wadleigh Secondary School for the Performing & Vis,EMS,3.1355,20
2015,03M415,Wadleigh Secondary School for the Performing & Vis,HS,2.699,30
2015,03M421,West Prep Academy,EMS,4.03875,24
2015,03M417,Frank Mccourt High School,HS,3.5458333333333334,24
2015,03M452,P.S. 452,EMS,4.609,10
2015,03M479,Beacon High School,HS,4.2444444444444445,18
2015,03M485,Fiorello H. LaGuardia High School of Music & Art a,HS,4.2575,24
2015,03M492,"High School for Law, Advocacy and Community Justic",HS,2.900689655172414,29
2015,03M505,Edward A. Reynolds West Side High School,HST,2.7437037037037038,27
2015,03M541,Manhattan / Hunter Science High School,HS,4.565217391304348,23
2015,08X452,Bronx Guild,HS,3.0044827586206897,29
2015,03M862,Mott Hall II,EMS,4.495,16
2015,03M610,Young Women's Leadership School,EMS,3.58,20
2015,03M610,Young Women's Leadership School,HS,4.274166666666667,24
2015,03M859,Special Music School,EMS,4.404545454545454,11
2015,03M859,Special Music School,HS,4.21,14
2015,03M860,Frederick Douglass Academy II Secondary School,EMS,3.218,20
2015,03M860,Frederick Douglass Academy II Secondary School,HS,3.0658064516129033,31
2015,04M007,P.S. 007 Samuel Stern,EMS,3.616296296296296,27
2015,04M012,Tag Young Scholars,EMS,4.7162500000000005,16
2015,04M037,River East Elementary,EMS,2.882941176470588,17
2015,04M038,P.S. 38 Roberto Clemente,EMS,3.051578947368421,19
2015,04M050,P.S. 050 Vito Marcantonio,EMS,3.35,27
2015,04M057,James Weldon Johnson,EMS,3.45962962962963,27
2015,04M072,The Lexington Academy,EMS,3.146190476190476,21
2015,04M083,P.S. 083 Luis Munoz Rivera,EMS,3.9535,20
2015,04M096,P.S. 096 Joseph Lanzetta,EMS,2.79,27
2015,04M102,P.S. 102 Jacques Cartier,EMS,2.8245,20
2015,04M108,P.S. 108 Assemblyman Angelo Del Toro Educational C,EMS,2.962222222222222,27
2015,04M146,P.S. 146 Ann M. Short,EMS,3.6755,20
2015,04M112,P.S. 112 Jose Celso Barbosa,EC,3.135,2
2015,04M155,P.S. 155 William Paca,EMS,2.7122727272727274,22
2015,04M171,P.S. 171 Patrick Henry,EMS,4.421,20
2015,04M182,The Bilingual Bicultural School,EMS,3.2755555555555556,18
2015,04M206,P.S. 206 Jose Celso Barbosa,EMS,3.5303703703703704,27
2015,04M224,M.S. 224 Manhattan East School for Arts & Academic,EMS,3.3625,24
2015,04M372,Esperanza Preparatory Academy,EMS,3.832,25
2015,04M372,Esperanza Preparatory Academy,HS,2.9879166666666666,24
2015,04M375,Mosaic Preparatory Academy,EMS,3.9073684210526314,19
2015,04M377,Renaissance School of the Arts,EMS,3.161111111111111,27
2015,04M381,Global Neighborhood Secondary School,EMS,3.2752,25
2015,04M406,Global Technology Preparatory,EMS,3.8488,25
2015,04M409,Coalition School for Social Change,HS,2.263103448275862,29
2015,09X252,Mott Hall Bronx High School,HS,3.06,30
2015,04M435,Manhattan Center for Science and Mathematics,HS,3.9852173913043476,23
2015,04M495,Park East High School,HS,4.321666666666666,30
2015,04M497,Central Park East I,EMS,2.5836363636363635,11
2015,04M555,Central Park East High School,HS,4.341379310344828,29
2015,04M680,"Heritage School, The",HS,2.704,30
2015,04M825,Isaac Newton Middle School for Math & Science,EMS,3.1734615384615386,26
2015,04M964,Central Park East II,EMS,3.6027272727272726,11
2015,05M030,P.S. 030 Hernandez/Hughes,EMS,2.9455,20
2015,05M036,P.S. 036 Margaret Douglas,EMS,2.7385714285714284,21
2015,05M046,P.S. 046 Arthur Tappan,EMS,2.3555555555555556,27
2015,05M092,P.S. 092 Mary McLeod Bethune,EMS,3.706,20
2015,05M123,P.S. 123 Mahalia Jackson,EMS,2.8196,25
2015,05M125,P.S. 125 Ralph Bunche,EMS,4.325714285714286,14
2015,05M129,P.S. 129 John H. Finley,EMS,2.9444,25
2015,05M133,P.S. 133 Fred R Moore,EMS,3.1726315789473682,19
2015,05M148,Eagle Academy for Young Men of Harlem,EMS,3.1626086956521737,23
2015,05M154,P.S. 154 Harriet Tubman,EMS,3.1065,20
2015,05M157,The Urban Assembly School for Global Commerce,HS,3.3135714285714286,14
2015,05M161,P.S. 161 Pedro Albizu Campos,EMS,3.658888888888889,27
2015,05M175,P.S. 175 Henry H Garnet,EMS,3.3727272727272726,22
2015,05M194,P.S. 194 Countee Cullen,EMS,1.9875,20
2015,05M197,P.S. 197 John B. Russwurm,EMS,3.4857894736842105,19
2015,05M200,P.S. 200- The James Mccune Smith School,EMS,2.209,20
2015,05M285,Harlem Renaissance High School,HST,3.2137931034482756,29
2015,05M286,I.S. M286 Renaissance Leadership Academy,EMS,2.1025,24
2015,05M302,KAPPA IV,EMS,2.5908,25
2015,05M304,Mott Hall High School,HS,2.7161290322580647,31
2015,05M318,Thurgood Marshall Academy Lower School,EMS,2.976470588235294,17
2015,05M362,Columbia Secondary School,EMS,4.50875,16
2015,05M362,Columbia Secondary School,HS,4.201818181818182,22
2015,05M367,Academy for Social Action,HS,2.1119354838709676,31
2015,05M369,Urban Assembly School for the Performing Arts,HS,3.2713793103448277,29
2015,05M410,The Urban Assembly Institute for New Technologies,EMS,2.86875,24
2015,05M469,Choir Academy of Harlem,HS,2.5778947368421052,19
2015,06M325,P.S. 325,EMS,2.708,20
2015,05M499,Frederick Douglass Academy,EMS,2.5645454545454545,22
2015,05M499,Frederick Douglass Academy,HS,2.2504,25
2015,05M514,New Design Middle School,EMS,2.5966666666666667,24
2015,05M670,Thurgood Marshall Academy for Learning and Social,EMS,3.377727272727273,22
2015,05M670,Thurgood Marshall Academy for Learning and Social,HS,2.593103448275862,29
2015,05M685,Bread & Roses Integrated Arts High School,HS,1.8825,20
2015,05M692,"High School for Mathematics, Science and Engineeri",HS,4.493913043478261,23
2015,10X306,P.S. 306,EMS,2.672222222222222,18
2015,06M004,P.S. 004 Duke Ellington,EMS,3.276818181818182,22
2015,06M005,P.S. 005 Ellen Lurie,EMS,2.8649999999999998,20
2015,06M008,P.S. 008 Luis Belliard,EMS,2.5913636363636363,22
2015,06M018,P.S. 018 Park Terrace,EMS,3.1,25
2015,06M028,P.S. 028 Wright Brothers,EMS,3.432,20
2015,06M048,P.S. 048 P.O. Michael J. Buczek,EMS,2.798636363636364,22
2015,06M052,J.H.S. 052 Inwood,EMS,3.65,25
2015,06M098,P.S. 098 Shorac Kappock,EMS,2.0655,20
2015,06M103,Dos Puentes Elementary School,EC,2.825,2
2015,06M115,P.S. 115 Alexander Humboldt,EMS,2.541,20
2015,06M128,P.S. 128 Audubon,EMS,3.414,20
2015,06M132,P.S. 132 Juan Pablo Duarte,EMS,2.974090909090909,22
2015,06M143,J.H.S. 143 Eleanor Roosevelt,EMS,2.7711111111111113,27
2015,06M152,P.S. 152 Dyckman Valley,EMS,2.958,20
2015,06M153,P.S. 153 Adam Clayton Powell,EMS,2.582,20
2015,06M173,P.S. 173,EMS,2.295,20
2015,06M178,Professor Juan Bosch Public School,EMS,3.9635714285714285,14
2015,06M187,P.S./I.S. 187 Hudson Cliffs,EMS,4.038260869565217,23
2015,06M209,Hamilton Grange Middle School,EMS,4.0169565217391305,23
2015,06M210,P.S./I.S. 210 - Twenty-first Century Academy for C,EMS,4.2312,25
2015,06M211,Inwood Early College for Health and Information Te,HS,3.428181818181818,11
2015,06M218,I.S. 218 Salome Urena,EMS,3.497037037037037,27
2015,06M223,The Mott Hall School,EMS,4.319375,16
2015,06M278,Paula Hedbavny School,EMS,3.994814814814815,27
2015,06M293,City College Academy of the Arts,EMS,4.283333333333333,21
2015,06M293,City College Academy of the Arts,HS,4.00304347826087,23
2015,06M311,Amistad Dual Language School,EMS,2.9996,25
2015,06M314,Muscota,EMS,3.715384615384615,13
2015,06M319,M.S. 319 - Maria Teresa,EMS,3.2155555555555555,27
2015,06M322,Middle School 322,EMS,3.8492592592592594,27
2015,06M324,M.S. 324 - Patria Mirabal,EMS,4.042962962962963,27
2015,06M326,M.S. 326 - Writers Today & Leaders Tomorrow,EMS,3.2256,25
2015,06M328,M.S. 328 - Manhattan Middle School for Scientific,EMS,2.6808,25
2015,06M346,Community Health Academy of the Heights,EMS,3.8396,25
2015,06M346,Community Health Academy of the Heights,HS,2.98125,32
2015,06M348,Washington Heights Expeditionary Learning School,EMS,3.9564,25
2015,06M348,Washington Heights Expeditionary Learning School,HS,2.7119999999999997,30
2015,06M349,Harbor Heights,EMS,3.3535,20
2015,06M366,Washington Heights Academy,EMS,3.7531578947368422,19
2015,06M368,Hamilton Heights School,EMS,1.863888888888889,18
2015,06M423,High School for Excellence and Innovation,HST,3.96,23
2015,06M457,George Washington Yabc,YABC,4.3845,20
2015,06M462,The College Academy,HS,2.3761290322580644,31
2015,06M463,High School for Media and Communications,HS,2.320625,32
2015,06M467,High School for Law and Public Service,HS,3.218709677419355,31
2015,06M468,High School for Health Careers and Sciences,HS,3.1025,32
2015,06M528,I.S. 528 Bea Fuller Rodgers School,EMS,3.7988,25
2015,06M540,A. Philip Randolph Campus High School,HS,2.334137931034483,29
2015,06M552,Gregorio Luperon High School for Science and Mathe,HS,3.0033333333333334,30
2015,07X001,P.S. 001 Courtlandt School,EMS,2.483,20
2015,07X005,P.S. 5 Port Morris,EMS,3.3768000000000002,25
2015,07X018,P.S. 018 John Peter Zenger,EMS,3.1585,20
2015,07X025,P.S. 025 Bilingual School,EMS,3.8449999999999998,22
2015,07X029,P.S./M.S. 029 Melrose School,EMS,3.029259259259259,27
2015,07X030,P.S. 030 Wilton,EMS,2.2725,20
2015,07X031,P.S./M.S. 031 The William Lloyd Garrison,EMS,2.321111111111111,27
2015,07X043,P.S. 043 Jonas Bronck,EMS,3.6977777777777776,18
2015,07X049,P.S. 049 Willis Avenue,EMS,3.6090909090909093,22
2015,07X065,P.S. 065 Mother Hale Academy,EMS,3.4055,20
2015,07X151,J.H.S. 151 Lou Gehrig,EMS,2.9288461538461537,26
2015,07X154,P.S. 154 Jonathan D. Hyatt,EMS,3.585,20
2015,07X157,P.S. 157 Grove Hill,EMS,3.4485714285714284,21
2015,07X161,P.S. 161 Juan Ponce De Leon School,EMS,2.855909090909091,22
2015,07X162,J.H.S. 162 Lola Rodriguez De Tio,EMS,2.5655555555555556,27
2015,07X179,P.S. 179,EMS,3.3585,20
2015,07X221,South Bronx Preparatory: A College Board School,EMS,4.3104000000000005,25
2015,07X221,South Bronx Preparatory: A College Board School,HS,4.331333333333333,30
2015,07X223,M.S. 223 The Laboratory School of Finance and Tech,EMS,3.99375,24
2015,07X277,P.S. 277,EMS,3.8715,20
2015,07X223,M.S. 223 The Laboratory School of Finance and Tech,HS,4.222222222222222,9
2015,07X224,P.S./I.S. 224,EMS,2.9585185185185185,27
2015,09X215,Kappa,EMS,3.6668,25
2015,07X259,"H.E.R.O. High (Health, Education, and Research Occ",HS,2.932857142857143,14
2015,07X296,South Bronx Academy for Applied Media,EMS,3.2844444444444445,27
2015,07X298,Academy of Public Relations,EMS,3.5322222222222224,27
2015,07X334,International Community High School,HS,2.2912,25
2015,07X343,Academy of Applied Mathematics and Technology,EMS,4.44,25
2015,07X369,Young Leaders Elementary School,EMS,2.805,20
2015,11X016,P.S. 016 Wakefield,EMS,3.496470588235294,17
2015,07X379,Jill Chaifetz Transfer High School,HST,2.7007142857142856,28
2015,07X381,Bronx Haven High School,HST,3.358846153846154,26
2015,07X385,Performance School,EMS,2.2983333333333333,18
2015,07X427,Community School for Social Justice,HS,3.2984,25
2015,07X456,Alfred E. Smith Campus YABC,YABC,2.9434782608695653,23
2015,07X473,Mott Haven Village Preparatory High School,HS,2.1653333333333333,30
2015,07X495,University Heights Secondary School,HS,4.026666666666666,18
2015,07X500,Hostos-Lincoln Academy of Science,EMS,3.5,24
2015,07X500,Hostos-Lincoln Academy of Science,HS,3.507241379310345,29
2015,07X520,Foreign Language Academy of Global Studies,HS,2.4710714285714284,28
2015,07X522,Bronx Design and Construction Academy,HS,2.661111111111111,27
2015,07X527,Bronx Leadership Academy II High School,HS,3.478125,32
2015,07X547,New Explorers High School,HS,2.2226666666666666,30
2015,07X548,Urban Assembly School for Careers in Sports,HS,2.249,30
2015,07X551,The Urban Assembly Bronx Academy of Letters,EMS,2.9508,25
2015,08X075,P.S. 75 School of Research and Discovery,EMS,2.9872727272727273,22
2015,07X551,The Urban Assembly Bronx Academy of Letters,HS,2.865806451612903,31
2015,10X015,P.S. X015 Institute for Environmental Learning,EMS,3.960434782608696,23
2015,07X557,Mott Haven Community High School,HST,3.4264285714285716,28
2015,10X280,P.S./M.S. 280 Mosholu Parkway,EMS,3.8296296296296295,27
2015,07X600,Alfred E. Smith Career and Technical Education Hig,HS,3.0233333333333334,30
2015,07X670,Health Opportunities High School,HS,2.3338709677419356,31
2015,08X014,P.S. X014 Senator John Calandra,EMS,3.6016666666666666,18
2015,08X036,P.S. 036 Unionport,EMS,3.8885,20
2015,08X048,P.S. 048 Joseph R. Drake,EMS,2.587727272727273,22
2015,08X062,P.S. 062 Inocensio Casanova,EMS,3.5004545454545455,22
2015,08X069,P.S. 069 Journey Prep School,EMS,3.845333333333333,15
2015,08X071,P.S. 071 Rose E. Scala,EMS,4.077407407407407,27
2015,08X072,P.S. 072 Dr. William Dorney,EMS,3.9810526315789474,19
2015,08X093,P.S. 093 Albert G. Oliver,EMS,2.826363636363636,22
2015,08X100,P.S. 100 Isaac Clason,EMS,3.418421052631579,19
2015,08X101,M.S. X101 Edward R. Byrne,EMS,3.4185714285714286,21
2015,08X107,P.S. 107,EMS,3.066,20
2015,08X119,P.S. 119,EMS,2.94,20
2015,08X123,J.H.S. 123 James M. Kieran,EMS,2.714814814814815,27
2015,08X125,J.H.S. 125 Henry Hudson,EMS,3.206,25
2015,08X130,P.S. 130 Abram Stevens Hewitt,EMS,2.836818181818182,22
2015,08X131,J.H.S. 131 Albert Einstein,EMS,2.9304166666666664,24
2015,08X138,P.S. 138 Samuel Randall,EMS,3.251764705882353,17
2015,08X562,Blueprint Middle School,EMS,3.4096296296296296,27
2015,08X140,P.S. X140 The Eagle School,EMS,2.9918181818181817,22
2015,08X146,P.S. 146 Edward Collins,EMS,3.5695,20
2015,08X152,P.S. 152 Evergreen,EMS,2.874090909090909,22
2015,08X182,P.S. 182,EMS,2.8370588235294116,17
2015,08X269,Bronx Studio School for Writers and Artists,EMS,2.707777777777778,27
2015,08X269,Bronx Studio School for Writers and Artists,HS,2.428709677419355,31
2015,08X282,Women's Academy of Excellence,HS,2.3657142857142857,28
2015,08X293,Renaissance High School for Musical Theater & Tech,HS,2.9203448275862067,29
2015,08X301,M.S. 301 Paul L. Dunbar,EMS,2.604814814814815,27
2015,08X302,M.S. 302 Luisa Dessus Cruz,EMS,3.3007407407407405,27
2015,08X304,P.S. 304 Early Childhood School,EMS,3.4513333333333334,15
2015,08X305,Pablo Neruda Academy,HS,3.20125,32
2015,08X312,Millennium Art Academy,HS,3.095806451612903,31
2015,08X320,Pelham Lab High School,HS,2.2464285714285714,14
2015,08X332,Holcombe L. Rucker School of Community Research,HS,2.8146666666666667,30
2015,08X333,P.S. 333 - The Museum School,EMS,3.286363636363636,22
2015,08X335,The Academy of the Arts,EMS,3.5100000000000002,22
2015,08X337,The School for Inquiry and Social Justice,EMS,4.098333333333334,24
2015,08X348,Schuylerville Preparatory High School,HS,2.5228571428571427,14
2015,08X349,Bronx River High School,HS,2.842857142857143,14
2015,08X366,Urban Assembly Academy of Civic Engagement,EMS,2.5204166666666667,24
2015,08X367,"Archimedes Academy for Math, Science and Technolog",EMS,3.1384615384615384,26
2015,08X367,"Archimedes Academy for Math, Science and Technolog",HS,2.167,30
2015,08X371,Urban Institute of Mathematics,EMS,3.1466666666666665,24
2015,08X375,The Bronx Mathematics Preparatory School,EMS,2.6440740740740742,27
2015,08X376,Antonia Pantoja Preparatory Academy: A College Boa,EMS,3.23,22
2015,08X376,Antonia Pantoja Preparatory Academy: A College Boa,HS,2.6003333333333334,30
2015,08X377,Bronx Community High School,HST,2.7484,25
2015,08X392,Bronx Delta School,EC,3.58,2
2015,08X405,Herbert H. Lehman High School,HS,1.8728125,32
2015,08X408,Herbert H. Lehman Yabc,YABC,3.482727272727273,22
2015,08X424,The Hunts Point School,EMS,2.761851851851852,27
2015,08X432,Bronx Bridges High School,HS,2.1170967741935485,31
2015,08X448,Soundview Academy for Culture and Scholarship,EMS,3.3944444444444444,27
2015,08X467,Mott Hall Community School,EMS,2.5012499999999998,24
2015,08X507,Stevenson Yabc,YABC,1.7677272727272728,22
2015,08X519,Felisa Rincon de Gautier Institute for Law and Pub,HS,1.8264516129032258,31
2015,08X530,Banana Kelly High School,HS,2.298125,32
2015,08X537,Bronx Arena High School,HST,2.9404,25
2015,08X558,Westchester Square Academy,HS,3.4295652173913043,23
2015,11X455,Harry S Truman High School,HS,3.0945161290322583,31
2015,08X559,School for Tourism and Hospitality,HS,2.942083333333333,24
2015,08X561,Bronx Compass High School,HS,2.1120833333333335,24
2015,09X004,P.S./M.S. 004 Crotona Park West,EMS,3.2725925925925927,27
2015,09X011,P.S. 011 Highbridge,EMS,3.362727272727273,22
2015,09X022,J.H.S. 022 Jordan L. Mott,EMS,3.258,25
2015,09X028,P.S. 028 Mount Hope,EMS,3.38,20
2015,09X035,P.S. 035 Franz Siegel,EMS,2.9295454545454547,22
2015,09X042,P.S. 042 Claremont,EMS,2.9527272727272726,22
2015,09X053,P.S. 053 Basheer Quisim,EMS,3.76,22
2015,09X055,P.S. 055 Benjamin Franklin,EMS,1.8721052631578947,19
2015,09X058,P.S. 058,EMS,2.804,20
2015,09X063,P.S. 063 Author's Academy,EMS,4.004090909090909,22
2015,09X064,P.S. 064 Pura Belpre,EMS,2.9325,20
2015,09X070,P.S. 070 Max Schoenfeld,EMS,2.7181818181818183,22
2015,09X073,P.S. 073 Bronx,EMS,2.31,22
2015,09X088,P.S. X088 - S. Silverstein Little Sparrow School,EC,4.045,2
2015,09X109,P.S. 109 Sedgwick,EMS,2.9935,20
2015,09X110,P.S. 110 Theodore Schoenfeld,EMS,2.9815,20
2015,09X117,I.S. 117 Joseph H. Wade,EMS,3.037777777777778,27
2015,09X114,P.S. X114 - Luis Llorens Torres Schools,EMS,2.6022727272727275,22
2015,09X126,P.S. 126 Dr Marjorie H Dunbar,EMS,3.154736842105263,19
2015,09X128,Mott Hall III,EMS,4.216521739130434,23
2015,09X132,P.S. 132 Garret A. Morgan,EMS,2.2685,20
2015,09X145,J.H.S. 145 Arturo Toscanini,EMS,2.367037037037037,27
2015,09X163,P.S. 163 Arthur A. Schomburg,EMS,3.3355,20
2015,09X170,P.S. 170,EC,2.49,2
2015,09X199,P.S. 199X - The Shakespeare School,EMS,2.874,20
2015,09X204,P.S. 204 Morris Heights,EMS,4.526363636363636,22
2015,09X218,P.S./I.S. 218 Rafael Hernandez Dual Language Magne,EMS,3.482608695652174,23
2015,09X219,I.S. 219 New Venture School,EMS,2.8833333333333333,27
2015,09X227,Bronx Collegiate Academy,HS,2.535,30
2015,10X386,School for Environmental Citizenship,EMS,2.453,20
2015,09X229,I.S. 229 Roland Patterson,EMS,2.2516,25
2015,09X230,P.S. 230 Dr Roland N. Patterson,EMS,2.5305,20
2015,09X231,Eagle Academy for Young Men,EMS,2.6066666666666665,24
2015,09X231,Eagle Academy for Young Men,HS,3.2672413793103448,29
2015,09X232,I.S. 232,EMS,3.903703703703704,27
2015,09X236,P.S. 236 Langston Hughes,EMS,2.7399999999999998,16
2015,09X241,Urban Assembly School for Applied Math and Science,EMS,3.635925925925926,27
2015,09X241,Urban Assembly School for Applied Math and Science,HS,3.5404,25
2015,09X250,Eximius College Preparatory Academy: A College Boa,HS,3.9899999999999998,29
2015,10X390,M.S. 390,EMS,2.9652,25
2015,09X260,Bronx Center for Science and Mathematics,HS,4.031538461538462,26
2015,09X263,Validus Preparatory Academy: An Expeditionary Lear,HS,2.4883870967741935,31
2015,11X089,P.S. 089 Bronx,EMS,3.4203703703703705,27
2015,09X276,Leadership Institute,HS,2.591666666666667,30
2015,09X297,Morris Academy for Collaborative Studies,HS,3.1325806451612905,31
2015,09X303,I.S. X303 Leadership & Community Service,EMS,4.1056,25
2015,09X313,I.S. 313 School of Leadership Development,EMS,3.304,25
2015,09X323,Bronx Writing Academy,EMS,3.2403703703703703,27
2015,09X324,Bronx Early College Academy for Teaching & Learnin,EMS,2.95962962962963,27
2015,09X324,Bronx Early College Academy for Teaching & Learnin,HS,3.706551724137931,29
2015,09X325,Urban Science Academy,EMS,2.358888888888889,27
2015,09X327,Comprehensive Model School Project M.S. 327,EMS,4.2284,25
2015,09X327,Comprehensive Model School Project M.S. 327,HS,3.468947368421053,19
2015,09X328,New Millennium Business Academy Middle School,EMS,2.9644444444444447,27
2015,09X329,DreamYard Preparatory School,HS,2.9138709677419357,31
2015,09X339,I.S. 339,EMS,2.814814814814815,27
2015,09X350,New Directions Secondary School,EMS,1.908076923076923,26
2015,09X361,The Highbridge Green School,EMS,3.6376923076923076,26
2015,09X365,Academy for Language and Technology,HS,4.3293333333333335,30
2015,09X403,Bronx International High School,HS,2.9204166666666667,24
2015,09X404,School for Excellence,HS,2.6353125,32
2015,09X412,Bronx High School of Business,HS,2.3593548387096774,31
2015,09X413,Bronx High School for Medical Science,EMS,4.184,25
2015,09X413,Bronx High School for Medical Science,HS,3.09125,24
2015,09X414,Jonathan Levin High School for Media and Communica,HS,1.9747826086956521,23
2015,09X443,The Family School,EMS,3.2805,20
2015,09X449,Grant Avenue Elementary School,EMS,3.009,20
2015,09X454,Science and Technology Academy: A Mott Hall School,EMS,4.401851851851852,27
2015,09X457,Sheridan Academy for Young Leaders,EMS,3.061,20
2015,12X092,P.S. 092 Bronx,EMS,2.1672727272727275,22
2015,09X505,"Bronx School for Law, Government and Justice",EMS,4.026666666666666,24
2015,09X505,"Bronx School for Law, Government and Justice",HS,3.0020689655172412,29
2015,09X517,Frederick Douglass Academy III Secondary School,HS,2.8933333333333335,30
2015,09X525,Bronx Leadership Academy High School,HS,2.1615625,32
2015,09X543,High School for Violin and Dance,HS,2.586,30
2015,09X564,Claremont International HS,HS,3.223157894736842,19
2015,09X568,Young Women's Leadership School of the Bronx,EMS,4.007,20
2015,10X003,P.S. 3 Raul Julia Micro Society,EMS,3.819259259259259,27
2015,10X007,Milton Fein School,EMS,3.8095,20
2015,10X008,P.S. 008 Isaac Varian,EMS,3.6018181818181816,22
2015,12X212,P.S. 212,EMS,2.8092,25
2015,10X009,P.S. 9 Ryer Avenue Elementary School,EMS,3.525,22
2015,10X020,"P.S./M.S. 20 P.O.George J. Werdann, III",EMS,3.1777777777777776,27
2015,10X023,P.S. 023 The New Children's School,EMS,2.569,20
2015,10X024,P.S. 024 Spuyten Duyvil,EMS,3.4316666666666666,12
2015,10X032,P.S. 032 Belmont,EMS,4.261363636363637,22
2015,10X033,P.S. 033 Timothy Dwight,EMS,3.244090909090909,22
2015,10X037,P.S. X037 - Multiple Intelligence School,EMS,3.8672,25
2015,10X045,Thomas C. Giordano Middle School 45,EMS,3.192962962962963,27
2015,10X046,P.S. 046 Edgar Allan Poe,EMS,2.435,22
2015,10X051,P.S. 051 Bronx New School,EMS,3.010666666666667,15
2015,10X054,P.S./I.S. 54,EMS,2.6625,20
2015,10X056,P.S. 056 Norwood Heights,EMS,3.5345454545454547,22
2015,10X059,P.S. 059 The Community School of Technology,EMS,2.9495454545454547,22
2015,10X077,Bedford Park Elementary School,EC,2.885,2
2015,10X080,J.H.S. 080 The Mosholu Parkway,EMS,3.687037037037037,27
2015,10X081,P.S. 081 Robert J. Christen,EMS,3.9872727272727273,11
2015,10X085,P.S. 085 Great Expectations,EMS,2.3086363636363636,22
2015,10X086,P.S. 086 Kingsbridge Heights,EMS,3.600952380952381,21
2015,10X091,P.S. 091 Bronx,EMS,3.147727272727273,22
2015,10X094,P.S. 094 Kings College School,EMS,2.663,20
2015,10X095,P.S. 095 Sheila Mencher,EMS,3.4162962962962964,27
2015,10X118,J.H.S. 118 William W. Niles,EMS,3.1614814814814816,27
2015,10X141,Riverdale / Kingsbridge Academy (Middle School / H,EMS,4.011304347826087,23
2015,10X141,Riverdale / Kingsbridge Academy (Middle School / H,HS,3.257142857142857,28
2015,10X159,P.S. 159 Luis Munoz Marin Biling,EMS,2.9788888888888887,18
2015,10X205,P.S. 205 Fiorello Laguardia,EMS,2.961818181818182,22
2015,10X213,Bronx Engineering and Technology Academy,HS,2.6874193548387098,31
2015,10X206,I.S. 206 Ann Mersereau,EMS,3.03,25
2015,10X207,P.S. 207,EC,2.575,2
2015,10X209,P.S. 209,EC,3.385,2
2015,10X225,Theatre Arts Production Company School,EMS,3.420384615384615,26
2015,10X225,Theatre Arts Production Company School,HS,2.92,30
2015,10X226,P.S. 226,EMS,3.358181818181818,22
2015,10X228,Jonas Bronck Academy,EMS,3.7333333333333334,24
2015,10X237,"The Marie Curie School for Medicine, Nursing, and",HS,2.515357142857143,28
2015,10X243,West Bronx Academy for the Future,EMS,3.700740740740741,27
2015,10X243,West Bronx Academy for the Future,HS,3.5380645161290323,31
2015,10X244,The New School for Leadership and Journalism,EMS,4.2544,25
2015,10X246,P.S. 246 Poe Center,EMS,2.5690909090909093,22
2015,10X254,I.S. 254,EMS,3.3644444444444446,27
2015,10X264,Bronx Academy for Software Engineering (BASE),HS,3.59,14
2015,10X268,Kingsbridge International High School,HS,2.6106666666666665,30
2015,10X279,"P.S. 279 Captain Manuel Rivera, Jr.",EMS,3.3824,25
2015,10X284,Bronx School of Law and Finance,HS,2.495806451612903,31
2015,10X291,P.S. 291,EMS,3.907,20
2015,10X307,Luisa Pineiro Fuentes School of Science and Discov,EMS,2.8975,20
2015,10X308,Bronx Dance Academy School,EMS,3.7375,24
2015,10X310,P.S. 310 Marble Hill,EMS,3.3555,20
2015,10X315,P.S. 315 Lab School,EMS,3.7796,25
2015,10X319,Providing Urban Learners Success In Education High,HST,3.186785714285714,28
2015,10X331,The Bronx School of Young Leaders,EMS,3.1104,25
2015,10X340,P.S. 340,EMS,3.2514285714285713,21
2015,10X342,International School for Liberal Arts,EMS,3.8470833333333334,24
2015,10X342,International School for Liberal Arts,HS,2.39,31
2015,10X344,Ampark Neighborhood,EMS,2.5433333333333334,15
2015,10X351,Bronx Collaborative High School,HS,2.2675,12
2015,10X353,World View High School,HS,3.99,14
2015,10X360,P.S. 360,EMS,2.455263157894737,19
2015,10X363,Academy For Personal Leadership And Excellence,EMS,3.6514814814814813,27
2015,10X368,In-Tech Academy (M.S. / High School 368),EMS,3.4436,25
2015,10X368,In-Tech Academy (M.S. / High School 368),HS,3.340666666666667,30
2015,10X374,Knowledge and Power Preparatory Academy Internatio,HS,3.9496774193548387,31
2015,12X214,P.S. 214,EMS,2.845925925925926,27
2015,10X382,"Elementary School for Math, Science, and Technolog",EMS,2.915,18
2015,10X391,The Angelo Patri Middle School,EMS,2.6262962962962964,27
2015,10X396,P.S. 396,EMS,2.98,20
2015,10X397,English Language Learners and International Suppor,HST,2.834090909090909,22
2015,10X433,High School for Teaching and the Professions,HS,2.7896666666666667,30
2015,10X434,Belmont Preparatory High School,HS,3.253103448275862,29
2015,10X437,Fordham High School for the Arts,HS,4.154193548387097,31
2015,10X438,Fordham Leadership Academy for Business and Techno,HS,2.785,32
2015,10X439,Bronx High School for Law and Community Service,HS,3.8216666666666668,30
2015,12X242,Mott Hall V,EMS,3.402962962962963,27
2015,10X440,DeWitt Clinton High School,HS,1.87125,32
2015,10X442,"Celia Cruz Bronx High School of Music, The",HS,3.4034615384615385,26
2015,14K147,P.S. 147 Isaac Remsen,EMS,4.353684210526316,19
2015,10X445,Bronx High School of Science,HS,4.797391304347826,23
2015,10X447,Creston Academy,EMS,4.246,25
2015,10X459,East Fordham Academy for the Arts,EMS,2.807777777777778,27
2015,10X477,Marble Hill High School for International Studies,HS,4.464827586206897,29
2015,10X503,Walton Yabc,YABC,3.47125,24
2015,10X504,Kennedy Yabc,YABC,1.87375,24
2015,10X524,Crotona International High School,HS,1.9856521739130435,23
2015,10X546,Bronx Theatre High School,HS,2.815,30
2015,10X549,Discovery High School,HS,3.8383333333333334,30
2015,10X565,High School for Energy and Technology,HS,3.400434782608696,23
2015,12X242,Mott Hall V,HS,4.081724137931034,29
2015,10X696,High School of American Studies at Lehman College,HS,4.78,23
2015,11X019,P.S. 019 Judith K. Weiss,EMS,3.199047619047619,21
2015,11X021,P.S. 021 Philip H. Sheridan,EMS,2.6842105263157894,19
2015,11X041,P.S. 041 Gun Hill Road,EMS,2.916842105263158,19
2015,11X068,P.S. 068 Bronx,EMS,3.3317647058823527,17
2015,11X076,P.S. 076 The Bennington School,EMS,2.28,20
2015,11X078,P.S. 078 Anne Hutchinson,EMS,2.7947058823529414,17
2015,11X083,P.S. 083 Donald Hertz,EMS,3.2174074074074075,27
2015,11X087,P.S. 087 Bronx,EMS,3.1858823529411766,17
2015,11X096,P.S. 096 Richard Rodgers,EMS,3.5228571428571427,21
2015,11X097,P.S. 097 Bronx,EMS,3.3663157894736844,19
2015,11X103,P.S. 103 Hector Fontanez,EMS,2.6350000000000002,22
2015,11X106,P.S. 106 Parkchester,EMS,3.4147368421052633,19
2015,11X105,P.S. 105 Sen Abraham Bernstein,EMS,3.979,20
2015,11X108,P.S. 108 Philip J. Abinanti,EMS,3.4857142857142858,14
2015,11X112,P.S. 112 Bronxwood,EMS,2.968947368421053,19
2015,11X111,P.S. 111 Seton Falls,EMS,2.04,19
2015,11X121,P.S. 121 Throop,EMS,2.3573333333333335,15
2015,11X127,J.H.S. 127 The Castle Hill,EMS,3.3261538461538462,26
2015,11X144,J.H.S. 144 Michelangelo,EMS,3.067083333333333,24
2015,11X153,P.S. 153 Helen Keller,EMS,3.1862500000000002,16
2015,11X160,P.S. 160 Walt Disney,EMS,2.7794117647058822,17
2015,11X169,Baychester Academy,EMS,4.307368421052631,19
2015,11X175,P.S. 175 City Island,EMS,3.1310526315789473,19
2015,11X178,P.S. 178 - Dr. Selman Waksman,EMS,3.1589473684210527,19
2015,11X180,M.S. 180 Dr. Daniel Hale Williams,EMS,3.76,17
2015,11X181,I.S. 181 Pablo Casals,EMS,3.8245833333333334,24
2015,11X287,The Forward School,EMS,2.6308333333333334,24
2015,11X189,Cornerstone Academy for Social Action,EMS,3.104705882352941,17
2015,11X194,P.S./M.S. 194,EMS,2.9955555555555557,27
2015,11X249,Bronx Health Sciences High School,HS,3.6141666666666667,24
2015,11X253,Bronx High School for Writing and Communication Ar,HS,2.6546666666666665,30
2015,17K408,Academy of Hospitality and Tourism,HS,2.4386206896551723,29
2015,11X265,Bronx Lab School,HS,2.9734615384615384,26
2015,11X270,Academy for Scholarship and Entrepreneurship: A Co,HS,2.8513333333333333,30
2015,11X272,Globe School for Environmental Research,EMS,3.293846153846154,26
2015,11X275,High School of Computers and Technology,HS,3.8844827586206896,29
2015,11X355,Bronx Alliance Middle School,EMS,2.9347826086956523,23
2015,11X288,Collegiate Institute for Math and Science,HS,3.2903333333333333,30
2015,11X289,The Young Scholars Academy of The Bronx,EMS,2.456923076923077,26
2015,11X290,Bronx Academy of Health Careers,HS,3.4855172413793105,29
2015,11X299,Astor Collegiate Academy,HS,2.32,31
2015,11X326,Bronx Green Middle School,EMS,3.5644444444444443,27
2015,11X357,Young Voices Academy of the Bronx,EC,2.59,2
2015,11X370,School of Diplomacy,EMS,2.6874074074074072,27
2015,11X417,C Columbus Hs Yabc,YABC,3.3369565217391304,23
2015,11X418,Bronx High School for the Visual Arts,HS,2.365,30
2015,11X462,Cornerstone Academy for Social Action Middle Schoo,EMS,4.148333333333333,18
2015,11X468,Pelham Academy of Academics and Community Engageme,EMS,3.544074074074074,27
2015,11X498,P.S./M.S. 11X498 - VAN NEST ACADEMY,EMS,3.7627272727272727,22
2015,11X508,Bronxdale High School,HS,2.9044444444444446,27
2015,11X509,High School of Language and Innovation,HS,2.532962962962963,27
2015,11X513,New World High School,HS,3.983225806451613,31
2015,11X514,The Bronxwood Preparatory Academy,HS,3.1693333333333333,30
2015,11X529,One World Middle School at Edenwald,EMS,3.8522727272727275,22
2015,11X532,Baychester Middle School,EMS,3.1354545454545453,22
2015,11X542,Pelham Preparatory Academy,HS,3.850967741935484,31
2015,11X544,High School for Contemporary Arts,HS,2.9019354838709677,31
2015,11X545,Bronx Aerospace High School,HS,2.9762068965517243,29
2015,11X556,Bronx Park Middle School,EMS,3.397407407407407,27
2015,11X566,Pelham Gardens Middle School,EMS,3.2395833333333335,24
2015,11X567,Linden Tree Elementary School,EC,3.15,2
2015,12X006,P.S. 006 West Farms,EMS,2.483,20
2015,12X044,P.S. 044 David C. Farragut,EMS,3.087,20
2015,12X047,P.S. 047 John Randolph,EMS,2.55,20
2015,12X050,P.S. 050 Clara Barton,EMS,2.836,20
2015,12X057,P.S. 057 Crescent,EMS,2.962,20
2015,12X061,P.S. 061 Francisco Oller,EMS,2.6958823529411764,17
2015,12X066,P.S. 066 School of Higher Expectations,EMS,2.8954545454545455,22
2015,12X067,P.S. 067 Mohegan School,EMS,3.0966666666666667,21
2015,12X098,J.H.S. 098 Herman Ridder,EMS,3.4634615384615386,26
2015,12X129,M.S. 129 Academy for Independent Learning and Lead,EMS,4.082222222222222,27
2015,12X134,P.S. 134 George F. Bristow,EMS,2.445,20
2015,12X150,P.S. 150 Charles James Fox,EMS,3.0435,20
2015,12X190,E.S.M.T- I.S. 190,EMS,3.53,24
2015,12X195,P.S. 195,EMS,1.9904545454545455,22
2015,12X196,P.S. 196,EMS,2.6425,20
2015,12X211,P.S. 211,EMS,3.3673076923076923,26
2015,12X217,School of Performing Arts,EMS,2.452,25
2015,12X248,"Metropolitan High School, The",HS,2.594193548387097,31
2015,12X251,Explorations Academy,HS,2.888333333333333,30
2015,12X267,Bronx Latin,EMS,3.6504,25
2015,12X267,Bronx Latin,HS,4.351290322580645,31
2015,12X271,East Bronx Academy for the Future,EMS,3.107037037037037,27
2015,12X271,East Bronx Academy for the Future,HS,3.1938709677419355,31
2015,12X273,Frederick Douglass Academy V. Middle School,EMS,3.123076923076923,26
2015,12X316,Kappa III,EMS,3.6142307692307694,26
2015,12X278,Peace and Diversity Academy,HS,1.8451851851851853,27
2015,18K285,I.S. 285 Meyer Levin,EMS,3.2958333333333334,24
2015,12X286,Fannie Lou Hamer Middle School,EMS,2.9992,25
2015,12X300,The School of Science and Applied Learning,EMS,2.340909090909091,22
2015,12X478,The Cinema School,HS,3.3948,25
2015,12X318,"I.S. X318 Math, Science & Technology Through Arts",EMS,3.264814814814815,27
2015,12X321,Crotona Academy High School,HST,2.5060000000000002,25
2015,12X341,Accion Academy,EMS,3.6992592592592595,27
2015,12X372,Urban Assembly School for Wildlife Conservation,EMS,2.937037037037037,27
2015,12X372,Urban Assembly School for Wildlife Conservation,HS,2.7048275862068967,29
2015,12X384,Entrada Academy,EMS,2.6123076923076924,26
2015,12X388,Pan American International High School at Monroe,HS,4.1937037037037035,27
2015,12X428,Learning To Work Yabc At Monroe Academy,YABC,2.73875,24
2015,12X446,Arturo A. Schomburg Satellite Academy Bronx,HST,2.9891666666666667,24
2015,12X458,Samara Community School,EC,2.495,2
2015,12X463,Urban Scholars Community School,EMS,3.0145,20
2015,12X479,Bronx Career and College Preparatory High School,HS,1.8096774193548386,31
2015,12X480,Bronx Regional High School,HST,2.1259259259259258,27
2015,12X511,Bronx Envision Academy,HS,2.8451851851851853,27
2015,12X521,The Metropolitan Soundview High School,HS,3.1164,25
2015,12X531,Archer Elementary School,EMS,3.3345000000000002,20
2015,12X536,P.S. 536,EMS,2.97,20
2015,12X550,High School of World Cultures,HS,2.3393103448275863,29
2015,12X682,Fannie Lou Hamer Freedom High School,HS,3.5332,25
2015,12X684,Wings Academy,HS,2.5193333333333334,30
2015,12X691,Bronx Little School,EMS,2.4583333333333335,18
2015,12X692,Monroe Academy for Visual Arts & Design,HS,1.663125,32
2015,13K003,P.S. 003 The Bedford Village,EMS,2.8666666666666667,18
2015,13K008,P.S. 008 Robert Fulton,EMS,3.906875,16
2015,13K009,P.S. 009 Teunis G. Bergen,EMS,2.2452941176470587,17
2015,13K011,P.S. 011 Purvis J. Behan,EMS,4.0636363636363635,11
2015,13K020,P.S. 020 Clinton Hill,EMS,4.2823529411764705,17
2015,13K044,P.S. 044 Marcus Garvey,EMS,2.8641176470588237,17
2015,13K046,P.S. 046 Edward C. Blum,EMS,3.9035,20
2015,13K054,P.S. 054 Samuel C. Barnes,EMS,2.1638888888888888,18
2015,13K056,P.S. 056 Lewis H. Latimer,EMS,2.636111111111111,18
2015,13K067,P.S. 067 Charles A. Dorsey,EMS,3.9426315789473683,19
2015,13K093,P.S. 093 William H. Prescott,EMS,2.981176470588235,17
2015,13K113,M.S. 113 Ronald Edmonds Learning Center,EMS,2.9050000000000002,24
2015,13K256,P.S. 256 Benjamin Banneker,EMS,3.2626666666666666,15
2015,13K133,P.S. 133 William A. Butler,EMS,2.87375,16
2015,13K265,Dr. Susan S. McKinney Secondary School of the Arts,EMS,3.0454545454545454,22
2015,13K265,Dr. Susan S. McKinney Secondary School of the Arts,HS,2.406896551724138,29
2015,13K266,M.S. K266 - Park Place Community Middle School,EMS,3.0120833333333334,24
2015,13K270,P.S. 270 Johann DeKalb,EMS,2.945,16
2015,13K282,P.S. 282 Park Slope,EMS,2.9120833333333334,24
2015,13K287,P.S. 287 Bailey K. Ashford,EMS,2.3623529411764705,17
2015,13K301,Satellite East Middle School,EMS,3.6272,25
2015,13K305,P.S. 305 Dr. Peter Ray,EMS,2.325263157894737,19
2015,14K050,J.H.S. 050 John D. Wells,EMS,3.438888888888889,27
2015,13K307,P.S. 307 Daniel Hale Williams,EMS,2.9235294117647057,17
2015,13K313,Satellite West Middle School,EMS,3.606818181818182,22
2015,13K350,Urban Assembly High School of Music and Art,HS,2.8696551724137933,29
2015,13K351,The Urban Assembly Unison School,EMS,2.8612,25
2015,13K412,"Brooklyn Community High School of Communication, A",HS,2.9476666666666667,30
2015,13K419,"Science Skills Center High School for Science, Tec",HS,3.3806666666666665,30
2015,13K430,Brooklyn Technical High School,HS,4.498260869565217,23
2015,13K439,Brooklyn International High School,HS,4.5216,25
2015,13K483,The Urban Assembly School for Law and Justice,HS,4.0007142857142854,28
2015,13K492,Academy of Arts and Letters,EMS,3.635294117647059,17
2015,13K499,ACORN Community High School,HS,3.0366666666666666,30
2015,13K527,Urban Assembly Institute of Math and Science for Y,EMS,3.097,20
2015,13K527,Urban Assembly Institute of Math and Science for Y,HS,3.245,28
2015,13K553,Brooklyn Academy High School,HST,3.806,25
2015,13K575,Bedford Stuyvesant Preparatory High School,HST,3.3132,25
2015,13K594,Gotham Professional Arts Academy,HS,2.5316666666666667,24
2015,13K595,Bedford Academy High School,HS,4.091304347826087,23
2015,13K596,M.S. 596 Peace Academy,EMS,3.676,25
2015,13K605,George Westinghouse Career and Technical Education,HS,2.38,30
2015,13K616,Brooklyn High School for Leadership and Community,HST,2.3003703703703704,27
2015,13K657,Downtown Brooklyn Yabc,YABC,2.8291304347826087,23
2015,13K670,Benjamin Banneker Academy,HS,2.8330434782608696,23
2015,13K674,"City Polytechnic High School of Engineering, Archi",HS,3.199310344827586,29
2015,13K691,Fort Greene Preparatory Academy,EMS,2.8636363636363638,22
2015,14K016,P.S. 016 Leonard Dunkly,EMS,3.0225,16
2015,14K017,P.S. 017 Henry D. Woodworth,EMS,4.032,20
2015,14K018,P.S. 018 Edward Bush,EMS,2.867,20
2015,14K023,P.S. 023 Carter G. Woodson,EMS,3.0481818181818183,22
2015,14K031,P.S. 031 Samuel F. Dupont,EMS,4.3554545454545455,11
2015,15K462,Secondary School for Law,HS,2.997666666666667,30
2015,14K034,P.S. 034 Oliver H. Perry,EMS,3.144285714285714,14
2015,14K059,P.S. 059 William Floyd,EMS,3.745,20
2015,14K071,Juan Morel Campos Secondary School,EMS,3.3870370370370373,27
2015,14K071,Juan Morel Campos Secondary School,HS,2.581875,32
2015,14K084,P.S. 084 Jose De Diego,EMS,2.018823529411765,17
2015,14K110,P.S. 110 The Monitor,EMS,2.8117647058823527,17
2015,14K132,P.S. 132 The Conselyea School,EMS,4.302142857142857,14
2015,14K120,P.S. 120 Carlos Tapia,EMS,4.1685,20
2015,14K126,John Ericsson Middle School 126,EMS,3.557037037037037,27
2015,14K157,P.S./I.S. 157 The Benjamin Franklin Health & Scien,EMS,3.281111111111111,27
2015,14K196,P.S. 196 Ten Eyck,EMS,2.297142857142857,21
2015,14K250,P.S. 250 George H. Lindsay,EMS,2.293888888888889,18
2015,14K257,P.S. 257 John F. Hylan,EMS,3.9505,20
2015,14K297,P.S. 297 Abraham Stockton,EMS,3.29,17
2015,14K318,I.S. 318 Eugenio Maria De Hostos,EMS,3.4045454545454543,22
2015,15K295,P.S. 295,EMS,4.318,15
2015,14K319,P.S. 319,EC,2.85,2
2015,14K322,Foundations Academy,HS,1.848421052631579,19
2015,14K330,The School for the Urban Environment,EMS,2.4744,25
2015,14K380,P.S. 380 John Wayne Elementary,EMS,3.997,20
2015,15K464,Park Slope Collegiate,HS,3.1113333333333335,30
2015,14K414,Brooklyn Arbor Elementary School,EMS,3.068,20
2015,14K449,"Brooklyn Latin School, The",HS,4.212272727272728,22
2015,14K454,Green School: An Academy for Environmental Careers,HS,3.2035483870967743,31
2015,14K474,PROGRESS High School for Professional Careers,HS,2.7909375,32
2015,14K477,School for Legal Studies,HS,2.535806451612903,31
2015,14K478,"The High School for Enterprise, Business and Techn",HS,3.3525,32
2015,14K488,Brooklyn Preparatory High School,HS,3.3713793103448277,29
2015,14K558,Williamsburg High School for Architecture and Desi,HS,4.2172413793103445,29
2015,14K561,Williamsburg Preparatory School,HS,4.019310344827586,29
2015,14K577,Conselyea Preparatory School,EMS,3.2726315789473683,19
2015,14K582,M.S. 582,EMS,3.8844,25
2015,14K586,Lyons Community School,EMS,2.42,26
2015,14K586,Lyons Community School,HS,2.6433333333333335,24
2015,14K610,Automotive High School,HS,2.284333333333333,30
2015,14K614,Young Women's Leadership School of Brooklyn,EMS,3.4677777777777776,18
2015,14K614,Young Women's Leadership School of Brooklyn,HS,3.5513636363636363,22
2015,14K632,Frances Perkins Academy,HS,3.502413793103448,29
2015,14K685,El Puente Academy for Peace and Justice,HS,3.6224000000000003,25
2015,14K923,Automotive High School Yabc,YABC,2.3896,25
2015,15K001,P.S. 001 The Bergen,EMS,3.6418181818181816,22
2015,15K010,"Magnet School of Math, Science and Design Technolo",EMS,3.9846153846153847,13
2015,15K015,P.S. 015 Patrick F. Daly,EMS,4.133125,16
2015,15K024,P.S. 024,EMS,2.642777777777778,18
2015,15K029,P.S. 029 John M. Harrigan,EMS,3.4318181818181817,11
2015,15K032,P.S. 032 Samuel Mills Sprole,EMS,4.394615384615385,13
2015,15K038,P.S. 038 The Pacific,EMS,3.6642105263157894,19
2015,15K039,P.S. 039 Henry Bristow,EMS,3.957272727272727,11
2015,15K051,M.S. 51 William Alexander,EMS,4.233333333333333,18
2015,15K058,P.S. 058 The Carroll,EMS,3.91,11
2015,15K088,J.H.S. 088 Peter Rouget,EMS,4.124074074074074,27
2015,15K094,P.S. 094 The Henry Longfellow,EMS,2.6955555555555555,18
2015,15K107,P.S. 107 John W. Kimball,EMS,3.910909090909091,11
2015,15K118,The Maurice Sendak Community School,EC,3.0549999999999997,2
2015,15K124,P.S. 124 Silas B. Dutcher,EMS,3.4635294117647057,17
2015,15K130,P.S. 130 The Parkside,EMS,3.2527777777777778,18
2015,15K131,P.S. 131 Brooklyn,EMS,3.8083333333333336,18
2015,15K136,I.S. 136 Charles O. Dewey,EMS,3.636296296296296,27
2015,15K146,P.S. 146,EMS,3.706666666666667,9
2015,15K154,The Windsor Terrace School,EMS,3.6436363636363636,11
2015,15K169,P.S. 169 Sunset Park,EMS,3.5212499999999998,16
2015,15K172,P.S. 172 Beacon School of Excellence,EMS,4.673125,16
2015,15K230,P.S. 230 Doris L. Cohen,EMS,3.64,16
2015,15K261,P.S. 261 Philip Livingston,EMS,3.59,11
2015,15K321,P.S. 321 William Penn,EMS,4.214615384615384,13
2015,15K418,The Children's School,EMS,3.449090909090909,11
2015,15K423,Brooklyn Frontiers High School,HST,3.1245454545454545,11
2015,15K429,Brooklyn School for Global Studies,EMS,3.370909090909091,22
2015,15K429,Brooklyn School for Global Studies,HS,3.1016666666666666,30
2015,15K442,M.S. 442 Carroll Gardens School for Innovation,EMS,3.7447826086956524,23
2015,15K443,New Voices School of Academic & Creative Arts,EMS,4.568888888888889,18
2015,15K447,The Math & Science Exploratory School,EMS,4.656875,16
2015,15K448,Brooklyn Secondary School for Collaborative Studie,EMS,3.101818181818182,22
2015,15K448,Brooklyn Secondary School for Collaborative Studie,HS,3.8252,25
2015,15K463,Secondary School for Journalism,HS,2.621,30
2015,15K464,Park Slope Collegiate,EMS,3.092,25
2015,15K497,School for International Studies,EMS,2.6732,25
2015,15K497,School for International Studies,HS,2.3886666666666665,30
2015,15K516,Sunset Park Avenues Elementary School,EC,3.215,2
2015,15K519,Cobble Hill School of American Studies,HS,3.5829032258064517,31
2015,15K529,West Brooklyn Community High School,HST,3.573703703703704,27
2015,15K592,Khalil Gibran International Academy,HS,3.226086956521739,23
2015,15K656,Brooklyn High School of the Arts,HS,2.6620833333333334,24
2015,15K667,Sunset Park High School,HS,3.1096875,32
2015,15K676,Red Hook Neighborhood School,EMS,1.9594117647058824,17
2015,15K684,Millennium Brooklyn HS,HS,4.252222222222223,18
2015,15K698,South Brooklyn Community High School,HST,3.1666666666666665,24
2015,15K821,Sunset Park Prep,EMS,4.244166666666667,24
2015,16K005,P.S. 005 Dr. Ronald Mcnair,EMS,4.376111111111111,18
2015,16K021,P.S. 021 Crispus Attucks,EMS,3.926470588235294,17
2015,16K025,P.S. 025 Eubie Blake School,EMS,3.7704761904761903,21
2015,16K026,P.S. 026 Jesse Owens,EMS,3.9311764705882353,17
2015,16K028,P.S. 028 The Warren Prep Academy,EMS,3.11375,16
2015,16K040,P.S. 040 George W. Carver,EMS,3.02,17
2015,16K035,M.S. 035 Stephen Decatur,EMS,4.028333333333333,24
2015,16K057,J.H.S. 057 Whitelaw Reid,EMS,3.68,24
2015,16K081,P.S. 081 Thaddeus Stevens,EMS,3.7994736842105263,19
2015,16K243,P.S. 243K- The Weeksville School,EMS,2.728235294117647,17
2015,16K262,P.S. 262 El Hajj Malik El Shabazz Elementary Schoo,EMS,3.017916666666667,24
2015,16K267,"M.S. 267 Math, Science & Technology",EMS,4.159545454545454,22
2015,16K308,P.S. 308 Clara Cardwell,EMS,2.0565217391304347,23
2015,16K309,P.S. 309 The George E. Wibecan Preparatory Academy,EMS,3.1936842105263157,19
2015,16K534,Upper School @ P.S. 25,EMS,3.435,22
2015,16K335,P.S. 335 Granville T. Woods,EMS,3.351176470588235,17
2015,16K385,"School of Business, Finance and Entrepreneurship",EMS,2.8485,20
2015,16K393,Frederick Douglass Academy IV Secondary School,HS,2.6592,25
2015,16K455,Boys and Girls High School,HS,2.484137931034483,29
2015,16K498,Brooklyn High School for Law and Technology,HS,2.8023333333333333,30
2015,16K584,M.S. 584,EMS,3.12375,24
2015,16K627,Brighter Choice Community School,EMS,3.3033333333333332,9
2015,16K628,Brooklyn Brownstone School,EMS,3.814,15
2015,16K636,Young Scholars' Academy for Discovery and Explorat,EMS,2.8580952380952382,21
2015,16K669,Research and Service High School,HST,2.8496,25
2015,16K681,Madiba Prep Middle School,EMS,3.1654545454545455,22
2015,16K688,The Brooklyn Academy of Global Finance,HS,2.9920689655172414,29
2015,16K765,Nelson Mandela High School,HS,2.706,10
2015,16K959,BOYS AND GIRLS YABC,YABC,3.8850000000000002,24
2015,17K002,Parkside Preparatory Academy,EMS,3.1644,25
2015,17K006,P.S. 006,EMS,2.979,20
2015,17K012,Dr. Jacqueline Peek-Davis School,EMS,3.553529411764706,17
2015,17K061,M.S. 061 Dr. Gladstone H. Atwell,EMS,3.5970833333333334,24
2015,17K091,P.S. 091 The Albany Avenue School,EMS,3.1342857142857143,21
2015,17K092,P.S. 092 Adrian Hegeman,EMS,2.536111111111111,18
2015,17K122,Pathways in Technology Early College High School (,HS,3.132222222222222,27
2015,17K138,P.S. 138 Brooklyn,EMS,3.41875,24
2015,17K161,P.S. 161 The Crown,EMS,2.6005882352941176,17
2015,17K167,P.S. 167 The Parkway,EMS,2.7853333333333334,15
2015,17K181,P.S. 181 Brooklyn,EMS,3.0436,25
2015,17K189,P.S. 189 The Bilingual Center,EMS,4.573181818181818,22
2015,17K191,P.S. 191 Paul Robeson,EMS,4.53,15
2015,17K221,P.S. 221 Toussaint L'Ouverture,EMS,3.528888888888889,18
2015,19K218,J.H.S. 218 James P. Sinnott,EMS,3.28,27
2015,17K241,P.S. 241 Emma L. Johnston,EMS,3.5246666666666666,15
2015,17K246,M.S. 246 Walt Whitman,EMS,3.4274074074074075,27
2015,17K249,P.S. 249 The Caton,EMS,4.686875,16
2015,17K289,P.S. 289 George V. Brower,EMS,3.017894736842105,19
2015,17K316,P.S. 316 Elijah Stroud,EMS,3.8776470588235292,17
2015,17K334,Middle School for Academic and Social Excellence,EMS,3.42875,24
2015,17K340,I.S. 340,EMS,3.297,20
2015,17K352,Ebbets Field Middle School,EMS,3.6104,25
2015,17K353,Elijah Stroud Middle School,EMS,3.42375,24
2015,17K354,The School of Integrated Learning,EMS,4.065925925925926,27
2015,17K375,P.S. 375 Jackie Robinson School,EMS,3.6663636363636365,22
2015,17K382,Academy for College Preparation and Career Explora,EMS,3.45125,24
2015,17K382,Academy for College Preparation and Career Explora,HS,2.9243333333333332,30
2015,17K394,M.S. K394,EMS,2.542,20
2015,17K397,P.S. 397 Foster-Laurie,EMS,3.157777777777778,18
2015,17K398,P.S. 398 Walter Weaver,EMS,3.3317647058823527,17
2015,17K399,P.S. 399 Stanley Eugene Clark,EMS,2.2753846153846156,13
2015,17K467,Erasmus Yabc,YABC,3.0664,25
2015,17K484,Ronald Edmonds Learning Center II,EMS,3.535263157894737,19
2015,17K489,W.E.B. Dubois Academic High School,HST,2.80125,24
2015,17K524,International High School at Prospect Heights,HS,3.306296296296296,27
2015,17K528,The High School for Global Citizenship,HS,2.8293333333333335,30
2015,17K531,"School for Human Rights, The",EMS,4.049090909090909,22
2015,17K531,"School for Human Rights, The",HS,3.1748275862068964,29
2015,17K533,School for Democracy and Leadership,EMS,2.7404545454545457,22
2015,17K533,School for Democracy and Leadership,HS,2.4557142857142855,28
2015,17K537,High School for Youth and Community Development at,HS,3.499032258064516,31
2015,17K548,Brooklyn School for Music & Theatre,HS,2.694,30
2015,17K539,High School for Service & Learning at Erasmus,HS,3.513793103448276,29
2015,17K543,"Science, Technology and Research Early College Hig",EMS,3.2592857142857143,14
2015,17K543,"Science, Technology and Research Early College Hig",HS,3.8908695652173915,23
2015,17K546,High School for Public Service: Heroes of Tomorrow,HS,3.8808333333333334,24
2015,17K547,Brooklyn Academy of Science and the Environment,HS,3.292,30
2015,17K568,Brownsville Academy High School,HST,3.2584,25
2015,17K590,Medgar Evers College Preparatory School,EMS,3.1884615384615382,13
2015,17K590,Medgar Evers College Preparatory School,HS,2.973913043478261,23
2015,17K600,Clara Barton High School,HS,2.5626666666666664,30
2015,17K646,Aspirations Diploma Plus High School,HST,3.1207142857142856,28
2015,17K705,Brooklyn Arts and Science Elementary School,EMS,2.676,20
2015,17K722,New Heights Middle School,EMS,2.9291666666666667,24
2015,17K745,Brooklyn Institute for Liberal Arts,HS,4.127916666666667,24
2015,17K751,Academy for Health Careers,HS,2.695357142857143,28
2015,17K770,P.S. 770 New American Academy,EMS,2.604705882352941,17
2015,18K068,I.S. 068 Isaac Bildersee,EMS,3.222962962962963,27
2015,18K066,P.S. 66,EMS,2.6435,20
2015,18K114,P.S. 114 Ryder Elementary,EMS,2.7295,20
2015,18K211,I.S. 211 John Wilson,EMS,3.7,24
2015,18K115,P.S. 115 Daniel Mucatel School,EMS,2.251764705882353,17
2015,18K135,P.S. 135 Sheldon A. Brookner,EMS,2.711333333333333,15
2015,18K208,P.S. 208 Elsa Ebeling,EMS,3.2,19
2015,18K219,P.S. 219 Kennedy-King,EMS,3.085294117647059,17
2015,18K233,P.S. 233 Langston Hughes,EMS,3.139411764705882,17
2015,18K235,P.S. 235 Janice Marie Knight School,EMS,3.942142857142857,14
2015,18K244,P.S. 244 Richard R. Green,EMS,3.54,19
2015,18K268,P.S. 268 Emma Lazarus,EMS,2.4323529411764704,17
2015,18K272,P.S. 272 Curtis Estabrook,EMS,2.451764705882353,17
2015,18K276,P.S. 276 Louis Marshall,EMS,3.1441176470588235,17
2015,18K279,P.S. 279 Herman Schreiber,EMS,3.4106666666666667,15
2015,18K366,The Science And Medicine Middle School,EMS,3.0883333333333334,24
2015,19K422,Spring Creek Community School,EMS,3.1683333333333334,24
2015,18K563,It Takes a Village Academy,HS,4.569,30
2015,18K566,Brooklyn Generation School,HS,3.196896551724138,29
2015,18K567,Brooklyn Theatre Arts High School,HS,3.132,30
2015,18K569,Kurt Hahn Expeditionary Learning School,HS,3.705416666666667,24
2015,18K576,Victory Collegiate High School,HS,2.923548387096774,31
2015,18K578,Brooklyn Bridge Academy,HST,3.5846153846153848,26
2015,18K581,East Flatbush Community Research School,EMS,3.6433333333333335,24
2015,18K588,Middle School for Art and Philosophy,EMS,3.10625,24
2015,18K589,Arts & Media Preparatory Academy,HS,2.220666666666667,30
2015,18K598,Middle School of Marketing and Legal Studies,EMS,3.0795454545454546,22
2015,18K617,High School for Innovation in Advertising and Medi,HS,3.2736666666666667,30
2015,18K629,Cultural Academy for the Arts and Sciences,HS,2.790344827586207,29
2015,18K633,High School for Medical Professions,HS,3.101785714285714,28
2015,18K635,Olympus Academy,HST,2.4896153846153846,26
2015,18K637,Academy for Conservation and the Environment,HS,3.2523333333333335,30
2015,18K642,Urban Action Academy,HS,2.4548387096774196,31
2015,18K673,East Brooklyn Community High School,HST,3.8882142857142856,28
2015,18K763,Brooklyn Science and Engineering Academy,EMS,3.51,18
2015,18K922,South Shore Educational Complex Yabc,YABC,2.8865217391304347,23
2015,19K007,P.S. 007 Abraham Lincoln,EMS,2.8086363636363636,22
2015,19K013,P.S. 013 Roberto Clemente,EMS,3.0976190476190477,21
2015,19K065,P.S. 065,EMS,3.7295000000000003,20
2015,19K089,P.S. 089 Cypress Hills,EMS,3.0416,25
2015,19K108,P.S. 108 Sal Abbracciamento,EMS,4.5195454545454545,22
2015,19K149,P.S. 149 Danny Kaye,EMS,2.670526315789474,19
2015,19K158,P.S. 158 Warwick,EMS,3.6786666666666665,15
2015,19K159,P.S. 159 Isaac Pitkin,EMS,3.0735,20
2015,19K171,I.S. 171 Abraham Lincoln,EMS,2.63625,24
2015,19K174,P.S. 174 Dumont,EMS,2.3606249999999998,16
2015,19K190,P.S. 190 Sheffield,EMS,2.602,15
2015,19K202,P.S. 202 Ernest S. Jenkyns,EMS,2.1735,20
2015,19K213,P.S. 213 New Lots,EMS,1.8633333333333333,18
2015,19K214,P.S. 214 Michael Friedsam,EMS,2.859,20
2015,19K224,P.S. 224 Hale A. Woodruff,EMS,2.135,18
2015,19K273,P.S. 273 Wortman,EMS,2.626315789473684,19
2015,19K290,P.S. 290 Juan Morel Campos,EMS,4.009,20
2015,19K292,J.H.S. 292 Margaret S. Douglas,EMS,3.672173913043478,23
2015,19K306,P.S. 306 Ethan Allen,EMS,3.321818181818182,22
2015,19K311,Essence School,EMS,2.513333333333333,27
2015,19K325,The Fresh Creek School,EMS,2.755294117647059,17
2015,19K328,P.S. 328 Phyllis Wheatley,EMS,2.468,20
2015,19K345,P.S. 345 Patrolman Robert Bolden,EMS,3.0185,20
2015,19K346,P.S. 346 Abe Stark,EMS,2.387058823529412,17
2015,19K404,Academy for Young Writers,EMS,3.07,21
2015,19K404,Academy for Young Writers,HS,2.526206896551724,29
2015,19K409,East New York Family Academy,EMS,3.8345454545454545,22
2015,19K409,East New York Family Academy,HS,2.7153846153846155,26
2015,19K431,Thomas Jefferson Yabc,YABC,2.9748,25
2015,19K452,Frederick Douglass Academy VIII Middle School,EMS,3.613,20
2015,19K501,Franklin K. Lane Campus YABC,YABC,3.3376,25
2015,19K502,FDNY High School for Fire and Life Safety,HS,2.9846666666666666,30
2015,19K504,High School for Civil Rights,HS,2.3327586206896553,29
2015,19K507,Performing Arts and Technology High School,HS,2.573448275862069,29
2015,19K510,World Academy for Total Community Health High Scho,HS,3.009333333333333,30
2015,20K163,P.S. 163 Bath Beach,EMS,4.3164,25
2015,19K583,Multicultural High School,HS,2.7874074074074073,27
2015,19K615,Transit Tech Career and Technical Education High S,HS,2.7533333333333334,30
2015,19K618,Academy of Innovative Technology,HS,3.27,30
2015,19K639,Brooklyn Lab School,HS,2.0924137931034483,29
2015,19K654,Van Siclen Community Middle School,EMS,2.6365384615384615,26
2015,19K659,Cypress Hills Collegiate Preparatory School,HS,3.5474193548387096,31
2015,19K660,W. H. Maxwell Career and Technical Education High,HS,3.0396774193548386,31
2015,19K661,Vista Academy,EMS,3.7345454545454544,22
2015,19K662,Liberty Avenue Middle School,EMS,3.35375,24
2015,19K663,School of the Future Brooklyn,EMS,2.931904761904762,21
2015,19K677,East New York Elementary School of Excellence,EMS,2.798,20
2015,19K678,East New York Middle School of Excellence,EMS,2.9345454545454546,22
2015,19K683,"The School for Classics: An Academy of Thinkers, W",HS,3.2038709677419357,31
2015,19K760,Highland Park Community School,EMS,2.7261904761904763,21
2015,19K764,The Urban Assembly School for Collaborative Health,HS,2.449,10
2015,20K030,P.S./I.S. 30 Mary White Ovington,EMS,3.6992,25
2015,20K048,P.S. 048 Mapleton,EMS,3.283,20
2015,20K062,J.H.S. 062 Ditmas,EMS,3.738888888888889,27
2015,20K069,P.S. 69 Vincent D. Grippo School,EMS,4.405294117647059,17
2015,20K102,P.S. 102 The Bayview,EMS,3.7529411764705882,17
2015,20K104,P.S./I.S. 104 The Fort Hamilton School,EMS,3.9145833333333333,24
2015,20K105,P.S. 105 The Blythebourne,EMS,4.477333333333333,15
2015,20K112,P.S. 112 Lefferts Park,EMS,3.895,16
2015,20K127,P.S. 127 Mckinley Park,EMS,3.5905555555555555,18
2015,20K160,P.S. 160 William T. Sampson,EMS,3.9753846153846153,13
2015,20K164,P.S. 164 Caesar Rodney,EMS,4.07,18
2015,20K170,Ralph A. Fabrizio School,EMS,3.755,16
2015,20K176,P.S. 176 Ovington,EMS,3.9873333333333334,15
2015,20K179,P.S. 179 Kensington,EMS,3.188888888888889,18
2015,20K185,P.S. 185 Walter Kassenbrock,EMS,3.3707142857142856,14
2015,20K186,P.S. 186 Dr. Irving A Gladstone,EMS,3.881333333333333,15
2015,20K187,The Christa McAuliffe School\I.S. 187,EMS,4.7092857142857145,14
2015,20K192,P.S. 192 - The Magnet School for Math and Science,EMS,4.1888,25
2015,20K200,P.S. 200 Benson School,EMS,3.218888888888889,18
2015,20K201,J.H.S. 201 The Dyker Heights,EMS,4.286,20
2015,20K204,P.S. 204 Vince Lombardi,EMS,3.5373684210526317,19
2015,20K205,P.S. 205 Clarion,EMS,4.173529411764706,17
2015,20K220,J.H.S. 220 John J. Pershing,EMS,4.1076,25
2015,20K223,J.H.S. 223 The Montauk,EMS,3.9191304347826086,23
2015,21K238,P.S. 238 Anne Sullivan,EMS,3.621851851851852,27
2015,20K227,J.H.S. 227 Edward B. Shallow,EMS,4.012,25
2015,20K229,P.S. 229 Dyker,EMS,4.416842105263158,19
2015,20K247,P.S. 247 Brooklyn,EMS,4.28764705882353,17
2015,20K259,J.H.S. 259 William Mckinley,EMS,4.329473684210527,19
2015,20K264,P.S. 264 Bay Ridge Elementary School For The Arts,EMS,4.109375,16
2015,20K310,The School For Future Leaders,EMS,4.54,14
2015,20K445,New Utrecht High School,HS,2.953225806451613,31
2015,20K485,High School of Telecommunication Arts and Technolo,HS,3.5258620689655173,29
2015,20K490,Fort Hamilton High School,HS,2.782258064516129,31
2015,20K503,P.S. 503: The School of Discovery,EMS,2.789,20
2015,20K505,Franklin Delano Roosevelt High School,HS,2.77875,32
2015,20K506,P.S. 506: The School of Journalism & Technology,EMS,3.3222222222222224,18
2015,20K609,Urban Assembly School for Criminal Justice,EMS,3.9642857142857144,21
2015,20K609,Urban Assembly School for Criminal Justice,HS,4.290333333333334,30
2015,20K658,Franklin Delano Roosevelt YABC,YABC,3.4532,25
2015,20K682,The Academy of Talented Scholars,EMS,4.532727272727273,11
2015,20K686,Brooklyn School of Inquiry,EMS,4.214,10
2015,20K748,P.S. 748 Brooklyn School for Global Scholars,EMS,4.016666666666667,12
2015,20K971,"School of Math, Science, and Healthy Living",EMS,3.6805882352941177,17
2015,21K090,P.S. 90 Edna Cohen School,EMS,3.676,20
2015,21K226,P.S. 226 Alfred De B.Mason,EMS,4.34,23
2015,21K095,P.S. 095 The Gravesend,EMS,4.196,25
2015,21K096,I.S. 096 Seth Low,EMS,3.693846153846154,26
2015,22K206,P.S. 206 Joseph F Lamb,EMS,4.098636363636364,22
2015,21K097,P.S. 97 The Highlawn,EMS,3.969411764705882,17
2015,21K098,I.S. 98 Bay Academy,EMS,4.590714285714286,14
2015,21K099,P.S. 099 Isaac Asimov,EMS,4.0724,25
2015,21K100,P.S. 100 The Coney Island School,EMS,3.919375,16
2015,21K101,P.S. 101 The Verrazano,EMS,4.2,15
2015,21K121,P.S. 121 Nelson A. Rockefeller,EMS,4.28,24
2015,21K128,P.S. 128 Bensonhurst,EMS,2.5875,16
2015,21K153,P.S. 153 Homecrest,EMS,3.4366666666666665,18
2015,21K177,P.S. 177 The Marlboro,EMS,3.466111111111111,18
2015,21K188,P.S. 188 Michael E. Berdy,EMS,3.781764705882353,17
2015,21K199,P.S. 199 Frederick Wachtel,EMS,3.9406250000000003,16
2015,21K209,P.S. 209 Margaret Mead,EMS,4.174347826086956,23
2015,21K212,P.S. 212 Lady Deborah Moody,EMS,3.6204545454545456,22
2015,21K215,P.S. 215 Morris H. Weiss,EMS,3.8585714285714285,14
2015,21K216,P.S. 216 Arturo Toscanini,EMS,3.25375,16
2015,21K225,P.S. K225 - The Eileen E. Zaglin,EMS,3.6431999999999998,25
2015,21K228,I.S. 228 David A. Boody,EMS,3.8343478260869563,23
2015,21K239,Mark Twain I.S. 239 for the Gifted & Talented,EMS,4.416428571428571,14
2015,22K240,Andries Hudde,EMS,4.041153846153846,26
2015,21K253,P.S. 253,EMS,4.399411764705882,17
2015,21K281,I.S. 281 Joseph B Cavallaro,EMS,3.8329166666666667,24
2015,21K288,P.S. 288 The Shirley Tanyhill,EMS,2.8664,25
2015,21K303,I.S. 303 Herbert S. Eisenberg,EMS,4.01,23
2015,21K329,P.S. 329 Surfside,EMS,3.528235294117647,17
2015,21K337,International High School at Lafayette,HS,2.7346153846153847,26
2015,21K344,Rachel Carson High School for Coastal Studies,HS,2.956551724137931,29
2015,21K348,High School of Sports Management,HS,2.6806451612903226,31
2015,21K410,Abraham Lincoln High School,HS,2.5596875,32
2015,21K411,Abraham Lincoln Yabc,YABC,3.0745833333333334,24
2015,21K468,Kingsborough Early College School,EMS,4.029090909090909,22
2015,21K468,Kingsborough Early College School,HS,3.87625,24
2015,21K525,Edward R. Murrow High School,HS,2.7785714285714285,28
2015,21K540,John Dewey High School,HS,3.1229032258064517,31
2015,21K559,Life Academy High School for Film and Music,HS,3.9625,28
2015,21K572,Expeditionary Learning School for Community Leader,HS,4.578260869565217,23
2015,21K620,William E. Grady Career and Technical Education Hi,HS,2.381290322580645,31
2015,21K690,Brooklyn Studio Secondary School,HS,2.7546666666666666,30
2015,21K690,Brooklyn Studio Secondary School,EMS,4.193181818181818,22
2015,21K728,Liberation Diploma Plus,HST,3.0085185185185184,27
2015,22K014,J.H.S. 014 Shell Bank,EMS,3.7836,25
2015,22K052,P.S. 052 Sheepshead Bay,EMS,2.56,18
2015,22K078,J.H.S. 078 Roy H. Mann,EMS,2.9579166666666667,24
2015,22K109,P.S. 109,EMS,3.6115384615384616,26
2015,22K119,P.S. 119 Amersfort,EMS,3.0857894736842106,19
2015,22K134,P.S. K134,EMS,4.20125,16
2015,22K425,James Madison High School,HS,2.7409677419354836,31
2015,22K139,P.S. 139 Alexine A. Fenty,EMS,2.8668181818181817,22
2015,22K152,School of Science & Technology,EMS,3.3277272727272726,22
2015,22K194,P.S. 194 Raoul Wallenberg,EMS,3.681052631578947,19
2015,22K193,P.S. 193 Gil Hodges,EMS,3.005,18
2015,22K195,P.S. 195 Manhattan Beach,EMS,4.199285714285715,14
2015,22K197,P.S. 197 - The Kings Highway Academy,EMS,3.533888888888889,18
2015,22K198,P.S. 198 Brooklyn,EMS,3.6210526315789475,19
2015,22K203,P.S. 203 Floyd Bennett School,EMS,3.698235294117647,17
2015,22K207,P.S. 207 Elizabeth G. Leary,EMS,4.0175,16
2015,22K217,P.S. 217 Colonel David Marcus School,EMS,3.800625,16
2015,22K222,P.S. 222 Katherine R. Snyder,EMS,4.067692307692308,13
2015,22K234,J.H.S. 234 Arthur W. Cunningham,EMS,4.180526315789474,19
2015,22K236,P.S. 236 Mill Basin,EMS,4.208181818181818,11
2015,22K245,P.S. 245,EMS,3.801578947368421,19
2015,22K251,P.S. 251 Paerdegat,EMS,2.507058823529412,17
2015,22K254,P.S. 254 Dag Hammarskjold,EMS,4.163571428571428,14
2015,23K284,P.S. 284 Lew Wallace,EMS,2.6008,25
2015,22K255,P.S. 255 Barbara Reing School,EMS,3.932,15
2015,22K269,P.S. 269 Nostrand,EMS,2.4895,20
2015,22K277,P.S. 277 Gerritsen Beach,EMS,3.752727272727273,11
2015,22K278,J.H.S. 278 Marine Park,EMS,3.770952380952381,21
2015,22K312,P.S. 312 Bergen Beach,EMS,3.409090909090909,11
2015,22K315,P.S. K315,EMS,3.466818181818182,22
2015,22K326,P.S. 326,EC,3.24,2
2015,22K361,P.S. 361 East Flatbush Early Childhood School,EC,2.7649999999999997,2
2015,22K381,I. S. 381,EMS,3.3904,25
2015,22K405,Midwood High School,HS,3.426,25
2015,22K495,Sheepshead Bay High School,HS,2.4941666666666666,24
2015,22K535,Leon M. Goldstein High School for the Sciences,HS,4.196666666666666,24
2015,22K555,Brooklyn College Academy,HS,4.385217391304348,23
2015,22K611,Origins High School,HS,3.7542857142857144,14
2015,22K630,Professional Pathways High School,HST,3.6912,25
2015,23K041,P.S. 041 Francis White,EMS,2.533333333333333,24
2015,23K073,P.S. 073 Thomas S. Boyland,EMS,1.9323076923076923,13
2015,23K137,P.S./I.S. 137 Rachel Jean Mitchell,EMS,2.7177272727272728,22
2015,23K150,P.S. 150 Christopher,EMS,2.66,19
2015,23K155,P.S./ I.S. 155 Nicholas Herkimer,EMS,3.2396,25
2015,23K156,P.S. 156 Waverly,EMS,2.7736842105263158,19
2015,23K165,P.S. 165 Ida Posner,EMS,2.3008333333333333,24
2015,23K178,P.S. 178 Saint Clair Mckelway,EMS,3.7396,25
2015,23K184,P.S. 184 Newport,EMS,3.242272727272727,22
2015,23K298,P.S. 298 Dr. Betty Shabazz,EMS,2.5294117647058822,17
2015,23K323,P.S./I.S. 323,EMS,3.4695454545454547,22
2015,23K327,P.S. 327 Dr. Rose B. English,EMS,2.0516,25
2015,23K363,Brownsville Collaborative Middle School,EMS,2.58,27
2015,23K392,I.S. 392,EMS,3.5075,16
2015,23K401,Christopher Avenue Community School,EMS,3.543529411764706,17
2015,23K446,Riverdale Avenue Community School,EMS,3.07,13
2015,23K522,Mott Hall IV,EMS,2.797083333333333,24
2015,23K493,Brooklyn Collegiate: A College Board School,HS,3.106,30
2015,23K514,Frederick Douglass Academy VII High School,HS,2.4282758620689657,29
2015,23K518,Kappa V (Knowledge and Power Preparatory Academy),EMS,2.774166666666667,24
2015,23K643,Brooklyn Democracy Academy,HST,3.707037037037037,27
2015,23K644,Eagle Academy for Young Men II,EMS,3.67875,24
2015,23K644,Eagle Academy for Young Men II,HS,3.701304347826087,23
2015,23K647,Metropolitan Diploma Plus High School,HST,4.141851851851852,27
2015,23K664,Brooklyn Environmental Exploration School (BEES),EMS,2.672173913043478,23
2015,23K668,Riverdale Avenue Middle School,EMS,3.465238095238095,21
2015,23K671,Mott Hall Bridges Academy,EMS,4.221666666666667,24
2015,23K697,Teachers Preparatory High School,HS,2.609,30
2015,24Q005,I.S. 5 - The Walter Crowley Intermediate School,EMS,3.7632,25
2015,24Q007,P.S. 007 Louis F. Simeone,EC,3.6,2
2015,24Q012,P.S. 012 James B. Colgate,EMS,4.014,15
2015,24Q013,P.S. 013 Clement C. Moore,EMS,2.8894444444444445,18
2015,24Q014,P.S. 014 Fairview,EMS,2.731,20
2015,24Q016,P.S. Q016 The Nancy DeBenedittis School,EMS,2.9415,20
2015,24Q019,P.S. 019 Marino Jeantet,EMS,3.8886363636363637,22
2015,24Q028,P.S. 28 - The Thomas Emanuel Early Childhood Cente,EC,3.28,2
2015,24Q049,P.S. 049 Dorothy Bonawit Kole,EMS,3.8021052631578947,19
2015,24Q058,P.S. 58 - The School of Heroes,EMS,3.906111111111111,18
2015,24Q061,I.S. 061 Leonardo Da Vinci,EMS,3.68,25
2015,24Q068,P.S. 068 Cambridge,EMS,3.4175,20
2015,24Q071,P.S. 071 Forest,EMS,3.856842105263158,19
2015,24Q073,I.S. 73 - The Frank Sansivieri Intermediate School,EMS,4.1844,25
2015,24Q550,High School for Arts and Business,HS,3.9499999999999997,31
2015,24Q077,I.S. 077,EMS,3.1444444444444444,27
2015,24Q081,P.S. 81Q Jean Paul Richter,EMS,4.154,20
2015,24Q087,P.S./I.S. 087 Middle Village,EMS,3.6588,25
2015,24Q088,P.S. 088 Seneca,EMS,2.5564705882352943,17
2015,24Q089,P.S. 089 Elmhurst,EMS,3.3954545454545455,22
2015,24Q091,P.S. 091 Richard Arkwright,EMS,3.0457894736842106,19
2015,24Q093,I.S. 093 Ridgewood,EMS,3.9574074074074073,27
2015,24Q102,P.S. 102 Bayview,EMS,4.071428571428571,21
2015,24Q110,P.S. 110,EC,3.17,2
2015,24Q113,P.S./I.S. 113 Anthony J. Pranzo,EMS,3.9688235294117646,17
2015,24Q119,I.S. 119 The Glendale,EMS,4.046111111111111,18
2015,24Q125,I.S. 125 Thom J. McCann Woodside,EMS,3.5076923076923077,26
2015,24Q128,"P.S. 128 The Lorraine Tuzzo, Juniper Valley Elemen",EMS,3.6075,16
2015,24Q143,P.S. 143 Louis Armstrong,EMS,2.391,20
2015,24Q153,P.S. 153 Maspeth Elem,EMS,3.738095238095238,21
2015,24Q199,P.S. 199 Maurice A. Fitzgerald,EMS,2.9536363636363636,22
2015,24Q211,Elm Tree Elementary School,EC,2.92,2
2015,24Q229,P.S. 229 Emanuel Kaplan,EMS,4.195,14
2015,24Q236,International High School for Health Sciences,HS,2.5766666666666667,6
2015,24Q239,P.S. 239,EMS,3.588636363636364,22
2015,24Q264,Academy of Finance and Enterprise,HS,4.1196,25
2015,24Q267,High School of Applied Communication,HS,2.9496666666666664,30
2015,24Q290,A.C.E. Academy for Scholars at the Geraldine Ferra,EMS,3.8208333333333333,12
2015,24Q293,Civic Leadership Academy,HS,4.0713793103448275,29
2015,24Q296,Pan American International High School,HS,3.585,26
2015,24Q299,Bard High School Early College Queens,HS,4.478260869565218,23
2015,24Q307,Pioneer Academy,EMS,3.28,20
2015,24Q311,Corona Arts and Sciences Academy,EMS,3.8316666666666666,24
2015,24Q330,P.S. 330,EMS,3.596315789473684,19
2015,24Q343,The Children's Lab School,EC,3.1799999999999997,2
2015,24Q455,Newtown High School,HS,2.8115625,32
2015,24Q457,H.S. Arts & Business Yabc,YABC,3.408333333333333,24
2015,24Q485,Grover Cleveland High School,HS,2.445625,32
2015,24Q520,Middle College High School at LaGuardia Community,HS,3.3224,25
2015,24Q530,International High School at LaGuardia Community C,HS,4.162083333333333,24
2015,24Q560,"Robert F. Wagner, Jr. Secondary School for Arts an",EMS,4.63375,16
2015,24Q560,"Robert F. Wagner, Jr. Secondary School for Arts an",HS,2.9384615384615387,26
2015,24Q585,Maspeth High School,HS,4.2563157894736845,19
2015,24Q600,Queens Vocational and Technical High School,HS,2.56037037037037,27
2015,24Q610,Aviation Career & Technical Education High School,HS,4.0888,25
2015,24Q744,VOYAGES Preparatory,HST,3.454230769230769,26
2015,25Q185,J.H.S. 185 Edward Bleeker,EMS,4.358421052631579,19
2015,24Q877,The 51 Avenue Academy (The Path To Academic Excell,EMS,4.166111111111111,18
2015,25Q020,P.S. 020 John Bowne,EMS,4.132941176470588,17
2015,25Q021,P.S. 021 Edward Hart,EMS,3.758,15
2015,25Q022,P.S. 022 Thomas Jefferson,EMS,4.496842105263158,19
2015,25Q024,P.S. 024 Andrew Jackson,EMS,4.372857142857143,14
2015,25Q025,I.S. 025 Adrien Block,EMS,4.068260869565218,23
2015,25Q029,P.S. 029 Queens,EMS,3.0786363636363636,22
2015,25Q032,P.S. 032 State Street,EMS,4.164166666666667,12
2015,25Q079,P.S. 079 Francis Lewis,EMS,3.986923076923077,13
2015,25Q107,P.S. 107 Thomas A Dooley,EMS,3.8211764705882354,17
2015,25Q120,P.S. 120 Queens,EMS,3.294705882352941,17
2015,25Q129,P.S. 129 Patricia Larkin,EMS,4.074375,16
2015,25Q130,P.S. 130,EC,3.455,2
2015,25Q154,P.S. 154 Queens,EMS,4.099375,16
2015,25Q163,P.S. 163 Flushing Heights,EMS,4.226,15
2015,25Q164,P.S. 164 Queens Valley,EMS,4.063157894736842,19
2015,25Q165,P.S. 165 Edith K. Bergtraum,EMS,3.841666666666667,18
2015,25Q169,P.S. 169 Bay Terrace,EMS,3.8892307692307693,13
2015,25Q184,P.S. 184 Flushing Manor,EMS,3.6033333333333335,15
2015,25Q189,J.H.S. 189 Daniel Carter Beard,EMS,4.115652173913044,23
2015,25Q193,P.S. 193 Alfred J. Kennedy,EMS,3.4435714285714285,14
2015,25Q194,J.H.S. 194 William Carr,EMS,3.9890909090909092,22
2015,25Q200,P.S./M.S. 200 - The Pomonok School & STAR Academy,EMS,3.820909090909091,22
2015,25Q201,P.S. 201 The Discovery School for Inquiry and Rese,EMS,2.9505555555555554,18
2015,27Q062,P. S. 62 - Chester Park School,EMS,3.105,14
2015,25Q209,P.S. 209 Clearview Gardens,EMS,3.3581818181818184,11
2015,25Q214,P.S. 214 Cadwallader Colden,EMS,3.755714285714286,14
2015,25Q219,P.S. 219 Paul Klapper,EMS,4.2122222222222225,27
2015,25Q237,I.S. 237,EMS,4.298636363636364,22
2015,25Q240,Veritas Academy,HS,3.2435714285714283,14
2015,25Q241,Queens High School for Language Studies,HS,4.327857142857143,14
2015,25Q242,P.S. 242 Leonard P. Stavisky Early Childhood Schoo,EC,3.6950000000000003,2
2015,25Q244,The Active Learning Elementary School,EC,4.355,2
2015,25Q250,I.S. 250 The Robert F. Kennedy Community Middle Sc,EMS,3.506666666666667,27
2015,25Q252,"Queens School of Inquiry, The",EMS,3.215625,16
2015,25Q252,"Queens School of Inquiry, The",HS,3.8183333333333334,24
2015,25Q263,Flushing International High School,HS,2.584814814814815,27
2015,25Q281,East-West School of International Studies,EMS,4.533888888888889,18
2015,25Q281,East-West School of International Studies,HS,4.177037037037037,27
2015,25Q285,World Journalism Preparatory: A College Board Scho,EMS,3.3566666666666665,18
2015,25Q285,World Journalism Preparatory: A College Board Scho,HS,4.018,25
2015,25Q294,BELL Academy,EMS,4.401875,16
2015,27Q114,P.S./M.S. 114 Belle Harbor,EMS,4.146111111111111,18
2015,25Q460,Flushing High School,HS,2.3675,32
2015,25Q467,Flushing Yabc,YABC,3.075,24
2015,25Q499,"The Queens College School for Math, Science and Te",EMS,4.21625,16
2015,25Q525,Townsend Harris High School,HS,4.808260869565218,23
2015,25Q540,Queens Academy High School,HST,2.87448275862069,29
2015,25Q670,Robert F. Kennedy Community High School,HS,3.5646666666666667,30
2015,27Q063,P.S. 063 Old South,EMS,3.871818181818182,22
2015,25Q792,North Queens Community High School,HST,3.698888888888889,27
2015,26Q018,P.S. 018 Winchester,EMS,3.6421428571428573,14
2015,26Q026,P.S. 026 Rufus King,EMS,4.385882352941176,17
2015,26Q031,P.S. 031 Bayside,EMS,3.3707142857142856,14
2015,26Q041,P.S. 041 Crocheron,EMS,4.100769230769231,13
2015,26Q046,P.S. 046 Alley Pond,EMS,4.758823529411765,17
2015,26Q067,J.H.S. 067 Louis Pasteur,EMS,4.32,16
2015,26Q074,J.H.S. 074 Nathaniel Hawthorne,EMS,4.317222222222222,18
2015,26Q094,P.S. 094 David D. Porter,EMS,3.2933333333333334,15
2015,26Q098,P.S. 098 The Douglaston School,EMS,4.016,10
2015,26Q115,P.S. 115 The James J. Ambrose School,EMS,3.6863636363636365,11
2015,26Q133,P.S. 133 Queens,EMS,4.524117647058824,17
2015,26Q158,M.S. 158 Marie Curie,EMS,4.126111111111111,18
2015,26Q159,P.S. 159,EMS,4.32625,16
2015,26Q162,P.S. 162 John Golden,EMS,4.080625,16
2015,26Q172,Irwin Altman Middle School 172,EMS,3.938,20
2015,26Q173,P.S. 173 Fresh Meadows,EMS,3.918,15
2015,26Q178,P.S./ IS 178 Holliswood,EMS,3.9126315789473685,19
2015,26Q186,P.S. 186 Castlewood,EMS,4.610769230769231,13
2015,26Q188,P.S. 188 Kingsbury,EMS,4.476666666666667,9
2015,26Q191,P.S. 191 Mayflower,EMS,4.365625,16
2015,26Q203,P.S. 203 Oakland Gardens,EMS,4.513571428571429,14
2015,26Q205,P.S. 205 Alexander Graham Bell,EMS,4.322307692307692,13
2015,26Q213,P.S. 213 The Carl Ullman School,EMS,4.009285714285714,14
2015,26Q216,J.H.S. 216 George J. Ryan,EMS,4.557,20
2015,26Q221,P.S. 221 The North Hills School,EMS,4.359230769230769,13
2015,26Q266,P.S./I.S. 266,EMS,3.788333333333333,18
2015,26Q315,Business Technology Early College High School,HS,3.4154545454545455,11
2015,26Q415,Benjamin N. Cardozo High School,HS,2.922083333333333,24
2015,26Q430,Francis Lewis High School,HS,3.382222222222222,27
2015,26Q435,Martin Van Buren High School,HS,2.15375,32
2015,26Q495,Bayside High School,HS,3.6580769230769232,26
2015,26Q566,"Queens High School of Teaching, Liberal Arts and t",HS,3.4511538461538462,26
2015,27Q042,P.S./M.S 042 R. Vernam,EMS,2.856818181818182,22
2015,27Q043,P.S. 043,EMS,2.9744,25
2015,27Q045,P.S. 045 Clarence Witherspoon,EMS,2.7531578947368422,19
2015,27Q053,M.S. 053 Brian Piccolo,EMS,3.5712,25
2015,27Q047,P.S. 047 Chris Galas,EMS,3.933684210526316,19
2015,27Q051,P.S. 051,EC,2.29,2
2015,27Q056,P.S. 056 Harry Eichler,EMS,3.515,20
2015,27Q060,P.S. 060 Woodhaven,EMS,4.417333333333334,15
2015,27Q064,P.S. 064 Joseph P. Addabbo,EMS,2.9594117647058824,17
2015,27Q065,P.S. 65 - The Raymond York Elementary School,EMS,3.618,15
2015,27Q066,P.S. 066 Jacqueline Kennedy Onassis,EMS,4.198333333333333,18
2015,27Q090,P.S. 090 Horace Mann,EMS,3.3278947368421052,19
2015,27Q096,P.S. 096,EMS,3.69375,16
2015,27Q097,P.S. 097 Forest Park,EMS,3.536,20
2015,27Q100,P.S. 100 Glen Morris,EMS,3.7025,16
2015,27Q104,P.S. 104 The Bays Water,EMS,2.4575,20
2015,27Q105,P.S. 105 The Bay School,EMS,3.3227272727272728,22
2015,27Q106,P.S. 106,EMS,2.573684210526316,19
2015,27Q108,P.S. 108 Captain Vincent G. Fowler,EMS,4.240833333333334,12
2015,27Q123,P.S. 123,EMS,3.1563157894736844,19
2015,27Q183,P.S. 183 Dr. Richard R. Green,EMS,2.14375,24
2015,27Q124,P.S. 124 Osmond A Church,EMS,3.481578947368421,19
2015,27Q137,M.S. 137 America's School of Heroes,EMS,3.5395,20
2015,27Q146,P.S. 146 Howard Beach,EMS,3.3649999999999998,20
2015,27Q155,P.S. 155,EMS,3.908,15
2015,27Q197,P.S. 197 The Ocean School,EMS,2.819090909090909,22
2015,27Q202,J.H.S. 202 Robert H. Goddard,EMS,3.515,22
2015,27Q207,P.S. 207 Rockwood Park,EMS,3.8705882352941177,17
2015,27Q210,J.H.S. 210 Elizabeth Blackwell,EMS,3.256666666666667,27
2015,27Q223,P.S. 223 Lyndon B. Johnson,EMS,3.0242105263157897,19
2015,27Q226,J.H.S. 226 Virgil I. Grissom,EMS,2.9375,24
2015,27Q232,P.S. 232 Lindenwood,EMS,3.899090909090909,22
2015,27Q253,P.S. 253,EMS,3.1825,20
2015,27Q254,P.S. 254 - The Rosa Parks School,EMS,4.070833333333334,12
2015,27Q260,Frederick Douglass Academy VI High School,HS,2.286551724137931,29
2015,27Q261,Voyages Prep - South Queens,HST,3.9,26
2015,27Q262,Channel View School for Research,EMS,3.6257894736842107,19
2015,27Q262,Channel View School for Research,HS,3.7613333333333334,30
2015,27Q273,P.S. 273,EMS,3.6605263157894736,19
2015,27Q282,Knowledge and Power Preparatory Academy VI,EMS,3.942727272727273,22
2015,27Q297,Hawtree Creek Middle School,EMS,3.4482608695652175,23
2015,27Q302,"Queens High School for Information, Research, and",HS,3.5003225806451614,31
2015,27Q306,New York City Academy for Discovery,EMS,3.297,20
2015,27Q308,Robert H. Goddard High School of Communication Art,HS,3.443448275862069,29
2015,27Q309,Academy of Medical Technology: A College Board Sch,EMS,3.3882608695652174,23
2015,27Q309,Academy of Medical Technology: A College Board Sch,HS,2.780344827586207,29
2015,27Q314,Epic High School - South,HS,1.608,10
2015,27Q316,Queens Explorers Elementary School,EC,2.755,2
2015,27Q317,Waterside Children's Studio School,EMS,3.9825,20
2015,27Q318,Waterside School For Leadership,EMS,3.4170833333333333,24
2015,27Q319,Village Academy,EMS,4.0848,25
2015,27Q323,Scholars' Academy,EMS,4.601428571428571,14
2015,27Q323,Scholars' Academy,HS,4.561304347826087,23
2015,27Q324,Rockaway Park High School for Environmental Sustai,HS,2.276206896551724,29
2015,27Q333,Goldie Maple Academy,EMS,3.102777777777778,18
2015,27Q351,Rockaway Collegiate High School,HS,2.24,26
2015,27Q362,Wave Preparatory Elementary School,EMS,3.301578947368421,19
2015,27Q400,August Martin High School,HS,2.071,30
2015,27Q475,Richmond Hill High School,HS,2.574375,32
2015,27Q480,John Adams High School,HS,2.9690625,32
2015,27Q487,John Adams Yabc,YABC,3.278695652173913,23
2015,27Q650,"High School for Construction Trades, Engineering a",HS,3.913333333333333,24
2015,28Q008,J.H.S. 008 Richard S. Grossley,EMS,2.7296,25
2015,28Q040,P.S. 040 Samuel Huntington,EMS,3.1258823529411766,17
2015,28Q048,P.S. 048 William Wordsworth,EMS,4.165,20
2015,28Q050,P.S. 050 Talfourd Lawn Elementary School,EMS,3.6505555555555556,18
2015,28Q055,P.S. 055 Maure,EMS,3.005625,16
2015,28Q054,P.S. 054 Hillside,EMS,2.4735,20
2015,28Q072,Catherine & Count Basie Middle School 72,EMS,3.0616666666666665,24
2015,28Q080,P.S. 80 The Thurgood Marshall Magnet School of Mul,EMS,3.5226315789473683,19
2015,28Q082,P.S. 082 Hammond,EMS,3.069,20
2015,28Q086,P.S. Q086,EMS,3.447,20
2015,28Q099,P.S. 099 Kew Gardens,EMS,3.8323529411764707,17
2015,28Q101,P.S. 101 School in the Gardens,EMS,3.5866666666666664,9
2015,28Q117,P.S. 117 J. Keld / Briarwood School,EMS,3.0944444444444446,18
2015,28Q121,P.S. 121 Queens,EMS,3.5845454545454545,11
2015,28Q139,P.S. 139 Rego Park,EMS,3.654736842105263,19
2015,28Q140,P.S. 140 Edward K Ellington,EMS,2.901666666666667,18
2015,28Q144,P.S. 144 Col Jeromus Remsen,EMS,3.582727272727273,11
2015,28Q157,J.H.S. 157 Stephen A. Halsey,EMS,4.1854545454545455,22
2015,28Q157,J.H.S. 157 Stephen A. Halsey,HS,2.408,5
2015,28Q160,P.S. 160 Walter Francis Bishop,EMS,3.1966666666666668,18
2015,28Q161,P.S. 161 Arthur Ashe School,EMS,4.133333333333334,15
2015,28Q167,Metropolitan Expeditionary Learning School,EMS,3.5433333333333334,18
2015,28Q167,Metropolitan Expeditionary Learning School,HS,3.58,20
2015,28Q174,P.S. 174 William Sidney Mount,EMS,3.445,10
2015,28Q175,P.S. 175 The Lynn Gross Discovery School,EMS,3.482857142857143,14
2015,28Q182,P.S. 182 Samantha Smith,EMS,2.689,20
2015,28Q190,J.H.S. 190 Russell Sage,EMS,3.9125,20
2015,28Q196,P.S. 196 Grand Central Parkway,EMS,4.434545454545455,11
2015,28Q206,P.S. 206 The Horace Harding School,EMS,2.447222222222222,18
2015,28Q217,J.H.S. 217 Robert A. Van Wyck,EMS,4.0104,25
2015,28Q220,P.S. 220 Edward Mandel,EMS,3.047222222222222,18
2015,28Q284,York Early College Academy,EMS,3.988125,16
2015,28Q284,York Early College Academy,HS,4.458260869565217,23
2015,28Q287,The Emerson School,EMS,2.7532,25
2015,28Q303,The Academy for Excellence through the Arts,EC,2.815,2
2015,28Q310,Queens Collegiate: A College Board School,EMS,4.338571428571429,21
2015,28Q310,Queens Collegiate: A College Board School,HS,3.2344827586206897,29
2015,28Q312,Jamaica Children's School,EC,3.275,2
2015,28Q325,Hillside Arts & Letters Academy,HS,3.917666666666667,30
2015,28Q328,High School for Community Leadership,HS,4.292666666666666,30
2015,28Q332,Redwood Middle School,EMS,3.1754545454545453,22
2015,28Q338,Queens Satellite High School for Opportunity,HST,2.0947619047619046,21
2015,28Q350,Jamaica Gateway to the Sciences,HS,3.7093103448275864,29
2015,28Q354,P.S. 354,EMS,2.3076470588235294,17
2015,28Q440,Forest Hills High School,HS,3.2175000000000002,28
2015,28Q505,Hillcrest High School,HS,3.129,30
2015,28Q620,Thomas A. Edison Career and Technical Education Hi,HS,3.3172,25
2015,28Q680,Queens Gateway to Health Sciences Secondary School,EMS,3.913125,16
2015,28Q680,Queens Gateway to Health Sciences Secondary School,HS,4.281739130434783,23
2015,28Q686,Queens Metropolitan High School,HS,3.6673333333333336,30
2015,28Q687,Queens High School for the Sciences at York Colleg,HS,4.6886363636363635,22
2015,28Q690,High School for Law Enforcement and Public Safety,HS,2.3826666666666667,30
2015,28Q896,"Young Women's Leadership School, Queens",EMS,4.27,16
2015,28Q896,"Young Women's Leadership School, Queens",HS,3.8579310344827586,29
2015,29Q015,P.S. 015 Jackie Robinson,EMS,3.1376470588235295,17
2015,29Q033,P.S. 033 Edward M. Funk,EMS,3.3064705882352943,17
2015,29Q034,P.S. 034 John Harvard,EMS,2.89125,16
2015,29Q035,P.S. 035 Nathaniel Woodhull,EMS,2.8933333333333335,18
2015,29Q036,P.S. 036 Saint Albans School,EMS,3.2152631578947366,19
2015,29Q037,Cynthia Jenkins School,EMS,2.951764705882353,17
2015,29Q038,P.S. 038 Rosedale,EMS,3.043529411764706,17
2015,29Q052,P.S. 052 Queens,EMS,3.3110526315789475,19
2015,29Q059,I.S. 059 Springfield Gardens,EMS,3.2091666666666665,24
2015,29Q095,P.S. 095 Eastwood,EMS,4.012352941176471,17
2015,29Q109,Jean Nuzzi Intermediate School,EMS,3.59,23
2015,29Q116,P.S./I.S. 116 William C. Hughley,EMS,3.306,25
2015,29Q118,P.S. 118 Lorraine Hansberry,EMS,3.561176470588235,17
2015,29Q131,P.S. 131 Abigail Adams,EMS,4.316428571428571,14
2015,29Q132,P.S. 132 Ralph Bunche,EMS,3.7194736842105263,19
2015,29Q134,P.S. 134 Hollis,EMS,2.98,17
2015,29Q135,The Bellaire School,EMS,3.0441176470588234,17
2015,29Q136,P.S. 136 Roy Wilkins,EMS,3.3494117647058825,17
2015,29Q138,P.S./M.S. 138 Sunrise,EMS,3.0095454545454543,22
2015,29Q147,P.S./M.S. 147 Ronald McNair,EMS,2.6122727272727273,22
2015,29Q156,P.S. 156 Laurelton,EMS,2.2342857142857144,14
2015,29Q176,P.S. 176 Cambria Heights,EMS,3.489333333333333,15
2015,29Q181,P.S. 181 Brookfield,EMS,3.4058823529411764,17
2015,29Q192,I.S. 192 The Linden,EMS,3.8515,20
2015,29Q195,P.S. 195 William Haberle,EMS,2.8805882352941174,17
2015,29Q208,P.S./I.S. 208,EMS,3.552857142857143,21
2015,29Q238,I.S. 238 - Susan B. Anthony Academy,EMS,2.5936,25
2015,29Q243,Institute for Health Professions at Cambria Height,HS,3.4388888888888887,9
2015,29Q248,Queens Preparatory Academy,HS,3.111290322580645,31
2015,29Q270,The Gordon Parks School,EMS,3.305,22
2015,29Q259,Pathways College Preparatory School: A College Boa,EMS,3.0391666666666666,24
2015,29Q259,Pathways College Preparatory School: A College Boa,HS,3.0437931034482757,29
2015,29Q265,Excelsior Preparatory High School,HS,3.867241379310345,29
2015,29Q272,George Washington Carver High School for the Scien,HS,2.7896551724137932,29
2015,29Q283,Preparatory Academy for Writers: A College Board S,EMS,4.226818181818182,22
2015,29Q283,Preparatory Academy for Writers: A College Board S,HS,3.5736666666666665,30
2015,29Q356,Community Voices Middle School,EMS,3.6075,24
2015,29Q289,Queens United Middle School,EMS,2.1138095238095236,21
2015,29Q295,P.S./I.S. 295,EMS,3.0328,25
2015,29Q313,Benjamin Franklin High School for Finance & Inform,HS,2.969,10
2015,29Q326,Cambria Heights Academy,HS,3.14,30
2015,29Q327,Eagle Academy for Young Men III,EMS,3.4883333333333333,24
2015,29Q327,Eagle Academy for Young Men III,HS,2.433076923076923,13
2015,29Q355,Collaborative Arts Middle School,EMS,2.6458333333333335,24
2015,29Q492,"Mathematics, Science Research and Technology Magne",HS,2.606206896551724,29
2015,30Q078,P.S./I.S. 78Q,EMS,3.601176470588235,17
2015,29Q494,"Law, Government and Community Service High School",HS,2.7505555555555556,18
2015,29Q496,"Business, Computer Applications & Entrepreneurship",HS,2.5557894736842104,19
2015,29Q498,Humanities & Arts Magnet High School,HS,2.783,30
2015,30Q002,P.S. 002 Alfred Zimberg,EMS,3.864,15
2015,30Q010,I.S. 010 Horace Greeley,EMS,3.9408,25
2015,30Q011,P.S. 011 Kathryn Phelan,EMS,3.3886363636363637,22
2015,30Q017,P.S. 017 Henry David Thoreau,EMS,3.460909090909091,22
2015,30Q069,P.S. 069 Jackson Heights,EMS,3.4966666666666666,12
2015,30Q070,P.S. 070,EMS,2.949375,16
2015,30Q076,P.S. 076 William Hallet,EMS,3.310909090909091,22
2015,30Q084,P.S. 084 Steinway,EMS,3.3255555555555554,18
2015,30Q085,P.S. 085 Judge Charles Vallone,EMS,3.397692307692308,13
2015,30Q092,P.S. 092 Harry T. Stewart Sr.,EMS,2.8735,20
2015,30Q111,P.S. 111 Jacob Blackwell,EMS,2.796,25
2015,30Q112,P.S. 112 Dutch Kills,EMS,2.9195,20
2015,30Q122,P.S. 122 Mamie Fay,EMS,4.432857142857143,14
2015,30Q126,Albert Shanker School for Visual and Performing Ar,EMS,3.4292592592592595,27
2015,30Q127,P.S. 127 Aerospace Science Magnet School,EMS,3.36,25
2015,30Q141,I.S. 141 The Steinway,EMS,4.101,20
2015,30Q145,I.S. 145 Joseph Pulitzer,EMS,3.9436,25
2015,30Q148,P.S. 148 Queens,EMS,2.828,20
2015,30Q149,P.S. 149 Christa Mcauliffe,EMS,3.1327777777777777,18
2015,30Q150,P.S. 150 Queens,EMS,3.895714285714286,14
2015,30Q151,P.S. 151 Mary D. Carter,EMS,3.5157142857142856,21
2015,30Q230,I.S. 230,EMS,4.348947368421053,19
2015,30Q152,P.S. 152 Gwendoline N. Alleyne School,EMS,4.065,16
2015,30Q166,P.S. 166 Henry Gradstein,EMS,3.335,16
2015,30Q171,P.S. 171 Peter G. Van Alst,EMS,2.483,20
2015,30Q204,I.S. 204 Oliver W. Holmes,EMS,3.8266666666666667,27
2015,30Q212,P.S. 212,EMS,4.059333333333333,15
2015,30Q222,P.S. Q222 - Fire Fighter Christopher A. Santora Sc,EC,4.035,2
2015,30Q227,I.S. 227 Louis Armstrong,EMS,4.405555555555556,18
2015,30Q228,P.S. 228 Early Childhood Magnet School of the Arts,EC,3.6399999999999997,2
2015,30Q234,P.S. 234,EMS,3.216666666666667,18
2015,30Q235,Academy for New Americans,EMS,3.6225,20
2015,31R007,I.S. 007 Elias Bernstein,EMS,3.975625,16
2015,30Q258,Energy Tech High School,HS,3.934285714285714,14
2015,30Q280,P.S. 280,EMS,3.703157894736842,19
2015,30Q286,"Young Women's Leadership School, Astoria",EMS,4.081666666666667,18
2015,30Q286,"Young Women's Leadership School, Astoria",HS,4.08375,24
2015,31R061,I.S. 061 William A Morris,EMS,3.184615384615385,26
2015,30Q291,Hunters Point Community Middle School,EMS,4.2508333333333335,24
2015,30Q300,The 30th Avenue School (G&T Citywide),EMS,4.591428571428572,14
2015,30Q301,Academy for Careers in Television and Film,HS,4.4896,25
2015,31R455,Tottenville High School,HS,2.9696296296296296,27
2015,30Q329,East Elmhurst Community School,EC,3.09,2
2015,30Q445,William Cullen Bryant High School,HS,2.9696875,32
2015,30Q450,Long Island City High School,HS,2.356875,32
2015,30Q501,Frank Sinatra School of the Arts High School,HS,4.138260869565217,23
2015,30Q502,Information Technology High School,HS,2.797741935483871,31
2015,30Q555,Newcomers High School,HS,2.8913333333333333,30
2015,30Q575,Academy of American Studies,HS,3.77,24
2015,30Q580,Baccalaureate School for Global Education,EMS,4.873846153846154,13
2015,30Q580,Baccalaureate School for Global Education,HS,4.662727272727273,22
2015,31R001,P.S. 001 Tottenville,EMS,2.9791666666666665,12
2015,31R002,I.S. R002 George L. Egbert,EMS,3.464782608695652,23
2015,31R003,P.S. 003 The Margaret Gioiosa School,EMS,3.5542857142857143,14
2015,75K077,P.S. K077,D75,2.566666666666667,3
2015,31R004,P.S. 004 Maurice Wollin,EMS,3.3093333333333335,15
2015,31R005,P.S. 005 Huguenot,EMS,4.388181818181819,11
2015,31R006,P.S. 6 Corporal Allan F. Kivlehan School,EMS,3.7192307692307693,13
2015,31R008,P.S. 8 Shirlee Solomon,EMS,4.113846153846154,13
2015,31R009,Naples Street Elementary School,EC,3.3600000000000003,2
2015,31R010,Fort Hill Collaborative Elementary School,EC,1.0,2
2015,31R011,P.S. 11 Thomas Dongan School,EMS,2.981578947368421,19
2015,31R013,P.S. 013 M. L. Lindemeyer,EMS,3.443,20
2015,31R016,P.S. 016 John J. Driscoll,EMS,2.835909090909091,22
2015,31R018,P.S. 018 John G. Whittier,EMS,3.481764705882353,17
2015,31R019,P.S. 019 The Curtis School,EMS,2.808,20
2015,31R020,P.S. 020 Port Richmond,EMS,3.1963636363636363,22
2015,31R021,P.S. 21 Margaret Emery-Elm Park,EMS,2.809090909090909,22
2015,31R022,P.S. 022 Graniteville,EMS,3.7172727272727273,22
2015,31R023,P.S. 023 Richmondtown,EMS,4.317333333333333,15
2015,31R024,I.S. 024 Myra S. Barnes,EMS,3.3345,20
2015,31R026,P.S. 026 The Carteret School,EMS,2.6822222222222223,18
2015,31R028,The Eagle Academy for Young Men of Staten Island,EMS,3.5075,20
2015,31R027,I.S. 027 Anning S. Prall,EMS,3.5354166666666664,24
2015,31R038,P.S. 038 George Cromwell,EMS,3.7423529411764704,17
2015,31R029,P.S. 029 Bardwell,EMS,3.608,15
2015,31R030,P.S. 030 Westerleigh,EMS,3.922857142857143,14
2015,31R031,P.S. 031 William T. Davis,EMS,2.401764705882353,17
2015,31R032,P.S. 032 The Gifford School,EMS,3.9647058823529413,17
2015,31R034,I.S. 034 Tottenville,EMS,4.041666666666667,18
2015,31R035,P.S. 35 The Clove Valley School,EMS,4.783846153846154,13
2015,31R036,P.S. 036 J. C. Drumgoole,EMS,3.229090909090909,11
2015,31R039,P.S. 39 Francis J. Murphy Jr.,EMS,2.7085,20
2015,31R041,The Stephanie A. Vierno School,EMS,3.4535,20
2015,32K291,J.H.S. 291 Roland Hayes,EMS,3.062222222222222,27
2015,31R042,P.S. 042 Eltingville,EMS,3.5841666666666665,12
2015,31R044,P.S. 044 Thomas C. Brown,EMS,2.4433333333333334,21
2015,31R045,P.S. 045 John Tyler,EMS,3.162777777777778,18
2015,31R046,P.S. 046 Albert V. Maniscalco,EMS,3.027,20
2015,31R047,CSI High School for International Studies,HS,4.434583333333333,24
2015,31R048,P.S. 048 William G. Wilcox,EMS,4.24,15
2015,31R049,I.S. 49 Berta A. Dreyfus,EMS,3.1640740740740743,27
2015,31R050,P.S. 050 Frank Hankinson,EMS,3.583076923076923,13
2015,31R051,I.S. 051 Edwin Markham,EMS,3.155,26
2015,31R052,P.S. 052 John C. Thompson,EMS,3.4283333333333332,18
2015,31R053,P.S. 053 The Barbara Esselborn School,EMS,3.8425,16
2015,31R054,P.S. 054 Charles W. Leng,EMS,3.440526315789474,19
2015,31R055,P.S. 055 Henry M. Boehm,EMS,3.3408333333333333,12
2015,31R056,P.S. 56 The Louis Desario School,EMS,3.853076923076923,13
2015,31R057,P.S. 057 Hubert H. Humphrey,EMS,3.263684210526316,19
2015,31R058,Space Shuttle Columbia School,EMS,3.2057894736842107,19
2015,31R059,The Harbor View School,EC,2.38,2
2015,31R060,P.S. 060 Alice Austen,EMS,2.820588235294118,17
2015,31R063,Marsh Avenue School for Expeditionary Learning,EMS,4.20375,16
2015,31R064,Gaynor McCown Expeditionary Learning School,HS,3.4832,25
2015,31R065,P.S. 65 The Academy of Innovative Learning,EMS,3.7640000000000002,15
2015,31R069,P.S. 069 Daniel D. Tompkins,EMS,3.602307692307692,13
2015,84K473,Williamsburg Charter High School,HS,2.972258064516129,31
2015,31R072,I.S. 072 Rocco Laurie,EMS,3.68,22
2015,31R074,P.S. 74 Future Leaders Elementary School,EMS,3.6236363636363635,22
2015,31R075,I.S. 075 Frank D. Paulo,EMS,4.066,20
2015,31R078,P.S. 78,EMS,2.647,20
2015,31R080,The Michael J. Petrides School,EMS,3.4286363636363637,22
2015,31R440,New Dorp High School,HS,2.5955172413793104,29
2015,31R080,The Michael J. Petrides School,HS,2.98,27
2015,31R445,Port Richmond High School,HS,2.6632258064516128,31
2015,31R450,Curtis High School,HS,2.8470967741935485,31
2015,31R460,Susan E. Wagner High School,HS,3.1006666666666667,30
2015,31R470,Concord High School,HST,3.351923076923077,26
2015,75K140,P.S. K140,D75,3.8133333333333335,3
2015,31R600,Ralph R. McKee Career and Technical Education High,HS,3.004137931034483,29
2015,31R605,Staten Island Technical High School,HS,4.72,22
2015,31R607,Staten Island Yabc,YABC,3.1454545454545455,22
2015,31R861,Staten Island School of Civic Leadership,EMS,4.305833333333333,24
2015,32K045,P.S./I.S. 045 Horace E. Greene,EMS,3.1984,25
2015,32K075,P.S. 075 Mayda Cortiella,EMS,2.4835,20
2015,32K086,P.S. 086 The Irvington,EMS,2.906,20
2015,32K106,P.S. 106 Edward Everett Hale,EMS,2.718,20
2015,32K116,P.S. 116 Elizabeth L Farrell,EMS,2.792727272727273,22
2015,32K123,P.S. 123 Suydam,EMS,2.6004545454545456,22
2015,32K145,P.S. 145 Andrew Jackson,EMS,2.825,20
2015,32K151,P.S. 151 Lyndon B. Johnson,EMS,3.1545,20
2015,32K162,J.H.S. 162 The Willoughby,EMS,3.545925925925926,27
2015,32K168,The Brooklyn School for Math and Research,HS,3.565,24
2015,32K274,P.S. 274 Kosciusko,EMS,2.5965,20
2015,32K299,P.S. 299 Thomas Warren Field,EMS,3.382222222222222,18
2015,32K347,I.S. 347 School of Humanities,EMS,3.2572,25
2015,32K349,"I.S. 349 Math, Science & Tech.",EMS,3.2412,25
2015,32K376,P.S. 376,EMS,3.4705555555555554,18
2015,75K141,P.S. K141,D75,3.3433333333333333,3
2015,32K377,P.S. 377 Alejandrina B. De Gautier,EMS,2.7814814814814817,27
2015,32K383,J.H.S. 383 Philippa Schuyler,EMS,3.410625,16
2015,32K384,P.S. /I.S. 384 Frances E. Carter,EMS,2.9544,25
2015,32K403,Academy for Environmental Leadership,HS,3.1636666666666664,30
2015,32K545,EBC High School for Public Service - Bushwick,HS,3.1934375,32
2015,32K549,Bushwick School for Social Justice,HS,3.2616129032258065,31
2015,32K552,Academy of Urban Planning,HS,2.9941935483870967,31
2015,32K554,All City Leadership Secondary School,EMS,4.5176923076923075,13
2015,32K554,All City Leadership Secondary School,HS,3.6195454545454546,22
2015,32K556,Bushwick Leaders High School for Academic Excellen,HS,2.955806451612903,31
2015,84X258,Tech International Charter School,EMS,2.8660869565217393,23
2015,32K562,Evergreen Middle School for Urban Exploration,EMS,3.1107407407407406,27
2015,32K564,Bushwick Community High School,HST,3.5596428571428573,28
2015,75K004,P.S. K004,D75,3.6333333333333333,3
2015,75K036,P.S. 36,D75,3.2933333333333334,3
2015,75K053,P.S. K053,D75,3.3966666666666665,3
2015,75K231,P.S. K231,D75,3.5766666666666667,3
2015,75K368,P.S. 368,D75,3.75,3
2015,75K369,P.S. K369 - Coy L. Cox School,D75,3.44,3
2015,75K370,P.S. 370,D75,3.1333333333333333,3
2015,75K371,P.S. 371 - Lillian L. Rashkis,D75,3.2466666666666666,3
2015,75K372,P.S. 372 -The Children's School,D75,3.3966666666666665,3
2015,75K373,P.S. 373 - Brooklyn Transition Center,D75,3.1,3
2015,75K396,P.S. K396,D75,2.79,3
2015,75K721,P.S. K721 - Brooklyn Occupational Training Center,D75,2.69,3
2015,75K753,P.S. K753 - School for Career Development,D75,2.466666666666667,3
2015,75K771,P.S. K771,D75,3.1433333333333335,3
2015,75K811,P.S. K811 Connie Lekas School,D75,2.1233333333333335,3
2015,75M035,P.S. 035,D75,4.003333333333334,3
2015,75M079,P.S. M079 - Horan School,D75,2.7933333333333334,3
2015,75M094,P.S. M094,D75,3.3433333333333333,3
2015,75M138,P.S. 138,D75,2.8966666666666665,3
2015,75M169,P.S. M169 - Robert F. Kennedy,D75,3.546666666666667,3
2015,75M226,P.S. M226,D75,3.22,3
2015,75M401,Hospital Schools,D75,2.0066666666666664,3
2015,75M721,P.S. M721 - Manhattan Occupational Training Center,D75,2.36,3
2015,75M751,Manhattan School for Career Development,D75,3.046666666666667,3
2015,75M811,P.S. M811 - Mickey Mantle School,D75,3.663333333333333,3
2015,75Q004,P.S. Q004,D75,3.57,3
2015,75Q009,P.S. 009,D75,3.3266666666666667,3
2015,75Q023,P.S. Q023 @ Queens Children Center,D75,4.133333333333334,3
2015,75Q075,Robert E. Peary School,D75,3.18,3
2015,75Q177,P.S. Q177,D75,2.75,3
2015,75Q224,P.S. Q224,D75,3.7066666666666666,3
2015,75Q233,P.S. Q233,D75,2.4366666666666665,3
2015,75Q255,P.S. Q255,D75,2.9966666666666666,3
2015,75Q256,P.S. Q256,D75,3.4266666666666667,3
2015,75Q277,The Riverview School,D75,3.54,3
2015,75Q721,John F. Kennedy Jr. School,D75,2.79,3
2015,75Q752,Queens Transition Center,D75,2.8366666666666664,3
2015,75Q811,P.S. Q811,D75,2.92,3
2015,75Q993,P.S. Q993,D75,2.7333333333333334,3
2015,75R025,South Richmond High School I.S./P.S. 25,D75,3.8266666666666667,3
2015,75R037,P.S. R037,D75,3.736666666666667,3
2015,75R373,P.S. R373,D75,3.8666666666666667,3
2015,75R721,The Richard H. Hungerford School,D75,2.99,3
2015,75X010,P.S. X010,D75,3.8266666666666667,3
2015,75X012,P.S. X012 Lewis and Clark School,D75,2.99,3
2015,75X017,P.S. X017,D75,3.3133333333333335,3
2015,75X168,P.S. 168,D75,3.566666666666667,3
2015,75X176,P.S. X176,D75,3.77,3
2015,75X186,P186X Walter J. Damrosch School,D75,3.6033333333333335,3
2015,75X188,P.S. X188,D75,3.1766666666666667,3
2015,75X352,The Vida Bogart School for All Children,D75,3.1533333333333333,3
2015,75X469,P469X - The Bronx School for Continuous Learners,D75,3.933333333333333,3
2015,75X721,P.S. X721 - Stephen McSweeney School,D75,2.2466666666666666,3
2015,75X723,P.S. 723,D75,4.1466666666666665,3
2015,75X754,J. M. Rapport School Career Development,D75,2.3766666666666665,3
2015,75X811,P.S. X811,D75,2.5366666666666666,3
2015,84K357,KIPP AMP Charter School,HS,4.019583333333333,24
2015,84K333,Explore Exceed Charter School,EMS,2.2676470588235293,17
2015,84K355,Williamsburg Collegiate Charter School,EMS,4.622608695652174,23
2015,84K355,Williamsburg Collegiate Charter School,HS,3.579047619047619,21
2015,84K356,Achievement First Crown Heights Charter School,EMS,3.878,20
2015,84K356,Achievement First Crown Heights Charter School,HS,3.330416666666667,24
2015,84K357,KIPP AMP Charter School,EMS,3.6115,20
2015,84K358,Achievement First East New York Charter School,EMS,3.113684210526316,19
2015,84K358,Achievement First East New York Charter School,HS,2.2846153846153845,13
2015,84K359,The Uft Charter School,HS,2.9179310344827587,29
2015,84K360,Launch Expeditionary Learning Charter School,EMS,3.0322727272727272,22
2015,84K362,Hellenic Classical Charter School,EMS,4.22,16
2015,84K367,Success Academy Charter School - Bed-Stuy 1,EMS,4.927272727272728,11
2015,84K379,Explore Excel Charter School,EMS,2.908333333333333,18
2015,84K386,Invictus Preparatory Charter School,EMS,2.930555555555556,18
2015,84K395,Roads Charter School I,HST,2.131,10
2015,84K406,Teaching Firms of America-Professional Preparatory,EMS,3.27875,16
2015,84K417,Urban Dove Charter School,HST,2.2528571428571427,7
2015,84K486,New Dawn Charter High School,HST,3.566153846153846,26
2015,84K508,Achievement First Endeavor Charter School,EMS,4.088947368421053,19
2015,84K508,Achievement First Endeavor Charter School,HS,3.323,20
2015,84K517,Leadership Prep Bedford Stuyvesant Uncommon Prep C,EMS,4.280555555555556,18
2015,84K536,Community Roots Charter School,EMS,3.0993333333333335,15
2015,84K538,Achievement First Bushwick Charter School,EMS,4.107142857142858,21
2015,84K538,Achievement First Bushwick Charter School,HS,2.755625,16
2015,84K593,Excellence Boys Charter School,EMS,3.9393333333333334,15
2015,84K593,Excellence Boys Charter School,HS,2.7942857142857145,7
2015,84K608,Kings Collegiate Charter School,EMS,4.341,20
2015,84K608,Kings Collegiate Charter School,HS,3.3693750000000002,16
2015,84K626,Achievement First Brownsville Charter School,EMS,3.5573684210526317,19
2015,84K648,Bedford Stuyvesant Collegiate -Uncommon Collegiate,EMS,4.090909090909091,22
2015,84K648,Bedford Stuyvesant Collegiate -Uncommon Collegiate,HS,3.1141176470588237,17
2015,84K649,La Cima Charter School,EMS,2.86,16
2015,84K651,PAVE Academy Charter School,EMS,3.6705555555555556,18
2015,84K652,Brooklyn Ascend Charter School,EMS,3.4045,20
2015,84K680,Achievement First Aspire Charter School,EC,4.28,2
2015,84K689,Citizens of the World Charter School 1 Williamsbur,EC,2.83,2
2015,84K692,Citizens of the World Charter School New York 2 Cr,EC,2.81,2
2015,84K693,Northside Charter High School,HS,3.7493103448275864,29
2015,84K701,Brooklyn Charter School,EMS,3.728666666666667,15
2015,84K702,Community Partnership Charter School,EMS,2.465333333333333,15
2015,84K703,Beginning With Children Charter School,EMS,2.69,22
2015,84K704,Explore Charter School,EMS,2.2385,20
2015,84K707,Brooklyn Prospect Charter School,EMS,4.025263157894737,19
2015,84K707,Brooklyn Prospect Charter School,HS,2.9233333333333333,24
2015,84K710,Brownsville Collegiate Charter School,EMS,3.5672727272727274,22
2015,84K710,Brownsville Collegiate Charter School,HS,3.3125,12
2015,84K711,Leadership Preparatory Brownsville Charter School,EMS,4.386428571428572,14
2015,84K712,Excellence Girls Charter School,EMS,4.31,10
2015,84K724,Leadership Prep Canarsie Charter School (Leadershi,EMS,4.351875,16
2015,84K726,Fahari Academy Charter School,EMS,3.1255555555555556,18
2015,84K730,Summit Academy Charter School,EMS,3.513157894736842,19
2015,84K730,Summit Academy Charter School,HS,2.1289473684210525,19
2015,84K731,Brooklyn Excelsior Charter School,EMS,3.1645454545454546,22
2015,84K733,"Math, Engineering, and Science Academy Charter Hig",HS,4.390769230769231,13
2015,84K736,New American Academy Charter School,EC,2.56,2
2015,84K737,Brownsville Ascend Charter School,EMS,3.2342857142857144,14
2015,84K738,New Visions Charter High School for Advanced Math,HS,3.8728571428571428,14
2015,84K739,New Visions Charter High School for the Humanities,HS,2.822142857142857,14
2015,84K740,Brooklyn Scholars Charter School,EMS,3.1945,20
2015,84K741,Success Academy Crown Heights (Brooklyn 7),EC,1.0,1
2015,84K742,Explore Empower Charter School,EMS,2.6747619047619047,21
2015,84K744,Coney Island Preparatory Public Charter School,EMS,4.0865,20
2015,84K744,Coney Island Preparatory Public Charter School,HS,4.235,14
2015,84K746,Hebrew Language Academy Charter School,EMS,3.1253333333333333,15
2015,84K752,Success Academy Fort Greene (Brooklyn 5),EC,1.4,1
2015,84K756,Success Academy Prospect Heights (Brooklyn 6),EC,2.3,1
2015,84K757,Unity Prep Charter School,EMS,3.0873913043478263,23
2015,84K758,Brooklyn Urban Garden Charter School,EMS,3.831,20
2015,84K759,Canarsie Ascend Charter School,EC,3.55,2
2015,84K769,Hyde Leadership Charter School- Brooklyn,EMS,3.5605882352941176,17
2015,84K772,Success Academy Charter School - Bensonhurst - New,EC,3.87,1
2015,84K774,Achievement First Apollo Charter School,EMS,3.664,15
2015,84K775,Leadership Preparatory Ocean Hill Charter School,EMS,4.53,11
2015,84K777,Ocean Hill Collegiate Charter School,EMS,3.452272727272727,22
2015,84K777,Ocean Hill Collegiate Charter School,HS,3.5628571428571427,7
2015,84K780,Brooklyn East Collegiate Charter School,EMS,4.357,20
2015,84K780,Brooklyn East Collegiate Charter School,HS,4.12,9
2015,84K781,Success Academy Charter School - Bergen Beach - Ne,EC,3.03,1
2015,84K782,Bedford Stuyvesant New Beginnings Charter School,EMS,2.9455555555555555,18
2015,84M068,KIPP Washington Heights Middle School,EMS,3.848181818181818,22
2015,84K784,Achievement First North Brooklyn Prep Charter Scho,EC,3.825,2
2015,84K785,Imagine Me Leadership Charter School,EMS,4.210666666666667,15
2015,84K788,Achievement First Linden Elementary School,EC,4.9350000000000005,2
2015,84K789,Compass Charter School,EC,2.75,1
2015,84K790,Central Brooklyn Ascend Charter School,EC,3.635,2
2015,84K791,Brooklyn Dreams Charter School,EMS,3.197142857142857,21
2015,84K792,The Cultural Arts Academy at Spring Creek Charter,EMS,2.8430769230769233,13
2015,84K793,Bushwick Ascend Charter School,EMS,3.496,20
2015,84K796,Lefferts Gardens Charter School,EMS,2.686,15
2015,84K797,New Hope Academy Charter School,EMS,2.945333333333333,15
2015,84K803,Brooklyn LAB�Charter School,EMS,4.391176470588236,17
2015,84M065,Democracy Prep Endurance Charter School,EMS,4.035384615384616,26
2015,84M168,East Harlem Scholars Academy Charter School II,EC,3.17,2
2015,84M170,Success Academy Hell's Kitchen (Manhattan 2),EC,2.5,1
2015,84M174,Success Academy Union Square (Manhattan 1),EC,2.9,1
2015,84M186,Harlem Hebrew Language Charter School,EC,2.825,2
2015,84M202,Great Oaks Charter School,EMS,4.117,20
2015,84M265,Success Academy Charter School - Washington Height,EC,3.4,1
2015,84M279,The Opportunity Charter School,EMS,2.452,25
2015,84M279,The Opportunity Charter School,HS,3.1973333333333334,30
2015,84M284,Harlem Children's Zone Promise Academy 1 Charter S,EMS,4.201818181818182,22
2015,84M284,Harlem Children's Zone Promise Academy 1 Charter S,HS,3.256666666666667,21
2015,84M320,Manhattan Charter School,EMS,3.9653846153846155,13
2015,84M329,Harlem Link Charter School,EMS,2.886923076923077,13
2015,84M330,Girls Preparatory Charter School of New York,EMS,3.7921428571428573,14
2015,84M335,Harlem Village Academy Leadership Charter School,EMS,3.126470588235294,17
2015,84M335,Harlem Village Academy Leadership Charter School,HS,3.432857142857143,21
2015,84M336,KIPP Infinity Charter School,EMS,4.105833333333333,24
2015,84M336,KIPP Infinity Charter School,HS,3.9430434782608694,23
2015,84M337,New York Center for Autism Charter School,D75,1.0,2
2015,84M341,Harlem Children's Zone Promise Academy II Charter,EMS,4.503888888888889,18
2015,84M341,Harlem Children's Zone Promise Academy II Charter,HS,3.9892307692307694,13
2015,84M350,Democracy Prep Charter School,EMS,4.045416666666667,24
2015,84M350,Democracy Prep Charter School,HS,3.332173913043478,23
2015,84M351,Success Academy Charter School - Harlem 1,EMS,4.228,10
2015,84M353,New Heights Academy Charter School,EMS,3.1804,25
2015,84M353,New Heights Academy Charter School,HS,3.949666666666667,30
2015,84M382,DREAM Charter School,EMS,4.343913043478261,23
2015,84M384,Success Academy Charter School - Harlem 2,EMS,4.697777777777778,9
2015,84M385,Success Academy Charter School - Harlem 3,EMS,4.564444444444445,9
2015,84M386,Success Academy Charter School - Harlem 4,EMS,4.655,10
2015,84M388,St. HOPE Leadership Academy Charter School,EMS,2.6532,25
2015,84M430,The Equity Project Charter School (TEP),EMS,3.8328,25
2015,84M433,Renaissance Charter High School for Innovation,HS,2.766451612903226,31
2015,84M478,Inwood Academy for Leadership Charter School,EMS,3.5756,25
2015,84M481,Democracy Prep Harlem Charter School,EMS,3.8537037037037036,27
2015,84M481,Democracy Prep Harlem Charter School,HS,2.810714285714286,14
2015,84M482,Success Academy Charter School - Harlem 5,EMS,4.693333333333333,12
2015,84M704,Harbor Science and Arts Charter School,EMS,3.230625,16
2015,84M483,New York French American Charter School,EMS,3.935,18
2015,84M518,East Harlem Scholars Academy Charter School,EMS,4.418461538461538,13
2015,84M523,Success Academy Charter School - Upper West,EMS,4.662222222222223,9
2015,84M702,Sisulu-Walker Charter School of Harlem,EMS,3.765,14
2015,84M705,Amber Charter School,EMS,3.5354545454545456,11
2015,84M707,John V. Lindsay Wildcat Academy Charter School,HST,3.2062962962962964,27
2015,84M708,Harlem Prep Charter School,EMS,3.8492307692307692,26
2015,84M709,Harlem Village Academy Charter School,EMS,3.2173333333333334,15
2015,84M709,Harlem Village Academy Charter School,HS,3.207222222222222,18
2015,84M726,KIPP STAR College Prep Charter School,EMS,3.912727272727273,22
2015,84M726,KIPP STAR College Prep Charter School,HS,4.0042857142857144,28
2015,84M861,Future Leaders Institute Charter School,EMS,3.3205,20
2015,84Q083,Central Queens Academy Charter School,EMS,4.485333333333333,15
2015,84Q170,Peninsula Preparatory Academy Charter School,EMS,3.179333333333333,15
2015,84Q304,VOICE Charter School of New York,EMS,3.433529411764706,17
2015,84Q298,Middle Village Prep Charter School,EMS,3.5776470588235294,17
2015,84Q321,Growing Up Green Charter School,EMS,3.3652941176470588,17
2015,84Q337,Success Academy Charter School - Rosedale - New Yo,EC,4.99,1
2015,84Q339,Success Academy Charter School - Springfield Garde,EC,2.8,1
2015,84Q340,Challenge Preparatory Charter School,EMS,2.987857142857143,14
2015,84X185,Bronx Lighthouse Charter School,HS,3.4226923076923077,26
2015,84Q341,Riverton Street Charter School,EMS,2.754736842105263,19
2015,84Q342,Rochdale Early Advantage Charter School,EMS,4.092941176470588,17
2015,84Q359,Academy of the City Charter School,EMS,4.068666666666667,15
2015,84Q704,Merrick Academy - Queens Public Charter School,EMS,2.9186666666666667,15
2015,84Q705,Renaissance Charter School,EMS,3.703181818181818,22
2015,84Q705,Renaissance Charter School,HS,3.297857142857143,28
2015,84Q706,Our World Neighborhood Charter School,EMS,3.5452631578947367,19
2015,84R067,John W. Lavelle Preparatory Charter School,EMS,4.117083333333333,24
2015,84R067,John W. Lavelle Preparatory Charter School,HS,3.3205555555555555,18
2015,84R071,Staten Island Community Charter School,EMS,4.074666666666666,15
2015,84R073,New World Preparatory Charter School,EMS,4.1388,25
2015,84X133,Icahn Charter School 6,EMS,4.13375,8
2015,84X165,Grand Concourse Charter School,EMS,3.584,15
2015,84X177,Mott Hall Charter School,EMS,3.26,21
2015,84X185,Bronx Lighthouse Charter School,EMS,2.7621052631578946,19
2015,84X200,ROADS Charter School II,HST,2.283333333333333,15
2015,84X202,New Visions Charter High School for Advanced Math,HS,3.9948,25
2015,84X208,New Visions Charter High School for the Humanities,HS,3.05,26
2015,84X255,Bronx Charter School for Excellence,EMS,4.098571428571429,14
2015,84X419,Bronx Academy of Promise Charter School,EMS,3.7952631578947367,19
2015,84X309,South Bronx Charter School for International Cultu,EMS,3.702666666666667,15
2015,84X345,Hyde Leadership Charter School,EMS,3.5992,25
2015,84X345,Hyde Leadership Charter School,HS,3.908,30
2015,84X346,South Bronx Classical Charter School,EMS,4.8375,16
2015,84X471,American Dream Charter School,EMS,4.42375,16
2015,84X347,International Leadership Charter High School,HS,2.8210714285714285,28
2015,84X364,South Bronx Classical Charter School II,EC,3.945,2
2015,84X378,Icahn Charter School 2,EMS,3.4915384615384615,13
2015,84X380,Success Academy Charter School - Bronx 3,EC,2.45,1
2015,84X387,Brilla College Prep Charter School,EC,3.46,2
2015,84X389,Bronx Global Learning Institute for Girls Charter,EMS,3.2375,16
2015,84X393,University Prep Charter High School,HS,4.397142857142858,28
2015,84X394,Mott Haven Academy Charter School,EMS,4.26625,16
2015,84X395,"NYC Charter High School for Architecture, Engineer",HS,3.9158064516129034,31
2015,84X398,Bronx Community Charter School,EMS,2.15,19
2015,84X407,Bronx Charter School for Children,EMS,4.116666666666667,18
2015,84X422,Icahn Charter School 3,EMS,4.266875,16
2015,84X461,Metropolitan Lighthouse Charter School,EMS,3.065294117647059,17
2015,84X464,Success Academy Charter School - Bronx 4 - New Yor,EC,2.8,1
2015,84X465,Boys Preparatory Charter School of New York,EC,2.73,2
2015,84X472,Family Life Academy Charter School III,EC,3.61,2
2015,84X482,Dr. Richard Izquierdo Health and Science Charter S,EMS,3.718695652173913,23
2015,84X482,Dr. Richard Izquierdo Health and Science Charter S,HS,4.478571428571429,14
2015,84X487,Girls Preparatory Charter School of the Bronx,EMS,3.4107142857142856,14
2015,84X488,The Equality Charter School,EMS,3.5568181818181817,22
2015,84X488,The Equality Charter School,HS,3.601818181818182,11
2015,84X491,Academic Leadership Charter School,EMS,4.363333333333333,18
2015,84X493,Success Academy Charter School - Bronx 1,EMS,4.280909090909091,11
2015,84X494,Success Academy Charter School - Bronx 2,EMS,4.162,10
2015,84X496,Icahn Charter School 4,EMS,4.208181818181818,11
2015,84X538,Icahn Charter School 5,EMS,4.36,11
2015,84X539,New Visions Charter High School for Advanced Math,HS,3.310769230769231,26
2015,84X553,New Visions Charter High School for the Humanities,HS,3.2426923076923075,26
2015,84X554,New York City Montessori Charter School,EMS,2.7776190476190474,21
2015,84X703,Bronx Preparatory Charter School,EMS,3.3425,24
2015,84X703,Bronx Preparatory Charter School,HS,3.3320689655172413,29
2015,84X704,KIPP Academy Charter School,EMS,3.8832,25
2015,84X704,KIPP Academy Charter School,HS,3.9025,24
2015,84X705,Family Life Academy Charter School,EMS,3.606086956521739,23
2015,84X706,Harriet Tubman Charter School,EMS,3.93375,16
2015,84X717,Icahn Charter School,EMS,3.065625,16
2015,84X718,Bronx Charter School for Better Learning,EMS,3.796,15
2015,84X730,Bronx Charter School for the Arts,EMS,4.308,15
2023,01M140,P.S. 140 Nathan Straus,EMS,2.3195833333333336,24
2023,01M020,P.S. 020 Anna Silver,EMS,1.8233333333333333,12
2023,01M034,P.S. 034 Franklin D. Roosevelt,EMS,2.56,21
2023,01M184,P.S. 184m Shuang Wen,EMS,4.10952380952381,21
2023,01M064,P.S. 064 Robert Simon,EMS,2.41,11
2023,01M188,P.S. 188 The Island School,EMS,3.5868,25
2023,01M134,P.S. 134 Henrietta Szold,EMS,2.2422222222222223,9
2023,01M063,The STAR Academy - P.S.63,EMS,2.40125,8
2023,01M110,P.S. 110 Florence Nightingale,EMS,3.2072727272727275,11
2023,01M142,P.S. 142 Amalia Castro,EMS,2.828,10
2023,01M015,P.S. 015 Roberto Clemente,EMS,3.469090909090909,11
2023,01M292,Orchard Collegiate Academy,HS,3.272173913043478,23
2023,01M332,University Neighborhood Middle School,EMS,3.5136363636363637,22
2023,01M450,East Side Community School,EMS,2.906,20
2023,01M448,University Neighborhood High School,HS,4.800416666666667,24
2023,01M378,School for Global Leaders,EMS,3.1121739130434785,23
2023,01M315,The East Village Community School,EMS,3.6158333333333332,12
2023,01M361,The Children's Workshop School,EMS,2.36,14
2023,01M364,Earth School,EMS,2.474,5
2023,01M363,Neighborhood School,EMS,2.8533333333333335,3
2023,01M450,East Side Community School,HS,4.524705882352941,17
2023,01M515,Lower East Side Preparatory High School,HST,4.374583333333334,24
2023,01M458,Forsyth Satellite Academy,HST,3.4466666666666668,18
2023,01M650,Cascades High School,HST,3.327826086956522,23
2023,01M696,Bard High School Early College,HS,4.548571428571429,21
2023,01M539,"New Explorations into Science, Technology and Math High School",EMS,4.3405555555555555,18
2023,01M539,"New Explorations into Science, Technology and Math High School",HS,4.746190476190476,21
2023,02M001,P.S. 001 Alfred E. Smith,EMS,2.6064285714285713,14
2023,02M011,P.S. 011: The Sarah J. Garnet Elementary School,EMS,3.9553333333333334,15
2023,02M047,47 The American Sign Language and English Secondary School,HS,4.082272727272727,22
2023,01M839,Tompkins Square Middle School,EMS,3.2668181818181816,22
2023,02M006,P.S. 006 Lillie D. Blake,EMS,4.452,10
2023,02M033,P.S. 033 Chelsea Prep,EMS,2.7105882352941175,17
2023,02M003,P.S. 003 Charrette School,EMS,3.845,14
2023,02M042,P.S. 042 Benjamin Altman,EMS,4.103571428571429,14
2023,02M040,P.S. 040 Augustus Saint-Gaudens,EMS,4.372727272727273,11
2023,02M002,P.S. 002 Meyer London,EMS,3.5484615384615386,13
2023,02M041,P.S. 041 Greenwich Village,EMS,4.568888888888889,9
2023,02M051,P.S. 051 Elias Howe,EMS,2.9042857142857144,14
2023,02M111,P.S. 111 Adolph S. Ochs,EMS,2.2142857142857144,14
2023,02M114,East Side Middle School,EMS,4.4395,20
2023,02M104,J.H.S. 104 Simon Baruch,EMS,4.142857142857143,21
2023,02M116,P.S. 116 Mary Lindley Murray,EMS,3.133,10
2023,02M126,P.S. 126 Jacob August Riis,EMS,3.5604545454545455,22
2023,02M059,P.S. 059 Beekman Hill International,EMS,4.338461538461538,13
2023,02M130,P.S. 130 Hernando De Soto,EMS,3.572142857142857,14
2023,02M124,P.S. 124 Yung Wing,EMS,4.460833333333333,12
2023,02M089,P.S. 89,EMS,4.604,10
2023,02M077,P.S. 77 Lower Lab School,EMS,4.88,6
2023,02M158,P.S. 158 Bayard Taylor,EMS,4.4525,12
2023,02M131,M.S. 131,EMS,3.0852,25
2023,02M135,The Urban Assembly School for Emergency Management,HS,3.1104545454545454,22
2023,02M139,Stephen T. Mather Building Arts & Craftsmanship High School,HS,2.391304347826087,23
2023,02M167,J.H.S. 167 Robert F. Wagner,EMS,4.3204,25
2023,02M151,Yorkville Community School,EMS,3.4681818181818183,11
2023,02M150,P.S. 150,EMS,4.9725,4
2023,02M198,P.S. 198 Isador E. Ida Straus,EMS,3.28,12
2023,02M217,P.S./I.S. 217 Roosevelt Island,EMS,3.7061904761904763,21
2023,02M225,Ella Baker School,EMS,2.7644444444444445,18
2023,02M255,M.S. 255 Salk School of Science,EMS,4.520555555555555,18
2023,02M183,P.S. 183 Robert L. Stevenson,EMS,4.605833333333334,12
2023,02M177,Yorkville East Middle School,EMS,4.479444444444445,18
2023,02M260,The Clinton School,EMS,4.419411764705882,17
2023,02M234,P.S. 234 Independence School,EMS,4.296,10
2023,02M212,P.S. 212 Midtown West,EMS,2.938,10
2023,02M260,The Clinton School,HS,4.7595238095238095,21
2023,02M276,Battery Park City School,EMS,3.685714285714286,21
2023,02M289,I.S. 289,EMS,4.298571428571429,21
2023,02M282,Urban Assembly Maker Academy,HS,3.463913043478261,23
2023,02M280,Manhattan Early College School for Advertising,HS,3.172608695652174,23
2023,02M267,"East Side Elementary School, PS 267",EMS,4.619,10
2023,02M288,Food and Finance High School,HS,3.5252173913043476,23
2023,02M281,The River School,EMS,4.280833333333334,12
2023,02M297,M.S. 297,EMS,2.541304347826087,23
2023,02M296,High School of Hospitality Management,HS,2.3381818181818184,22
2023,02M290,P.S. 290 Manhattan New School,EMS,4.356,10
2023,02M298,Pace High School,HS,2.2245833333333334,24
2023,02M294,Essex Street Academy,HS,3.8044444444444445,18
2023,02M300,"Urban Assembly School of Design and Construction, The",HS,2.950869565217391,23
2023,02M316,"Urban Assembly School of Business for Young Women, the",HS,2.298,15
2023,02M305,"Urban Assembly Academy of Government and Law, The",HS,3.400909090909091,22
2023,02M313,"James Baldwin School, The: A School for Expeditionary Learning",HST,3.671764705882353,17
2023,02M308,Lower Manhattan Arts Academy,HS,2.2308695652173913,23
2023,02M312,New York City Lab Middle School for Collaborative Studies,EMS,4.5375,20
2023,02M303,"Facing History School, The",HS,3.517058823529412,17
2023,02M340,Sixth Avenue Elementary School,EMS,3.884,10
2023,02M343,The Peck Slip School,EMS,3.229090909090909,11
2023,02M374,Gramercy Arts High School,HS,3.7982608695652176,23
2023,02M392,Manhattan Business Academy,HS,3.69125,24
2023,02M376,NYC iSchool,HS,4.640454545454546,22
2023,02M393,Business Of Sports School,HS,2.719130434782609,23
2023,02M347,The 47 American Sign Language & English Lower School,EMS,2.89,19
2023,02M394,Emma Lazarus High School,HST,4.0865217391304345,23
2023,02M399,The High School For Language And Diplomacy,HS,2.768,20
2023,02M400,High School for Environmental Studies,HS,3.66875,24
2023,02M395,A School Without Walls,HS,3.5866666666666664,9
2023,02M397,Spruce Street School,EMS,3.8478947368421053,19
2023,03M180,P.S. 180 Hugo Newman,EMS,2.4608695652173913,23
2023,02M408,Professional Performing Arts High School,EMS,3.06,15
2023,02M411,Baruch College Campus High School,HS,4.802727272727273,22
2023,02M407,Institute for Collaborative Education,HS,4.538571428571428,14
2023,02M412,N.Y.C. Lab School for Collaborative Studies,HS,4.658636363636363,22
2023,02M413,School of the Future High School,EMS,3.608235294117647,17
2023,02M408,Professional Performing Arts High School,HS,4.5181818181818185,22
2023,02M407,Institute for Collaborative Education,EMS,3.6285714285714286,7
2023,09X339,I.S. 339,EMS,3.7268,25
2023,12X196,P.S. 196,EMS,2.4344444444444444,18
2023,02M414,N.Y.C. Museum School,HS,4.7695454545454545,22
2023,02M418,Millennium High School,HS,4.759090909090909,22
2023,02M420,High School for Health Professions and Human Services,HS,3.7608333333333333,24
2023,02M413,School of the Future High School,HS,4.556470588235294,17
2023,02M416,Eleanor Roosevelt High School,HS,4.763181818181819,22
2023,02M419,Landmark High School,HS,2.2244444444444444,18
2023,02M427,Manhattan Academy For Arts & Language,HS,3.0145,20
2023,02M425,Leadership and Public Service High School,HS,2.9718181818181817,22
2023,02M422,Quest to Learn,HS,2.2708695652173914,23
2023,02M422,Quest to Learn,EMS,2.1925,20
2023,02M437,Hudson High School of Learning Technologies,HS,3.42,22
2023,02M439,Manhattan Village Academy,HS,4.62047619047619,21
2023,02M438,International High School at Union Square,HS,3.8433333333333333,18
2023,02M432,Murray Hill Academy,HS,2.837727272727273,22
2023,02M449,Vanguard High School,HS,3.18,18
2023,02M442,"Ballet Tech, NYC Public School for Dance",EMS,4.306153846153846,13
2023,02M475,Stuyvesant High School,HS,4.8028571428571425,21
2023,02M500,Unity Center for Urban Technologies,HS,3.9472727272727273,22
2023,02M507,Urban Assembly Gateway School for Technology,HS,4.136086956521739,23
2023,02M459,Manhattan International High School,HS,3.818235294117647,17
2023,02M489,High School of Economics and Finance,HS,3.550869565217391,23
2023,02M520,Murry Bergtraum High School for Business Careers,HS,2.344375,16
2023,02M519,Talent Unlimited High School,HS,4.15,23
2023,02M527,P.S. 527 - East Side School for Social Action,EMS,4.391111111111111,9
2023,02M531,Repertory Company High School for Theatre Arts,HS,4.350909090909091,22
2023,02M529,Jacqueline Kennedy Onassis High School,HS,2.7390909090909092,22
2023,02M542,Manhattan Bridges High School,HS,4.6982608695652175,23
2023,02M545,High School for Dual Language and Asian Studies,HS,4.725909090909091,22
2023,02M544,Independence High School,HST,2.9104,25
2023,02M533,Union Square Academy for Health Sciences,HS,3.7763636363636364,22
2023,02M534,Harvest Collegiate High School,HS,2.8744444444444444,18
2023,02M543,New Design High School,HS,3.2313043478260868,23
2023,02M550,Liberty High School Academy for Newcomers,HST,3.5377272727272726,22
2023,02M546,Academy for Software Engineering,HS,3.1365217391304347,23
2023,02M575,Manhattan Comprehensive Night and Day High School,HST,3.2472,25
2023,02M565,Urban Academy Laboratory High School,HST,4.397,10
2023,02M570,Satellite Academy High School,HST,2.987058823529412,17
2023,02M551,Urban Assembly New York Harbor School,HS,3.207826086956522,23
2023,02M560,High School M560 - City As School,HST,3.69,19
2023,02M580,Richard R. Green High School of Teaching,HS,2.9904545454545453,22
2023,02M600,The High School of Fashion Industries,HS,3.7633333333333336,24
2023,02M605,Humanities Preparatory Academy,HS,4.156875,16
2023,02M586,Harvey Milk High School,HST,3.3691666666666666,12
2023,03M009,P.S. 009 Sarah Anderson,EMS,4.599166666666667,12
2023,02M615,Chelsea Career and Technical Education High School,HS,3.472608695652174,23
2023,03M054,J.H.S. 054 Booker T. Washington,EMS,4.034583333333333,24
2023,02M630,Art and Design High School,HS,4.52695652173913,23
2023,02M896,Lower Manhattan Community Middle School,EMS,4.022857142857143,21
2023,02M933,City Knoll Middle School,EMS,2.078,20
2023,02M655,The High School for Climate Justice,HS,2.232608695652174,23
2023,03M075,P.S. 075 Emily Dickinson,EMS,3.1238888888888887,18
2023,03M165,P.S. 165 Robert E. Simon,EMS,2.90875,16
2023,03M087,P.S. 087 William Sherman,EMS,4.245384615384616,13
2023,03M149,P.S. 149 Sojourner Truth,EMS,2.29,23
2023,03M185,The Locke School of Arts and Engineering,EMS,2.5835714285714286,14
2023,03M076,P.S. 076 A. Philip Randolph,EMS,2.629090909090909,22
2023,03M084,P.S. 084 Lillian Weber,EMS,3.73375,16
2023,03M166,P.S. 166 The Richard Rodgers School of The Arts and Technology,EMS,4.560909090909091,11
2023,03M145,"P.S. 145, The Bloomingdale School",EMS,1.978888888888889,18
2023,03M163,P.S. 163 Alfred E. Smith,EMS,2.5028571428571427,14
2023,03M191,The Riverside School for Makers and Artists,EMS,1.9176,25
2023,03M247,M.S. M247 Dual Language Middle School,EMS,3.914761904761905,21
2023,03M199,P.S. 199 Jessie Isador Straus,EMS,4.105714285714286,14
2023,03M242,P.S. 242 - The Young Diplomats Magnet Academy,EMS,2.0833333333333335,6
2023,03M256,Lafayette Academy,EMS,3.251,20
2023,03M243,M.S. 243 Center School,EMS,4.358888888888889,18
2023,03M258,Community Action School - MS 258,EMS,2.900909090909091,22
2023,03M245,M.S. M245 The Computer School,EMS,4.4795454545454545,22
2023,03M241,STEM Institute of Manhattan,EMS,2.4385714285714286,7
2023,03M291,West End Secondary School,EMS,4.3585714285714285,21
2023,03M291,West End Secondary School,HS,4.689047619047619,21
2023,03M333,P.S. 333 Manhattan School for Children,EMS,2.997272727272727,22
2023,03M299,The Maxine Greene HS for Imaginative Inquiry,HS,1.9875,20
2023,03M402,The Urban Assembly School for Green Careers,HS,2.7156521739130435,23
2023,03M307,"Urban Assembly School for Media Studies, The",HS,2.900909090909091,22
2023,03M334,The Anderson School,EMS,4.29625,16
2023,03M403,The Global Learning Collaborative,HS,2.9275,24
2023,03M452,P.S. 452,EMS,3.8516666666666666,12
2023,03M417,Frank McCourt High School,HS,3.6452173913043477,23
2023,03M415,Wadleigh Secondary School for the Performing & Visual Arts,HS,4.145217391304348,23
2023,03M421,West Prep Academy,EMS,3.222,25
2023,03M415,Wadleigh Secondary School for the Performing & Visual Arts,EMS,3.1418181818181816,11
2023,03M479,Beacon High School,HS,4.107222222222222,18
2023,03M404,Innovation Diploma Plus,HST,2.7405,20
2023,03M492,"High School for Law, Advocacy and Community Justice",HS,2.788695652173913,23
2023,03M494,High School of Arts and Technology,HS,2.6895652173913045,23
2023,03M485,Fiorello H. LaGuardia High School of Music & Art and Performing Arts,HS,4.617272727272727,22
2023,03M859,Special Music School,HS,4.786666666666667,21
2023,03M610,Young Women's Leadership School,EMS,2.236666666666667,18
2023,03M610,Young Women's Leadership School,HS,4.58952380952381,21
2023,03M541,Manhattan / Hunter Science High School,HS,4.680952380952381,21
2023,03M860,Frederick Douglass Academy II Secondary School,HS,3.0631818181818184,22
2023,03M859,Special Music School,EMS,4.372727272727273,11
2023,03M860,Frederick Douglass Academy II Secondary School,EMS,3.0285714285714285,14
2023,04M096,P.S. 096 Joseph Lanzetta,EMS,2.4324,25
2023,03M862,Mott Hall II,EMS,2.3736,25
2023,04M057,James Weldon Johnson,EMS,2.4295999999999998,25
2023,04M072,The Lexington Academy,EMS,1.8412,25
2023,04M038,P.S. 38 Roberto Clemente,EMS,1.85,9
2023,04M083,P.S. 083 Luis Munoz Rivera,EMS,3.6953846153846155,13
2023,04M037,River East Elementary,EMS,2.5833333333333335,9
2023,04M102,P.S. 102 Jacques Cartier,EMS,2.1963636363636363,11
2023,04M007,P.S. 007 Samuel Stern,EMS,2.084,25
2023,04M012,Tag Young Scholars,EMS,4.319444444444445,18
2023,04M224,M.S. 224 Manhattan East School for Arts & Academics,EMS,2.849090909090909,22
2023,04M155,P.S. 155 William Paca,EMS,2.2741666666666664,12
2023,04M206,P.S. 206 Jose Celso Barbosa,EMS,2.7348,25
2023,04M146,P.S. 146 Ann M. Short,EMS,3.196111111111111,18
2023,04M108,P.S. 108 Assemblyman Angelo Del Toro Educational Complex,EMS,2.2988,25
2023,04M171,P.S. 171 Patrick Henry,EMS,4.088,20
2023,04M310,The Judith S. Kaye School,HST,3.54875,24
2023,04M182,The Bilingual Bicultural School,EMS,3.6607142857142856,14
2023,04M112,P.S. 112 Jose Celso Barbosa,EC,1.875,2
2023,04M495,Park East High School,HS,4.849565217391304,23
2023,04M375,Mosaic Preparatory Academy,EMS,2.67125,8
2023,04M377,Renaissance School of the Arts,EMS,2.9141666666666666,24
2023,04M372,Esperanza Preparatory Academy,HS,2.765,24
2023,04M435,Manhattan Center for Science and Mathematics,HS,4.75875,24
2023,04M372,Esperanza Preparatory Academy,EMS,3.453478260869565,23
2023,04M505,Edward A. Reynolds West Side High School,HST,2.8304,25
2023,04M497,Central Park East I,EMS,2.4225,4
2023,04M680,"Heritage School, The",HS,3.1952173913043476,23
2023,04M964,Central Park East II,EMS,1.987,20
2023,05M092,P.S. 092 Mary McLeod Bethune,EMS,3.009,10
2023,05M046,P.S. 046 Arthur Tappan,EMS,3.2112,25
2023,04M555,Central Park East High School,HS,4.744090909090909,22
2023,05M036,P.S. 036 Margaret Douglas,EMS,3.0,14
2023,05M030,P.S. 030 Hernandez/Hughes,EMS,2.8442857142857143,7
2023,04M825,Isaac Newton Middle School for Math & Science,EMS,2.6943478260869567,23
2023,05M123,P.S. 123 Mahalia Jackson,EMS,2.28,25
2023,05M133,P.S. 133 Fred R Moore,EMS,4.166363636363636,11
2023,05M148,Eagle Academy for Young Men of Harlem,HS,2.6504761904761907,21
2023,05M148,Eagle Academy for Young Men of Harlem,EMS,2.779333333333333,15
2023,05M125,P.S. 125 Ralph Bunche,EMS,4.075,6
2023,05M154,P.S. 154 Harriet Tubman,EMS,2.441666666666667,12
2023,05M129,P.S. 129 John H. Finley,EMS,2.3736363636363635,11
2023,05M157,The Urban Assembly School for Global Commerce,HS,2.45,23
2023,05M286,Urban Assembly Academy for Future Leaders,EMS,3.249,20
2023,05M194,P.S. 194 Countee Cullen,EMS,2.289285714285714,14
2023,05M161,P.S. 161 Pedro Albizu Campos,EMS,2.804,25
2023,05M304,Mott Hall High School,HS,3.034090909090909,22
2023,05M362,Columbia Secondary School,EMS,4.335,20
2023,05M197,P.S. 197 John B. Russwurm,EMS,2.403,10
2023,05M318,Thurgood Marshall Academy Lower School,EMS,2.601111111111111,9
2023,05M200,P.S. 200- The James McCune Smith School,EMS,2.4676470588235295,17
2023,05M285,Harlem Renaissance High School,HST,3.1083333333333334,24
2023,05M175,P.S. 175 Henry H Garnet,EMS,2.580909090909091,11
2023,05M362,Columbia Secondary School,HS,4.55,21
2023,05M514,New Design Middle School,EMS,2.4715,20
2023,05M499,Frederick Douglass Academy,EMS,2.523181818181818,22
2023,05M499,Frederick Douglass Academy,HS,2.648695652173913,23
2023,05M517,Teachers College Community School,EMS,2.4876190476190474,21
2023,05M369,Urban Assembly School for the Performing Arts,HS,2.5560869565217392,23
2023,05M670,Thurgood Marshall Academy for Learning and Social Change,HS,2.847826086956522,23
2023,05M371,School of Earth Exploration and Discovery Harlem (SEED Harlem),EMS,2.1880952380952383,21
2023,06M052,Harold O. Levy School,EMS,3.037826086956522,23
2023,05M670,Thurgood Marshall Academy for Learning and Social Change,EMS,3.4,19
2023,05M692,"High School for Mathematics, Science and Engineering at City College",HS,4.7838095238095235,21
2023,06M004,P.S. 004 Duke Ellington,EMS,3.0522222222222224,18
2023,06M005,P.S. 005 Ellen Lurie,EMS,2.686111111111111,18
2023,06M008,P.S. 008 Luis Belliard,EMS,3.191875,16
2023,06M152,P.S. 152 Dyckman Valley,EMS,2.8064705882352943,17
2023,06M028,P.S. 028 Wright Brothers,EMS,3.673888888888889,18
2023,06M115,P.S. 115 Alexander Humboldt,EMS,3.126470588235294,17
2023,06M128,P.S. 128 Audubon,EMS,2.890625,16
2023,06M098,P.S. 098 Shorac Kappock,EMS,2.6823076923076923,13
2023,06M018,P.S. 018 Park Terrace,EMS,2.6028571428571428,21
2023,06M103,Dos Puentes Elementary School,EMS,3.269375,16
2023,06M048,P.S. 048 P.O. Michael J. Buczek,EMS,2.865,18
2023,06M143,J.H.S. 143 Eleanor Roosevelt,EMS,3.369047619047619,21
2023,06M153,P.S. 153 Adam Clayton Powell,EMS,2.41375,16
2023,06M132,P.S. 132 Juan Pablo Duarte,EMS,4.279,10
2023,06M173,P.S. 173,EMS,2.265,24
2023,06M210,P.S./I.S. 210 - Twenty-first Century Academy for Community Leadership,EMS,3.701304347826087,23
2023,06M223,The Mott Hall School,EMS,4.171818181818182,22
2023,06M178,Professor Juan Bosch Public School,EMS,3.6433333333333335,12
2023,06M187,P.S./I.S. 187 Hudson Cliffs,EMS,3.7505,20
2023,06M211,Inwood Early College for Health and Information Technologies,HS,3.1360869565217393,23
2023,06M278,Paula Hedbavny School,EMS,2.792173913043478,23
2023,06M209,Hamilton Grange Middle School,EMS,2.386,25
2023,06M189,P.S. 189,EMS,3.6823076923076923,13
2023,06M192,P.S. 192 Jacob H. Schiff,EMS,4.078181818181818,11
2023,06M324,M.S. 324 - Patria Mirabal,EMS,3.3588,25
2023,06M328,Community Math & Science Prep,EMS,3.7230434782608697,23
2023,06M314,Muscota,EMS,3.673,10
2023,06M322,Middle School 322,EMS,2.756521739130435,23
2023,06M293,City College Academy of the Arts,HS,3.8356521739130436,23
2023,06M311,Amistad Dual Language School,EMS,3.9126086956521737,23
2023,06M346,Community Health Academy of the Heights,EMS,2.6932,25
2023,06M319,M.S. 319 - Maria Teresa,EMS,3.116,25
2023,06M293,City College Academy of the Arts,EMS,2.641304347826087,23
2023,06M348,Washington Heights Expeditionary Learning School,HS,3.422083333333333,24
2023,06M423,High School for Excellence and Innovation,HST,4.498260869565217,23
2023,06M462,The College Academy,HS,4.283333333333333,24
2023,06M348,Washington Heights Expeditionary Learning School,EMS,2.8743478260869564,23
2023,06M463,High School for Media and Communications,HS,3.0549999999999997,24
2023,06M368,The William Lynch School,EMS,2.916875,16
2023,06M366,Washington Heights Academy,EMS,3.9466666666666668,21
2023,06M346,Community Health Academy of the Heights,HS,2.752083333333333,24
2023,06M468,High School for Health Careers and Sciences,HS,2.9121739130434783,23
2023,06M467,High School for Law and Public Service,HS,2.7683333333333335,24
2023,06M540,A. Philip Randolph Campus High School,HS,2.287916666666667,24
2023,06M552,Gregorio Luperon High School for Science and Mathematics,HS,4.304782608695652,23
2023,07X001,P.S. 001 Courtlandt School,EMS,2.098333333333333,18
2023,06M528,I.S. 528 Bea Fuller Rodgers School,EMS,3.5569565217391306,23
2023,06M513,Castle Bridge School,EMS,3.3983333333333334,6
2023,07X031,P.S./M.S. 031 The William Lloyd Garrison,EMS,2.65,25
2023,07X025,P.S. 025 Bilingual School,EMS,3.54625,16
2023,07X030,P.S. 030 Wilton,EMS,2.7311111111111113,18
2023,07X043,P.S. 043 Jonas Bronck,EMS,2.4975,16
2023,07X049,P.S. 049 Willis Avenue,EMS,4.030555555555556,18
2023,07X029,P.S./M.S. 029 Melrose School,EMS,2.2592,25
2023,07X005,P.S. 5 Port Morris,EMS,2.7996,25
2023,07X018,P.S. 018 John Peter Zenger,EMS,2.3133333333333335,15
2023,07X223,The Laboratory School of Finance and Technology: X223,EMS,3.54,23
2023,07X221,South Bronx Preparatory: A College Board School,HS,4.0004347826086954,23
2023,07X179,P.S. 179,EMS,2.498181818181818,11
2023,07X221,South Bronx Preparatory: A College Board School,EMS,3.46,25
2023,07X065,P.S. 065 Mother Hale Academy,EMS,2.841111111111111,18
2023,07X223,The Laboratory School of Finance and Technology: X223,HS,4.66,17
2023,07X161,P.S. 161 Juan Ponce De Leon School,EMS,2.365,18
2023,07X224,P.S./I.S. 224,EMS,2.5096,25
2023,07X157,P.S. 157 Grove Hill,EMS,2.6777777777777776,18
2023,07X154,P.S. 154 Jonathan D. Hyatt,EMS,3.692857142857143,14
2023,07X296,South Bronx Academy for Applied Media,EMS,2.8379166666666666,24
2023,07X359,Concourse Village Elementary School,EMS,4.594,10
2023,07X259,"H.E.R.O. High (Health, Education, and Research Occupations High School)",HS,2.6304166666666666,24
2023,07X277,P.S. 277,EMS,2.203846153846154,13
2023,07X369,Young Leaders Elementary School,EMS,2.658571428571429,14
2023,07X379,Jill Chaifetz Transfer High School,HST,2.9415999999999998,25
2023,07X343,Academy of Applied Mathematics and Technology,EMS,4.018,25
2023,07X381,Bronx Haven High School,HST,3.72,24
2023,07X298,Academy of Public Relations,EMS,2.55,25
2023,07X334,International Community High School,HS,3.8777777777777778,18
2023,07X500,Hostos-Lincoln Academy of Science,EMS,2.53,25
2023,07X427,Community School for Social Justice,HS,2.5176470588235293,17
2023,07X500,Hostos-Lincoln Academy of Science,HS,3.540952380952381,21
2023,07X495,University Heights Secondary School,HS,4.843333333333334,18
2023,07X473,Mott Haven Village Preparatory High School,HS,2.462727272727273,22
2023,08X119,The Dr. Emmett W. Bassett School,EMS,2.856470588235294,17
2023,07X522,Bronx Design and Construction Academy,HS,2.6682608695652172,23
2023,07X551,The Urban Assembly Bronx Academy of Letters,HS,2.9679166666666665,24
2023,07X527,Bronx Leadership Academy II High School,HS,3.7279166666666668,24
2023,07X557,Mott Haven Community High School,HST,4.3260000000000005,25
2023,07X551,The Urban Assembly Bronx Academy of Letters,EMS,2.08375,24
2023,07X584,I.S. 584,EMS,3.5964,25
2023,07X548,Careers in Sports High School,HS,2.1525,24
2023,07X600,Alfred E. Smith Career and Technical Education High School,HS,3.085,24
2023,08X036,P.S. 036 Unionport,EMS,2.861111111111111,18
2023,08X062,P.S. 062 Inocensio Casanova,EMS,2.617777777777778,18
2023,08X069,P.S. 069 Journey Prep School,EMS,2.4888235294117647,17
2023,08X071,P.S. 071 Rose E. Scala,EMS,3.0772,25
2023,07X625,Bronx Legacy High School,HS,2.281875,16
2023,08X072,P.S. 072 Dr. William Dorney,EMS,2.421111111111111,18
2023,07X670,Health Opportunities High School,HS,2.4372727272727275,22
2023,08X048,P.S. 048 Joseph R. Drake,EMS,2.2844444444444445,18
2023,08X014,P.S. X014 Senator John Calandra,EMS,3.0077777777777777,18
2023,08X075,P.S. 75 School of Research and Discovery,EMS,3.212222222222222,18
2023,08X107,P.S. 107,EMS,2.917777777777778,18
2023,08X123,J.H.S. 123 James M. Kieran,EMS,2.374814814814815,27
2023,08X101,M.S. X101 Edward R. Byrne,EMS,3.9656000000000002,25
2023,08X100,P.S. 100 Isaac Clason,EMS,2.252222222222222,18
2023,08X093,P.S. 093 Albert G. Oliver,EMS,2.904166666666667,12
2023,08X130,P.S. 130 Abram Stevens Hewitt,EMS,3.366875,16
2023,08X182,P.S. 182,EMS,2.312777777777778,18
2023,08X282,Women's Academy of Excellence,HS,2.3336363636363635,22
2023,08X146,P.S. 146 Edward Collins,EMS,2.7194444444444446,18
2023,08X140,P.S. X140 The Eagle School,EMS,2.245,18
2023,08X269,Bronx Studio School for Writers and Artists,HS,3.223478260869565,23
2023,08X131,J.H.S. 131 Albert Einstein,EMS,2.8892,25
2023,08X269,Bronx Studio School for Writers and Artists,EMS,2.2408,25
2023,08X152,P.S. 152 Evergreen,EMS,2.4894444444444446,18
2023,08X138,P.S. 138 Samuel Randall,EMS,2.556111111111111,18
2023,08X320,Pelham Lab High School,HS,1.9991304347826087,23
2023,08X337,The School for Inquiry and Social Justice,EMS,3.166,25
2023,08X312,Millennium Art Academy,HS,3.7608695652173916,23
2023,08X304,P.S. 304 Early Childhood School,EMS,3.872666666666667,15
2023,08X333,The Longwood Academy of Discovery,EMS,2.3366666666666664,18
2023,08X301,M.S. 301 Paul L. Dunbar,EMS,2.062,25
2023,08X302,M.S. 302 Luisa Dessus Cruz,EMS,3.9384,25
2023,08X293,Renaissance High School for Musical Theater and the Arts,HS,3.792173913043478,23
2023,08X367,"Archimedes Academy for Math, Science and Technology Applications",HS,2.121739130434783,23
2023,08X349,Bronx River High School,HS,4.2525,24
2023,08X348,Schuylerville Preparatory High School,HS,2.035,24
2023,08X367,"Archimedes Academy for Math, Science and Technology Applications",EMS,2.3543478260869564,23
2023,08X376,Antonia Pantoja Preparatory Academy: A College Board School,HS,2.5436363636363635,22
2023,08X405,Herbert H. Lehman High School,HS,2.55,24
2023,08X377,Bronx Community High School,HST,3.601818181818182,22
2023,08X375,The Bronx Mathematics Preparatory School,EMS,2.792,25
2023,08X371,Urban Institute of Mathematics,EMS,4.0852,25
2023,08X424,Bronx Academy for Multi-Media,EMS,3.9492000000000003,25
2023,08X432,Bronx Bridges High School,HS,3.8225000000000002,24
2023,08X376,Antonia Pantoja Preparatory Academy: A College Board School,EMS,3.1530434782608694,23
2023,08X392,Bronx Delta School,EMS,3.2073333333333336,15
2023,08X530,Longwood Preparatory Academy,HS,3.5943478260869566,23
2023,08X452,Gotham Collaborative High School,HS,2.78625,24
2023,08X467,Mott Hall Community School,EMS,2.6576,25
2023,08X558,Westchester Square Academy,HS,2.7666666666666666,24
2023,08X537,Bronx Arena High School,HST,3.0622727272727275,22
2023,08X448,Soundview Academy for Culture and Scholarship,EMS,2.2636,25
2023,08X561,Bronx Compass High School,HS,2.6608695652173915,23
2023,08X562,Pugsley Preparatory Academy,EMS,2.1608,25
2023,09X011,P.S. 011 Highbridge,EMS,2.558333333333333,18
2023,09X022,J.H.S. 022 Jordan L. Mott,EMS,2.3592,25
2023,08X636,Virtual Innovators Academy,HS,2.9136363636363636,11
2023,08X583,P.S. 583,EMS,2.7814285714285716,14
2023,09X004,P.S./M.S. 004 Crotona Park West,EMS,4.2188,25
2023,09X028,P.S. 028 Mount Hope,EMS,2.5233333333333334,18
2023,09X058,P.S. 058,EMS,2.750625,16
2023,09X053,P.S. 053 Basheer Quisim,EMS,2.647222222222222,18
2023,09X109,P.S. 109 Sedgwick,EMS,2.112941176470588,17
2023,09X063,P.S. 063 Author's Academy,EMS,3.5727777777777776,18
2023,09X110,P.S. 110 Theodore Schoenfeld,EMS,2.395625,16
2023,09X073,P.S. 073 Bronx,EMS,2.335,12
2023,09X042,P.S. 042 Claremont,EMS,3.4444444444444446,18
2023,09X035,P.S. 035 Franz Siegel,EMS,2.332777777777778,18
2023,09X070,P.S. 070 Max Schoenfeld,EMS,2.933333333333333,18
2023,09X114,P.S. X114 - Luis Llorens Torres Schools,EMS,2.2783333333333333,18
2023,09X055,P.S. 055 Benjamin Franklin,EMS,2.07875,16
2023,09X088,P.S. X088 - S. Silverstein Little Sparrow School,EMS,4.03,4
2023,09X219,I.S. 219 New Venture School,EMS,2.668695652173913,23
2023,09X218,P.S./I.S. 218 Rafael Hernandez Dual Language Magnet School,EMS,2.2704347826086955,23
2023,09X215,Kappa,EMS,3.185416666666667,24
2023,09X199,P.S. 199X - The Shakespeare School,EMS,2.968235294117647,17
2023,09X132,P.S. 132 Garret A. Morgan,EMS,2.5955555555555554,18
2023,09X163,P.S. 163 Arthur A. Schomburg,EMS,2.6731249999999998,16
2023,09X117,I.S. 117 Joseph H. Wade,EMS,2.6772,25
2023,09X204,P.S. 204 Morris Heights,EMS,4.521111111111111,18
2023,09X126,P.S. 126 Dr Marjorie H Dunbar,EMS,2.933333333333333,18
2023,09X128,Mott Hall III,EMS,2.8851999999999998,25
2023,09X227,Bronx Collegiate Academy,HS,3.438695652173913,23
2023,09X170,P.S. 170,EC,3.1,2
2023,09X229,I.S. 229 Roland Patterson,EMS,4.1712,25
2023,09X231,Eagle Academy for Young Men,HS,2.685217391304348,23
2023,09X241,"Urban Assembly School for Applied Math and Science, The",EMS,2.1970833333333335,24
2023,09X232,I.S. 232,EMS,3.3964,25
2023,09X241,"Urban Assembly School for Applied Math and Science, The",HS,2.8041666666666667,24
2023,09X236,P.S. 236 Langston Hughes,EMS,2.8773333333333335,15
2023,09X231,Eagle Academy for Young Men,EMS,3.23,21
2023,09X250,Eximius College Preparatory Academy: A College Board School,HS,3.6295652173913044,23
2023,09X263,Validus Preparatory Academy,HS,2.405217391304348,23
2023,09X260,Bronx Center for Science and Mathematics,HS,4.002173913043478,23
2023,09X252,Mott Hall Bronx High School,HS,3.43,24
2023,09X274,The New American Academy at Roberto Clemente State Park,EMS,2.4705555555555554,18
2023,09X294,The Walton Avenue School,EMS,2.7011764705882353,17
2023,09X297,Morris Academy for Collaborative Studies,HS,3.07,24
2023,09X324,Bronx Early College Academy for Teaching & Learning,HS,4.188260869565218,23
2023,09X327,Comprehensive Model School Project M.S. 327,EMS,3.3232,25
2023,09X311,Lucero Elementary School,EMS,2.0107142857142857,14
2023,09X328,New Millennium Bronx Academy of the Arts,EMS,2.946,25
2023,09X329,DreamYard Preparatory School,HS,3.371739130434783,23
2023,09X323,Bronx Writing Academy,EMS,3.004,25
2023,09X313,I.S. 313 School of Leadership Development,EMS,2.0522727272727272,22
2023,09X324,Bronx Early College Academy for Teaching & Learning,EMS,2.8842857142857143,21
2023,09X327,Comprehensive Model School Project M.S. 327,HS,3.480909090909091,22
2023,09X303,I.S. X303 Leadership & Community Service,EMS,2.9255999999999998,25
2023,09X350,New Directions Secondary School,HST,3.163809523809524,21
2023,09X361,The Highbridge Green School,EMS,2.4668,25
2023,09X365,Academy for Language and Technology,HS,4.93,23
2023,09X403,Bronx International High School,HS,3.9635294117647057,17
2023,09X454,Science and Technology Academy: A Mott Hall School,EMS,4.3588000000000005,25
2023,09X404,School for Excellence,HS,2.641363636363636,22
2023,09X413,Bronx High School for Medical Science,EMS,2.7645,20
2023,09X443,The Family School,EMS,4.12625,16
2023,09X413,Bronx High School for Medical Science,HS,3.5383333333333336,24
2023,09X449,Grant Avenue Elementary School,EMS,2.685,18
2023,09X412,Bronx High School of Business,HS,2.104090909090909,22
2023,09X457,Sheridan Academy for Young Leaders,EMS,2.708888888888889,18
2023,09X505,"Bronx School for Law, Government and Justice",EMS,2.9388,25
2023,09X543,High School for Violin and Dance,HS,2.769090909090909,22
2023,09X525,Bronx Leadership Academy High School,HS,3.4045833333333335,24
2023,09X517,Frederick Douglass Academy III Secondary School,HS,3.852608695652174,23
2023,09X564,Claremont International HS,HS,4.021052631578947,19
2023,09X568,Young Women's Leadership School of the Bronx,EMS,3.1604761904761904,21
2023,09X505,"Bronx School for Law, Government and Justice",HS,3.016086956521739,23
2023,09X555,Mount Eden Children's Academy,EMS,3.365625,16
2023,10X003,P.S. 3 Raul Julia Micro Society,EMS,3.108,25
2023,09X568,Young Women's Leadership School of the Bronx,HS,3.916818181818182,22
2023,09X594,New Pathways Academy,EMS,3.7444,25
2023,09X593,South Bronx International Middle School,EMS,3.6521739130434785,23
2023,10X008,P.S. 008 Isaac Varian,EMS,2.648888888888889,18
2023,10X007,Milton Fein School,EMS,4.075,12
2023,10X046,P.S. 046 Edgar Allan Poe,EMS,2.3955555555555557,18
2023,10X009,P.S. 9 Ryer Avenue Elementary School,EMS,2.5444444444444443,18
2023,10X032,P.S. 032 Belmont,EMS,2.232222222222222,18
2023,10X037,P.S. X037 - Multiple Intelligence School,EMS,2.5444,25
2023,10X023,P.S. 023 The New Children's School,EMS,2.4305555555555554,18
2023,10X020,"PS/MS 20 P.O.George J. Werdann, III",EMS,2.4804,25
2023,10X033,P.S. 033 Timothy Dwight,EMS,3.0644444444444443,18
2023,10X015,P.S. X015 Institute for Environmental Learning,EMS,3.3792,25
2023,10X045,Thomas C. Giordano Middle School 45,EMS,2.5916,25
2023,10X024,P.S. 024 Spuyten Duyvil,EMS,4.6725,12
2023,10X051,The Bronx STEM and Arts Academy,EMS,2.35,6
2023,10X091,P.S. 091 Bronx,EMS,2.69,18
2023,10X085,P.S. 085 Great Expectations,EMS,2.513333333333333,18
2023,10X094,P.S. 094 Kings College School,EMS,2.0144444444444445,18
2023,10X059,P.S. 059 The Community School of Technology,EMS,2.3555555555555556,18
2023,10X056,P.S. 056 Norwood Heights,EMS,2.277222222222222,18
2023,10X086,P.S. 086 Kingsbridge Heights,EMS,2.889,20
2023,10X080,J.H.S. 080 The Mosholu Parkway,EMS,2.908,25
2023,10X095,P.S. 095 Sheila Mencher,EMS,2.5888,25
2023,10X077,Bedford Park Elementary School,EMS,2.2572222222222225,18
2023,10X054,P.S./I.S. 54,EMS,2.111875,16
2023,10X081,P.S. 081 Robert J. Christen,EMS,3.9692307692307693,13
2023,10X213,Bronx Engineering and Technology Academy,HS,3.610869565217391,23
2023,10X141,Riverdale / Kingsbridge Academy (Middle School / High School 141),HS,4.235217391304348,23
2023,10X118,J.H.S. 118 William W. Niles,EMS,2.73,25
2023,10X207,P.S. 207,EMS,3.0525,16
2023,10X209,P.S. 209,EC,2.965,2
2023,10X141,Riverdale / Kingsbridge Academy (Middle School / High School 141),EMS,2.9068,25
2023,10X206,I.S. 206 Ann Mersereau,EMS,3.23,25
2023,10X159,P.S. 159 Luis Munoz Marin Biling,EMS,2.282,10
2023,10X205,P.S. 205 Fiorello LaGuardia,EMS,2.876666666666667,18
2023,10X237,"The Marie Curie High School for Medicine, Nursing, and Health Professions",HS,2.2086363636363635,22
2023,10X225,Theatre Arts Production Company School,EMS,2.967222222222222,18
2023,10X225,Theatre Arts Production Company School,HS,2.9808695652173913,23
2023,10X228,Jonas Bronck Academy,EMS,2.3895652173913042,23
2023,10X243,West Bronx Academy for the Future,HS,3.114782608695652,23
2023,10X243,West Bronx Academy for the Future,EMS,2.0248,25
2023,10X228,Jonas Bronck Academy,HS,3.998,5
2023,10X226,P.S. 226,EMS,3.5835714285714286,14
2023,10X280,P.S./M.S. 280 Mosholu Parkway,EMS,2.9984,25
2023,10X246,P.S. 246 Poe Center,EMS,2.445625,16
2023,10X279,"P.S. 279 Captain Manuel Rivera, Jr.",EMS,3.7852,25
2023,10X254,I.S. 254,EMS,2.9712,25
2023,10X264,Bronx Academy for Software Engineering (BASE),HS,3.4969565217391305,23
2023,10X268,Kingsbridge International High School,HS,2.0533333333333332,21
2023,10X244,The New School for Leadership and Journalism,EMS,4.0316,25
2023,10X284,Bronx School of Law and Finance,HS,3.035217391304348,23
2023,10X310,P.S. 310 Marble Hill,EMS,2.838888888888889,18
2023,10X315,P.S. 315 Lab School,EMS,3.134782608695652,23
2023,10X319,Providing Urban Learners Success In Education High School,HST,3.0408333333333335,24
2023,10X291,P.S. 291,EMS,3.175,18
2023,10X331,The Bronx School of Young Leaders,EMS,2.9244,25
2023,10X306,P.S. 306,EMS,2.5494444444444446,18
2023,10X308,Bronx Dance Academy School,EMS,4.1332,25
2023,10X363,Academy For Personal Leadership And Excellence,EMS,3.0388,25
2023,10X368,In-Tech Academy (M.S. / High School 368),EMS,3.098,25
2023,10X340,P.S. 340,EMS,2.7655555555555553,18
2023,10X342,International School for Liberal Arts,HS,3.166086956521739,23
2023,10X360,P.S. 360,EMS,2.52875,16
2023,10X342,International School for Liberal Arts,EMS,3.9457142857142857,21
2023,10X344,Ampark Neighborhood,EMS,4.04,11
2023,10X351,Bronx Collaborative High School,HS,3.2889473684210526,19
2023,10X353,World View High School,HS,3.9429166666666666,24
2023,10X391,The Angelo Patri Middle School,EMS,3.1136,25
2023,10X386,School for Environmental Citizenship,EMS,2.885,16
2023,10X433,High School for Teaching and the Professions,HS,3.555,24
2023,10X396,P.S. 396,EMS,3.825,16
2023,10X374,Knowledge and Power Preparatory Academy International High School (Kappa),HS,4.2283333333333335,24
2023,10X390,M.S. 390,EMS,3.2056,25
2023,10X368,In-Tech Academy (M.S. / High School 368),HS,3.1883333333333335,24
2023,10X382,"Elementary School for Math, Science, and Technology",EMS,2.019375,16
2023,10X397,English Language Learners and International Support Preparatory Academy (ELLIS),HST,4.304375,16
2023,10X438,Fordham Leadership Academy,HS,3.9025000000000003,24
2023,10X434,Belmont Preparatory High School,HS,3.74,22
2023,10X437,Fordham High School for the Arts,HS,4.6408695652173915,23
2023,10X439,Bronx High School for Law and Community Service,HS,3.939583333333333,24
2023,10X442,"Celia Cruz Bronx High School of Music, The",HS,4.50304347826087,23
2023,10X445,The Bronx High School of Science,HS,4.92,21
2023,10X447,Creston Academy,EMS,3.3036,25
2023,10X440,DeWitt Clinton High School,HS,3.785416666666667,24
2023,10X477,Marble Hill High School for International Studies,HS,4.5441666666666665,24
2023,10X549,Discovery High School,HS,4.07,24
2023,10X565,High School for Energy and Technology,HS,3.782608695652174,23
2023,10X524,Crotona International High School,HS,3.847058823529412,17
2023,10X696,High School of American Studies at Lehman College,HS,4.939,20
2023,10X546,Bronx Theatre High School,HS,3.2847826086956524,23
2023,11X016,P.S. 016 Wakefield,EMS,2.104285714285714,14
2023,11X076,P.S. 076 The Bennington School,EMS,3.219375,16
2023,11X019,P.S. 019 Judith K. Weiss,EMS,3.5104347826086957,23
2023,11X083,P.S. 083 Donald Hertz,EMS,2.8457692307692306,26
2023,11X041,P.S. 041 Gun Hill Road,EMS,2.1416666666666666,18
2023,11X068,P.S. 068 Bronx,EMS,3.816875,16
2023,11X078,P.S. 078 Anne Hutchinson,EMS,2.7616666666666667,18
2023,11X021,P.S. 021 Philip H. Sheridan,EMS,2.955,16
2023,11X106,P.S. 106 Parkchester,EMS,2.805,18
2023,11X087,P.S. 087 Bronx,EMS,2.6591666666666667,12
2023,11X089,P.S. 089 Bronx,EMS,3.0672,25
2023,11X105,P.S. 105 Sen Abraham Bernstein,EMS,2.252222222222222,18
2023,11X121,P.S. 121 Throop,EMS,2.3677777777777775,18
2023,11X103,P.S. 103 Hector Fontanez,EMS,2.815,16
2023,11X112,P.S. 112 Bronxwood,EMS,2.3941176470588235,17
2023,11X108,P.S. 108 Philip J. Abinanti,EMS,3.9123076923076923,13
2023,11X096,P.S. 096 Richard Rodgers,EMS,4.526,15
2023,11X111,P.S. 111 Seton Falls,EMS,2.1957142857142857,14
2023,11X097,P.S. 097 Bronx,EMS,2.968,15
2023,11X153,P.S. 153 Helen Keller,EMS,3.3027272727272727,11
2023,11X178,P.S. 178 - Dr. Selman Waksman,EMS,2.695625,16
2023,11X144,J.H.S. 144 Michelangelo,EMS,3.6188000000000002,25
2023,11X180,M.S. 180 Dr. Daniel Hale Williams,EMS,2.7576,25
2023,11X175,P.S. 175 City Island,EMS,2.6136842105263156,19
2023,11X127,J.H.S. 127 The Castle Hill,EMS,3.1276,25
2023,11X194,P.S./M.S. 194,EMS,2.5216,25
2023,11X160,P.S. 160 Walt Disney,EMS,2.7927272727272725,11
2023,11X181,I.S. 181 Pablo Casals,EMS,4.5632,25
2023,11X189,Cornerstone Academy for Social Action,EMS,2.422857142857143,14
2023,11X169,Baychester Academy,EMS,3.6055555555555556,9
2023,11X275,High School of Computers and Technology,HS,2.911304347826087,23
2023,11X249,Bronx Health Sciences High School,HS,4.174090909090909,22
2023,11X265,Bronx Lab School,HS,3.0976470588235294,17
2023,11X270,Academy for Scholarship and Entrepreneurship: A College Board School,HS,3.0130434782608697,23
2023,11X253,Bronx High School for Writing and Communication Arts,HS,2.7436363636363637,22
2023,11X290,Bronx Academy of Health Careers,HS,2.938695652173913,23
2023,11X355,Bronx Alliance Middle School,EMS,2.922727272727273,22
2023,11X326,Bronx Green Middle School,EMS,3.1672,25
2023,11X287,North Bronx School of Empowerment,EMS,2.2528,25
2023,11X288,Collegiate Institute for Math and Science,HS,3.5473913043478262,23
2023,11X299,Astor Collegiate Academy,HS,2.6743478260869566,23
2023,11X357,Young Voices Academy of the Bronx,EMS,2.9326666666666665,15
2023,11X455,Harry S Truman High School,HS,2.6929166666666666,24
2023,11X370,Leaders of Tomorrow,EMS,2.552,25
2023,11X498,P.S./M.S. 11X498 - Van Nest Academy,EMS,2.9372,25
2023,11X468,Pelham Academy of Academics and Community Engagement,EMS,2.6956521739130435,23
2023,11X483,The Matilda Avenue School,EMS,2.378,15
2023,11X462,Cornerstone Academy for Social Action Middle School (CASA),EMS,2.688095238095238,21
2023,11X418,Bronx High School for the Visual Arts,HS,3.0275,24
2023,11X481,The STEAM Bridge School,EMS,3.636,10
2023,11X514,The Bronxwood Preparatory Academy,HS,3.572608695652174,23
2023,11X508,Bronxdale High School,HS,2.615217391304348,23
2023,11X513,New World High School,HS,4.214545454545455,22
2023,11X509,High School of Language and Innovation,HS,3.9172727272727275,22
2023,11X532,Baychester Middle School,EMS,2.7083333333333335,24
2023,11X542,Pelham Preparatory Academy,HS,3.473913043478261,23
2023,11X544,High School for Contemporary Arts,HS,2.7730434782608695,23
2023,11X545,Bronx Aerospace High School,HS,3.0940909090909092,22
2023,11X556,Bronx Park Middle School,EMS,2.7664,25
2023,11X529,One World Middle School at Edenwald,EMS,3.1724,25
2023,11X566,Pelham Gardens Middle School,EMS,2.8564,25
2023,12X129,M.S. 129 Academy for Independent Learning and Leadership,EMS,4.1796,25
2023,12X044,P.S. 044 David C. Farragut,EMS,3.1,11
2023,12X134,P.S. 134 George F. Bristow,EMS,2.135,18
2023,12X150,P.S. 150 Charles James Fox,EMS,3.0355555555555553,18
2023,12X061,P.S. 061 Francisco Oller,EMS,3.0357142857142856,14
2023,12X057,P.S. 057 Crescent,EMS,2.1855555555555557,18
2023,12X006,P.S. 006 West Farms,EMS,2.403125,16
2023,12X047,P.S. 047 John Randolph,EMS,2.222777777777778,18
2023,12X098,J.H.S. 098 Herman Ridder,EMS,3.2694117647058825,17
2023,12X066,P.S. 066 School of Higher Expectations,EMS,4.24125,16
2023,12X067,P.S. 067 Mohegan School,EMS,4.3625,12
2023,11X567,Linden Tree Elementary School,EMS,2.33,15
2023,12X242,Mott Hall V,HS,3.827916666666667,24
2023,12X242,Mott Hall V,EMS,3.0112,25
2023,12X195,P.S. 195,EMS,2.125,18
2023,12X217,School of Performing Arts,EMS,2.7896,25
2023,12X214,P.S. 214,EMS,2.3188,25
2023,12X190,E.S.M.T- I.S. 190,EMS,2.9856521739130435,23
2023,12X211,P.S. 211,EMS,2.7775,12
2023,12X248,"Metropolitan High School, The",HS,1.7577272727272728,22
2023,12X271,East Bronx Academy for the Future,EMS,2.684,25
2023,12X251,Explorations Academy H.S.,HS,3.252173913043478,23
2023,12X273,Frederick Douglass Academy V. Middle School,EMS,4.0428,25
2023,12X271,East Bronx Academy for the Future,HS,3.0258333333333334,24
2023,12X267,Bronx Latin,HS,4.226666666666667,24
2023,12X267,Bronx Latin,EMS,2.9664,25
2023,12X388,Pan American International High School at Monroe,HS,4.110588235294117,17
2023,12X286,Fannie Lou Hamer Middle School,EMS,2.2492,25
2023,12X446,Arturo A. Schomburg Satellite Academy Bronx,HST,3.9077777777777776,18
2023,12X341,Accion Academy,EMS,3.0824000000000003,25
2023,12X463,Urban Scholars Community School,EMS,3.0175,16
2023,12X383,Emolior Academy,EMS,3.2516,25
2023,12X458,Samara Community School,EMS,3.6407142857142856,14
2023,12X316,Kappa III,EMS,3.988,25
2023,12X314,Fairmont Neighborhood School,EMS,2.26,16
2023,12X300,The School of Science and Applied Learning,EMS,2.102777777777778,18
2023,12X318,"I.S. X318 Math, Science & Technology Through Arts",EMS,2.5104,25
2023,12X511,Bronx Envision Academy,HS,2.6391666666666667,24
2023,12X480,Bronx Regional High School,HST,3.1513636363636364,22
2023,12X478,The Cinema School,HS,2.7130434782608694,23
2023,12X479,Bronx Career and College Preparatory High School,HS,1.575909090909091,22
2023,12X521,The Metropolitan Soundview High School,HS,2.3108333333333335,24
2023,12X536,P.S. 536,EMS,2.48,15
2023,12X691,Bronx Little School,EMS,3.1285714285714286,14
2023,12X684,Wings Academy,HS,2.272608695652174,23
2023,12X550,High School of World Cultures,HS,3.1963636363636363,22
2023,12X682,Fannie Lou Hamer Freedom High School,HS,3.772105263157895,19
2023,12X531,Archer Elementary School,EMS,2.866111111111111,18
2023,12X595,P.S. 595,EMS,3.5375,16
2023,12X641,Bard High School Early College Bronx,HS,4.018571428571429,7
2023,13K046,P.S. 046 Edward C. Blum,EMS,2.6221428571428573,14
2023,13K011,P.S. 011 Purvis J. Behan,EMS,4.593333333333334,9
2023,13K020,P.S. 020 Clinton Hill,EMS,3.2114285714285713,14
2023,13K044,P.S. 044 Marcus Garvey,EMS,2.3377777777777777,9
2023,13K067,P.S. 067 Charles A. Dorsey,EMS,2.223,10
2023,13K003,P.S. 003 The Bedford Village,EMS,2.4522222222222223,9
2023,13K054,P.S. 054 Samuel C. Barnes,EMS,2.5716666666666668,6
2023,13K093,P.S. 093 William H. Prescott,EMS,2.06625,8
2023,13K113,M.S. 113 Ronald Edmonds Learning Center,EMS,2.845833333333333,24
2023,13K008,The Emily Warren Roebling School,EMS,4.0200000000000005,10
2023,13K009,Public School 9 The Sarah Smith Garnet School,EMS,2.37125,16
2023,13K056,P.S. 056 Lewis H. Latimer,EMS,3.078,10
2023,13K265,Dr. Susan S. McKinney Secondary School of the Arts,HS,2.1213636363636366,22
2023,13K133,P.S. 133 William A. Butler,EMS,2.916875,16
2023,13K301,Restoration Academy,EMS,2.420434782608696,23
2023,13K266,M.S. K266 - Park Place Community Middle School,EMS,3.10875,16
2023,13K265,Dr. Susan S. McKinney Secondary School of the Arts,EMS,2.2271428571428573,14
2023,13K282,P.S. 282 Park Slope,EMS,2.64,13
2023,13K256,P.S. 256 Benjamin Banneker,EMS,2.643333333333333,12
2023,13K287,P.S. 287 Bailey K. Ashford,EMS,2.052,5
2023,13K270,P.S. 270 Johann DeKalb,EMS,1.0133333333333334,3
2023,13K351,The Urban Assembly Unison School,EMS,2.828333333333333,24
2023,13K412,Brooklyn Community Arts & Media High School (BCAM),HS,3.21,23
2023,13K313,Dock Street School for STEAM Studies,EMS,3.2418181818181817,22
2023,13K419,"Science Skills Center High School for Science, Technology and the Creative Arts",HS,4.436521739130435,23
2023,13K307,P.S. 307 Daniel Hale Williams,EMS,1.825,12
2023,13K350,Urban Assembly School of Music and Art,HS,3.3654545454545457,22
2023,13K430,Brooklyn Technical High School,HS,4.780454545454545,22
2023,13K594,Gotham Professional Arts Academy,HS,3.6122222222222224,18
2023,13K492,Academy of Arts and Letters,EMS,3.0,23
2023,13K553,Brooklyn Academy High School,HST,2.794736842105263,19
2023,13K527,Urban Assembly Institute of Math and Science for Young Women,EMS,2.8133333333333335,18
2023,13K527,Urban Assembly Institute of Math and Science for Young Women,HS,3.5100000000000002,23
2023,13K439,Brooklyn International High School,HS,3.685294117647059,17
2023,13K483,The Urban Assembly School for Law and Justice,HS,3.7856521739130433,23
2023,13K595,Bedford Academy High School,HS,4.545714285714286,21
2023,13K605,George Westinghouse Career and Technical Education High School,HS,2.719130434782609,23
2023,13K670,Benjamin Banneker Academy,HS,3.5269565217391303,23
2023,13K616,Brooklyn High School for Leadership and Community Service,HST,3.1004347826086955,23
2023,14K031,P.S. 031 Samuel F. Dupont,EMS,4.34875,8
2023,13K674,"City Polytechnic High School of Engineering, Architecture, and Technology",HS,3.1734782608695653,23
2023,13K963,Design Works High School,HS,3.2842857142857143,7
2023,13K691,Fort Greene Preparatory Academy,EMS,2.8679166666666664,24
2023,14K034,P.S. 034 Oliver H. Perry,EMS,4.356,10
2023,14K023,P.S. 023 Carter G. Woodson,EMS,3.2177777777777776,18
2023,14K017,P.S. 017 Henry D. Woodworth,EMS,2.615625,16
2023,13K915,Bridges: A School for Exploration and Equity,EMS,3.4672727272727273,22
2023,14K018,P.S. 018 Edward Bush,EMS,1.9733333333333334,9
2023,14K016,P.S. 016 Leonard Dunkly,EMS,2.431,10
2023,15K821,Sunset Park Prep,EMS,2.842,25
2023,14K071,Juan Morel Campos Secondary School,EMS,3.3795,20
2023,14K084,P.S. 084 Jose De Diego,EMS,2.696,25
2023,14K050,J.H.S. 050 John D. Wells,EMS,4.2928,25
2023,14K126,John Ericsson Middle School 126,EMS,3.1879166666666667,24
2023,14K132,P.S. 132 The Conselyea School,EMS,3.7169230769230768,13
2023,14K120,P.S. 120 Carlos Tapia,EMS,2.776666666666667,18
2023,14K071,Juan Morel Campos Secondary School,HS,2.865,24
2023,14K059,P.S. 059 The Dawn Best School,EMS,2.25375,16
2023,14K110,P.S. 110 The Monitor,EMS,3.668888888888889,9
2023,14K147,P.S. 147 Isaac Remsen,EMS,3.315,6
2023,14K297,P.S. 297 Abraham Stockton,EMS,4.083571428571428,14
2023,14K414,Brooklyn Arbor Elementary School,EMS,3.265,16
2023,14K196,P.S. 196 Ten Eyck,EMS,2.209285714285714,14
2023,14K318,I.S. 318 Eugenio Maria De Hostos,EMS,2.8536,25
2023,14K449,"Brooklyn Latin School, The",HS,4.9195,20
2023,14K257,P.S. 257 John F. Hylan,EMS,3.43,18
2023,14K157,P.S./I.S. 157 The Benjamin Franklin Health & Science Academy,EMS,2.2205,20
2023,19K345,P.S. 345 Patrolman Robert Bolden,EMS,2.451111111111111,18
2023,14K250,P.S. 250 George H. Lindsay,EMS,2.256153846153846,13
2023,14K380,P.S. 380 John Wayne Elementary,EMS,3.7505882352941176,17
2023,14K319,P.S. 319,EC,2.0300000000000002,2
2023,14K478,"The High School for Enterprise, Business and Technology",HS,2.816666666666667,24
2023,14K454,The Williamsburg High School of Art and Technology,HS,3.953478260869565,23
2023,14K477,East Williamsburg Scholars Academy,HS,2.830416666666667,24
2023,14K474,PROGRESS High School for Professional Careers,HS,2.3895833333333334,24
2023,14K488,Brooklyn Preparatory High School,HS,3.3547826086956523,23
2023,24Q343,The Children's Lab School,EMS,3.85,18
2023,26Q205,P.S. 205 Alexander Graham Bell,EMS,4.4366666666666665,12
2023,14K586,Lyons Community School,EMS,2.4186666666666667,15
2023,14K610,A-Tech High School,HS,3.2204347826086956,23
2023,14K577,Conselyea Preparatory School,EMS,3.2552,25
2023,14K561,Williamsburg Preparatory School,HS,3.8926086956521737,23
2023,14K558,Williamsburg High School for Architecture and Design,HS,4.065909090909091,22
2023,14K582,M.S. 582,EMS,3.691153846153846,26
2023,14K586,Lyons Community School,HS,1.8133333333333332,18
2023,27Q043,P.S. 043,EMS,2.226,25
2023,27Q104,P.S. 104 The Bays Water,EMS,3.1216666666666666,18
2023,14K614,Young Women's Leadership School of Brooklyn,HS,3.705909090909091,22
2023,14K685,El Puente Academy for Peace and Justice,HS,2.805,18
2023,15K015,P.S. 015 Patrick F. Daly,EMS,2.160625,16
2023,15K010,"Magnet School of Math, Science and Design Technology",EMS,4.265714285714286,14
2023,15K001,P.S. 001 The Bergen,EMS,2.375,18
2023,14K614,Young Women's Leadership School of Brooklyn,EMS,2.437333333333333,15
2023,15K058,P.S. 058 The Carroll,EMS,4.370833333333334,12
2023,15K051,M.S. 51 William Alexander,EMS,3.434,25
2023,15K024,P.S. 024,EMS,2.82625,16
2023,15K088,J.H.S. 088 Peter Rouget,EMS,3.2436000000000003,25
2023,15K094,P.S. 094 The Henry Longfellow,EMS,2.7055555555555557,18
2023,15K118,The Maurice Sendak Community School,EMS,3.8725,8
2023,15K038,P.S. 038 The Pacific,EMS,3.0741666666666667,12
2023,15K032,P.S. 032 Samuel Mills Sprole,EMS,3.521818181818182,11
2023,15K029,P.S. 029 John M. Harrigan,EMS,4.4125,12
2023,15K107,P.S. 107 John W. Kimball,EMS,4.545555555555556,9
2023,15K124,P.S. 124 Silas B. Dutcher,EMS,2.2714285714285714,14
2023,15K039,P.S. 039 Henry Bristow,EMS,4.483333333333333,9
2023,15K136,I.S. 136 Charles O. Dewey,EMS,2.7628,25
2023,15K261,P.S. 261 Zipporiah Mills,EMS,2.767,10
2023,15K154,The Windsor Terrace School,EMS,4.1466666666666665,9
2023,15K131,P.S. 131 Brooklyn,EMS,3.446111111111111,18
2023,15K172,P.S. 172 Beacon School of Excellence,EMS,4.405833333333334,12
2023,15K295,P.S. 295,EMS,3.2516666666666665,12
2023,15K169,P.S. 169 Sunset Park,EMS,2.904,15
2023,15K130,P.S. 130 The Parkside,EMS,2.6835714285714287,14
2023,15K321,P.S. 321 William Penn,EMS,4.699285714285715,14
2023,15K146,"The Brooklyn New School, P.S. 146",EMS,3.0625,4
2023,15K418,The Children's School,EMS,3.6671428571428573,7
2023,15K230,P.S. 230 Doris L. Cohen,EMS,3.006666666666667,15
2023,15K447,The Math & Science Exploratory School,EMS,4.380909090909091,22
2023,15K448,Brooklyn Collaborative Studies,EMS,2.4994117647058824,17
2023,15K442,M.S. 442 Carroll Gardens School for Innovation,EMS,4.520476190476191,21
2023,15K443,New Voices School of Academic & Creative Arts,EMS,4.415652173913044,23
2023,15K448,Brooklyn Collaborative Studies,HS,3.663888888888889,18
2023,15K423,Brooklyn Frontiers High School,HST,3.5508333333333333,24
2023,15K429,Digital Arts and Cinema Technology High School,HS,4.593478260869565,23
2023,15K464,Park Slope Collegiate,HS,3.026086956521739,23
2023,15K462,John Jay School for Law,HS,2.97,23
2023,15K463,Cyberarts Studio Academy,HS,2.8604347826086958,23
2023,15K497,The Boerum Hill School for International Studies,HS,3.2582608695652175,23
2023,15K497,The Boerum Hill School for International Studies,EMS,3.4404761904761902,21
2023,15K464,Park Slope Collegiate,EMS,2.941666666666667,18
2023,15K667,Sunset Park High School,HS,3.2645833333333334,24
2023,15K592,Khalil Gibran International Academy,HS,2.5095238095238095,21
2023,15K676,Red Hook Neighborhood School,EMS,2.9635294117647057,17
2023,15K519,Cobble Hill School of American Studies,HS,3.3491304347826087,23
2023,15K516,Sunset Park Avenues Elementary School,EMS,2.6525,16
2023,15K656,Brooklyn High School of the Arts,HS,3.8352173913043477,23
2023,15K529,West Brooklyn Community High School,HST,3.8608000000000002,25
2023,15K839,M.S. 839,EMS,3.035,22
2023,16K005,P.S. 005 Dr. Ronald McNair,EMS,3.91,5
2023,15K896,The School of Creativity and Innovation,EMS,3.6237500000000002,8
2023,15K684,Millennium Brooklyn HS,HS,4.763636363636364,22
2023,15K698,South Brooklyn Community High School,HST,3.930833333333333,24
2023,16K021,P.S. 021 Crispus Attucks,EMS,3.8492307692307692,13
2023,16K057,Whitelaw Reid Academy of Arts and Business,EMS,2.59,18
2023,16K040,P.S. 040 George W. Carver,EMS,3.7063636363636365,11
2023,16K026,P.S. 026 Jesse Owens,EMS,3.4854545454545454,11
2023,16K267,"M.S. 267 Math, Science & Technology",EMS,4.1161111111111115,18
2023,16K035,M.S. 035 Stephen Decatur,EMS,4.387272727272728,22
2023,16K308,P.S. 308 Clara Cardwell,EMS,2.473,20
2023,16K243,P.S. 243K- The Weeksville School,EMS,1.7666666666666666,6
2023,16K081,P.S. 081 Thaddeus Stevens,EMS,2.084285714285714,14
2023,16K025,P.S. 025 Eubie Blake School,EMS,2.1925,4
2023,16K262,P.S. 262 El Hajj Malik El Shabazz Elementary School,EMS,3.274,5
2023,16K309,P.S. 309 The George E. Wibecan Preparatory Academy,EMS,2.3085714285714287,7
2023,16K335,P.S. 335 Granville T. Woods,EMS,3.1671428571428573,7
2023,16K628,Brooklyn Brownstone School,EMS,3.937142857142857,7
2023,16K688,The Brooklyn Academy of Global Finance,HS,2.700909090909091,22
2023,16K455,Boys and Girls High School,HS,2.3439130434782607,23
2023,16K498,Brooklyn High School for Law and Technology,HS,2.519565217391304,23
2023,16K681,Madiba Prep Middle School,EMS,3.2456,25
2023,16K669,Research and Service High School,HST,2.8204166666666666,24
2023,16K627,Brighter Choice Community School,EMS,2.2336363636363634,11
2023,17K061,M.S. 061 Dr. Gladstone H. Atwell,EMS,2.8296,25
2023,17K002,Parkside Preparatory Academy,EMS,3.2856,25
2023,17K006,Norma Adams Clemons Academy,EMS,2.358888888888889,18
2023,17K122,Pathways in Technology Early College High School (P-Tech),HS,3.08,23
2023,16K898,The Brooklyn Green School,EMS,3.2814285714285716,21
2023,16K765,Nelson Mandela High School,HS,2.625,22
2023,17K092,P.S. 092 Adrian Hegeman,EMS,2.84,15
2023,17K012,Dr. Jacqueline Peek-Davis School,EMS,2.362,5
2023,17K091,P.S. 091 The Albany Avenue School,EMS,3.0566666666666666,6
2023,17K181,P.S. 181 Brooklyn,EMS,2.5388,25
2023,17K249,P.S. 249 The Caton,EMS,4.749,20
2023,17K161,P.S. 161 The Crown,EMS,2.775,14
2023,17K189,P.S. 189 The Bilingual Center,EMS,2.854814814814815,27
2023,17K241,P.S. 241 Emma L. Johnston,EMS,3.735,12
2023,17K246,M.S. 246 Walt Whitman,EMS,2.654,25
2023,17K221,P.S. 221 Toussaint L'Ouverture,EMS,2.7457142857142856,7
2023,17K138,P.S. 138 Brooklyn,EMS,2.875909090909091,22
2023,17K191,P.S. 191 Paul Robeson,EMS,2.378,5
2023,17K289,P.S. 289 George V. Brower,EMS,4.088571428571429,14
2023,17K316,P.S. 316 Elijah Stroud,EMS,4.0525,12
2023,17K382,Academy for College Preparation and Career Exploration: A College Board School,EMS,3.365217391304348,23
2023,17K382,Academy for College Preparation and Career Exploration: A College Board School,HS,3.474090909090909,22
2023,17K353,Elijah Stroud Middle School,EMS,2.416,20
2023,17K354,The School of Integrated Learning,EMS,4.3825,24
2023,17K352,Ebbets Field Middle School,EMS,3.6569565217391307,23
2023,17K375,P.S. 375 Jackie Robinson School,EMS,2.9675000000000002,12
2023,17K340,I.S. 340,EMS,3.1809090909090907,22
2023,17K394,M.S. K394,EMS,2.318095238095238,21
2023,17K528,The High School for Global Citizenship,HS,3.266818181818182,22
2023,17K524,International High School at Prospect Heights,HS,3.1577777777777776,18
2023,17K484,Ronald Edmonds Learning Center II,EMS,3.9683333333333333,18
2023,17K408,Academy of Hospitality and Tourism,HS,3.352608695652174,23
2023,17K399,P.S. 399 Stanley Eugene Clark,EMS,2.054,5
2023,17K398,P.S. 398 Walter Weaver,EMS,2.421666666666667,18
2023,17K397,P.S. 397 Foster-Laurie,EMS,3.625,6
2023,17K539,High School for Service & Learning at Erasmus,HS,2.845,22
2023,17K531,"School for Human Rights, The",HS,2.7254545454545456,22
2023,17K537,High School for Youth and Community Development at Erasmus,HS,3.2475,24
2023,17K532,New Bridges Elementary,EMS,3.0714285714285716,14
2023,17K543,"Science, Technology and Research Early College High School at Erasmus",EMS,4.206428571428572,14
2023,17K543,"Science, Technology and Research Early College High School at Erasmus",HS,4.428571428571429,21
2023,17K546,High School for Public Service: Heroes of Tomorrow,HS,3.42,23
2023,17K590,Medgar Evers College Preparatory School,HS,4.173181818181818,22
2023,17K590,Medgar Evers College Preparatory School,EMS,3.8958823529411766,17
2023,17K600,Clara Barton High School,HS,2.2533333333333334,24
2023,17K548,Brooklyn School for Music & Theatre,HS,3.068636363636364,22
2023,17K568,Brownsville Academy High School,HST,3.5065,20
2023,17K547,Brooklyn Academy of Science and the Environment,HS,3.6195454545454546,22
2023,17K722,New Heights Middle School,EMS,2.6108,25
2023,17K745,Brooklyn Institute for Liberal Arts,HS,3.5100000000000002,22
2023,17K751,Academy for Health Careers,HS,2.2263636363636365,22
2023,17K646,Aspirations Diploma Plus High School,HST,3.173636363636364,22
2023,17K705,Brooklyn Arts and Science Elementary School,EMS,3.1025,12
2023,17K770,P.S. 770 New American Academy,EMS,3.373,10
2023,18K068,I.S. 068 Isaac Bildersee,EMS,2.86125,24
2023,18K211,I.S. 211 John Wilson,EMS,4.047083333333333,24
2023,18K235,P.S. 235 Janice Marie Knight School,EMS,2.902142857142857,14
2023,18K233,P.S. 233 Langston Hughes,EMS,3.11,11
2023,18K135,P.S. 135 Sheldon A. Brookner,EMS,3.1573333333333333,15
2023,18K114,P.S. 114 Ryder Elementary,EMS,3.4341176470588235,17
2023,18K219,P.S. 219 Kennedy-King,EMS,2.4993333333333334,15
2023,18K115,P.S. 115 Daniel Mucatel School,EMS,3.1205555555555557,18
2023,18K066,P.S. 66,EMS,2.8688,25
2023,18K208,P.S. 208 Elsa Ebeling,EMS,4.298,10
2023,18K566,Brooklyn Community High School for Excellence and Equity,HS,2.3763636363636365,22
2023,18K366,The Science And Medicine Middle School,EMS,3.2483333333333335,24
2023,18K279,P.S. 279 Herman Schreiber,EMS,3.008,10
2023,18K563,It Takes a Village Academy,HS,3.0945833333333335,24
2023,18K285,I.S. 285 Meyer Levin,EMS,2.9536,25
2023,18K268,P.S. 268 Emma Lazarus,EMS,4.0025,8
2023,18K272,P.S. 272 Curtis Estabrook,EMS,3.29375,16
2023,18K244,P.S. 244 Richard R. Green,EMS,4.080909090909091,11
2023,18K276,P.S. 276 Louis Marshall,EMS,3.3466666666666667,12
2023,18K576,Victory Collegiate High School,HS,2.64,22
2023,18K588,Middle School for Art and Philosophy,EMS,3.210434782608696,23
2023,18K581,"The Middle School of Media, Law and Fine Arts",EMS,3.6739130434782608,23
2023,18K567,Brooklyn Theatre Arts High School,HS,2.773181818181818,22
2023,18K617,High School for Innovation in Advertising and Media,HS,2.9530434782608697,23
2023,18K569,Kurt Hahn Expeditionary Learning School,HS,2.653125,16
2023,18K578,Brooklyn Bridge Academy,HST,3.42625,24
2023,18K637,Academy for Conservation and the Environment,HS,3.423636363636364,22
2023,18K635,Olympus Academy,HST,3.8295833333333333,24
2023,18K673,East Brooklyn Community High School,HST,3.45,24
2023,18K629,Cultural Academy for the Arts and Sciences,HS,2.9918181818181817,22
2023,18K642,Urban Action Academy,HS,2.389090909090909,22
2023,18K633,High School for Medical Professions,HS,2.4918181818181817,22
2023,19K108,P.S. 108 Sal Abbracciamento,EMS,4.461666666666667,18
2023,19K171,I.S. 171 Abraham Lincoln,EMS,2.8908,25
2023,19K190,P.S. 190 Sheffield,EMS,3.48,5
2023,19K007,P.S. 007 Abraham Lincoln,EMS,2.506111111111111,18
2023,19K013,P.S. 013 Roberto Clemente,EMS,3.704285714285714,14
2023,18K961,Lenox Academy M. S. 961,EMS,4.185294117647059,17
2023,19K158,P.S. 158 Warwick,EMS,2.6,14
2023,19K149,P.S. 149 Danny Kaye,EMS,3.895,18
2023,19K159,P.S. 159 Isaac Pitkin,EMS,2.7483333333333335,18
2023,18K763,Brooklyn Science and Engineering Academy,EMS,3.9141666666666666,24
2023,19K089,P.S. 089 Cypress Hills,EMS,2.5104347826086957,23
2023,19K065,P.S. 065,EMS,4.22875,16
2023,19K218,J.H.S. 218 James P. Sinnott,EMS,2.5644,25
2023,19K214,P.S. 214 Michael Friedsam,EMS,2.2711111111111113,18
2023,19K224,P.S. 224 Hale A. Woodruff,EMS,3.080714285714286,14
2023,19K292,J.H.S. 292 Margaret S. Douglas,EMS,2.2152,25
2023,19K273,P.S. 273 Wortman,EMS,1.9783333333333333,12
2023,19K202,P.S. 202 Ernest S. Jenkyns,EMS,2.215,6
2023,19K290,P.S. 290 Juan Morel Campos,EMS,2.75625,16
2023,19K213,P.S. 213 New Lots,EMS,2.0855555555555556,9
2023,19K328,P.S. 328 Phyllis Wheatley,EMS,3.427142857142857,14
2023,19K306,P.S. 306 Ethan Allen,EMS,3.8735714285714287,14
2023,19K364,I.S. 364 Gateway,EMS,2.7583333333333333,18
2023,19K409,East New York Family Academy,EMS,2.196818181818182,22
2023,19K409,East New York Family Academy,HS,2.798695652173913,23
2023,19K325,The Fresh Creek School,EMS,3.158,5
2023,19K346,P.S. 346 Abe Stark,EMS,3.227333333333333,15
2023,19K404,Academy for Young Writers,EMS,2.766,20
2023,19K404,Academy for Young Writers,HS,2.8645454545454547,22
2023,19K502,FDNY - Captain Vernon A. Richard High School for Fire and Life Safety,HS,3.1045454545454545,22
2023,19K510,World Academy for Total Community Health High School,HS,2.6754545454545453,22
2023,19K422,Spring Creek Community School,HS,2.2468181818181816,22
2023,19K422,Spring Creek Community School,EMS,2.3466666666666667,18
2023,19K504,High School for Civil Rights,HS,2.3704761904761904,21
2023,19K452,Frederick Douglass Academy VIII Middle School,EMS,2.936818181818182,22
2023,19K507,Performing Arts and Technology High School,HS,3.6256521739130436,23
2023,19K760,Highland Park Community School,EMS,3.3817391304347826,23
2023,19K583,Multicultural High School,HS,3.4622727272727274,22
2023,19K615,Transit Tech Career and Technical Education High School,HS,3.1845833333333333,24
2023,19K618,Academy of Innovative Technology,HS,3.869565217391304,23
2023,19K557,Brooklyn Gardens Elementary School,EMS,2.686,15
2023,19K654,Van Siclen Community Middle School,EMS,2.4412,25
2023,19K659,Cypress Hills Collegiate Preparatory School,HS,4.112916666666667,24
2023,19K662,Liberty Avenue Middle School,EMS,2.6948,25
2023,19K661,Vista Academy,EMS,3.1248,25
2023,19K663,School of the Future Brooklyn,EMS,2.3333333333333335,21
2023,19K660,W. H. Maxwell Career and Technical Education High School,HS,2.9995652173913046,23
2023,19K639,Brooklyn Lab School,HS,3.5708333333333333,24
2023,19K764,The Urban Assembly School for Collaborative Healthcare,HS,3.044090909090909,22
2023,19K935,M.S. 935,EMS,1.9070833333333332,24
2023,19K677,East New York Elementary School of Excellence,EMS,2.247777777777778,18
2023,19K678,East New York Middle School of Excellence,EMS,2.7516,25
2023,19K907,Legacy School of the Arts,EMS,2.0120833333333334,24
2023,19K683,School for Classics High School,HS,2.286086956521739,23
2023,19K953,The East New York Arts and Civics High School,HS,3.143181818181818,22
2023,20K048,P.S. 048 Mapleton,EMS,3.1661111111111113,18
2023,20K062,J.H.S. 062 Ditmas,EMS,2.8448,25
2023,20K030,P.S./I.S. 30 Mary White Ovington,EMS,2.92,25
2023,20K105,P.S. 105 The Blythebourne,EMS,3.987142857142857,14
2023,20K104,P.S./I.S. 104 The Fort Hamilton School,EMS,3.0244,25
2023,20K102,P.S. 102 The Bayview,EMS,3.567142857142857,14
2023,20K069,P.S. 69 Vincent D. Grippo School,EMS,3.64875,16
2023,20K176,P.S. 176 Ovington,EMS,3.846111111111111,18
2023,20K112,P.S. 112 Lefferts Park,EMS,3.444,15
2023,20K185,P.S. 185 Walter Kassenbrock,EMS,3.4778571428571428,14
2023,20K179,P.S. 179 Kensington,EMS,2.755714285714286,14
2023,20K180,The SEEALL Academy,EMS,2.9728,25
2023,20K170,Ralph A. Fabrizio School,EMS,3.6862500000000002,16
2023,20K164,P.S. 164 Caesar Rodney,EMS,3.671875,16
2023,20K127,P.S. 127 McKinley Park,EMS,4.033571428571428,14
2023,20K163,P.S. 163 Bath Beach,EMS,4.104285714285714,21
2023,20K160,P.S. 160 William T. Sampson,EMS,3.940625,16
2023,20K186,P.S. 186 Dr. Irving A Gladstone,EMS,3.6350000000000002,18
2023,20K201,The Madeleine Brennan School,EMS,4.263333333333334,27
2023,20K192,P.S. 192 - The Magnet School for Math and Science Inquiry,EMS,3.01,25
2023,20K227,J.H.S. 227 Edward B. Shallow,EMS,3.261851851851852,27
2023,20K229,P.S. 229 Dyker,EMS,3.360869565217391,23
2023,20K187,The Christa McAuliffe School\I.S. 187,EMS,4.449565217391305,23
2023,20K205,P.S. 205 Clarion,EMS,3.475625,16
2023,20K223,J.H.S. 223 The Montauk,EMS,2.982,25
2023,20K220,J.H.S. 220 John J. Pershing,EMS,4.0633333333333335,27
2023,20K204,P.S. 204 Vince Lombardi,EMS,3.6066666666666665,18
2023,20K200,P.S. 200 Benson School,EMS,2.865263157894737,19
2023,20K445,New Utrecht High School,HS,2.29625,24
2023,20K485,High School of Telecommunication Arts and Technology,HS,3.7783333333333333,24
2023,20K310,The School For Future Leaders,EMS,4.11,14
2023,20K264,P.S. 264 Bay Ridge Elementary School For The Arts,EMS,3.692142857142857,14
2023,20K247,P.S. 247 Brooklyn,EMS,4.123571428571428,14
2023,20K259,J.H.S. 259 William McKinley,EMS,4.198,25
2023,20K490,Fort Hamilton High School,HS,2.88125,24
2023,20K609,Urban Assembly School for Leadership and Empowerment,HS,4.363636363636363,22
2023,20K686,Brooklyn School of Inquiry,EMS,4.3325000000000005,20
2023,20K505,Franklin Delano Roosevelt High School,HS,2.2683333333333335,24
2023,20K506,P.S. 506: The School of Journalism & Technology,EMS,2.648888888888889,18
2023,20K609,Urban Assembly School for Leadership and Empowerment,EMS,2.92,21
2023,20K682,The Academy of Talented Scholars,EMS,4.187142857142857,14
2023,20K503,P.S. 503: The School of Discovery,EMS,3.311875,16
2023,21K095,P.S. 095 The Gravesend,EMS,3.2792,25
2023,20K748,P.S. 748 Brooklyn School for Global Scholars,EMS,3.434285714285714,14
2023,21K096,I.S. 096 Seth Low,EMS,3.1856,25
2023,20K971,"School of Math, Science, and Healthy Living",EMS,2.6506666666666665,15
2023,20K936,MS 936 Arts Off 3rd,EMS,3.896,25
2023,21K101,P.S. 101 The Verrazano,EMS,3.887857142857143,14
2023,21K099,P.S. 099 Isaac Asimov,EMS,2.3184,25
2023,21K097,P.S. 97 The Highlawn,EMS,3.692142857142857,14
2023,21K098,I.S. 98 Bay Academy,EMS,4.517619047619048,21
2023,21K100,P.S. 100 The Coney Island School,EMS,3.32,16
2023,21K090,P.S. 90 Edna Cohen School,EMS,2.7225,12
2023,21K153,P.S. 153 Homecrest,EMS,2.632941176470588,17
2023,21K121,P.S. 121 Nelson A. Rockefeller,EMS,3.149047619047619,21
2023,21K209,P.S. 209 Margaret Mead,EMS,2.922083333333333,24
2023,21K212,P.S. 212 Lady Deborah Moody,EMS,2.8366666666666664,18
2023,21K199,P.S. 199 Frederick Wachtel,EMS,2.8452941176470588,17
2023,21K128,P.S. 128 Bensonhurst,EMS,2.2657142857142856,14
2023,21K215,P.S. 215 Morris H. Weiss,EMS,2.895625,16
2023,21K188,P.S. 188 Michael E. Berdy,EMS,2.697857142857143,14
2023,21K177,P.S. 177 The Marlboro,EMS,3.5441176470588234,17
2023,21K239,Mark Twain I.S. 239 for the Gifted & Talented,EMS,4.565,24
2023,21K238,P.S. 238 Anne Sullivan,EMS,2.294,25
2023,21K288,P.S. 288 The Shirley Tanyhill,EMS,1.652,25
2023,21K226,P.S. 226 Alfred De B. Mason,EMS,2.8404000000000003,25
2023,21K225,P.S. K225 - The Eileen E. Zaglin,EMS,2.3004,25
2023,21K228,I.S. 228 David A. Boody,EMS,3.5568,25
2023,21K253,P.S. 253,EMS,4.320714285714286,14
2023,21K281,I.S. 281 Joseph B Cavallaro,EMS,3.382,25
2023,21K216,P.S. 216 Arturo Toscanini,EMS,3.242857142857143,14
2023,21K303,I.S. 303 Herbert S. Eisenberg,EMS,3.0384,25
2023,21K410,Abraham Lincoln High School,HS,3.2129166666666666,24
2023,21K348,High School of Sports Management,HS,2.645652173913043,23
2023,21K344,Rachel Carson High School for Coastal Studies,HS,3.9720833333333334,24
2023,21K329,P.S. 329 Surfside,EMS,2.014375,16
2023,21K468,Kingsborough Early College School,EMS,2.737391304347826,23
2023,21K337,International High School at Lafayette,HS,3.6544444444444446,18
2023,21K468,Kingsborough Early College School,HS,4.282608695652174,23
2023,21K540,John Dewey High School,HS,2.53125,24
2023,21K525,Edward R. Murrow High School,HS,2.671666666666667,24
2023,21K559,Life Academy High School for Film and Music,HS,2.8425000000000002,24
2023,21K572,Leaders High School,HS,4.011052631578948,19
2023,22K014,J.H.S. 014 Shell Bank,EMS,2.5204,25
2023,21K690,Brooklyn Studio Secondary School,HS,3.129583333333333,24
2023,22K052,P.S. 052 Sheepshead Bay,EMS,2.446,15
2023,21K728,Liberation Diploma Plus,HST,3.9,24
2023,21K620,William E. Grady Career and Technical Education High School,HS,2.2470833333333333,24
2023,21K690,Brooklyn Studio Secondary School,EMS,2.8192,25
2023,22K078,J.H.S. 078 Roy H. Mann,EMS,3.2308,25
2023,22K109,P.S. 109,EMS,3.1392,25
2023,22K195,P.S. 195 Manhattan Beach,EMS,4.282,10
2023,22K198,P.S. 198 Brooklyn,EMS,2.953333333333333,9
2023,22K139,P.S. 139 Alexine A. Fenty,EMS,2.7994444444444446,18
2023,22K197,P.S. 197 - The Kings Highway Academy,EMS,3.025,16
2023,22K152,School of Science & Technology,EMS,3.175,18
2023,22K134,P.S. K134,EMS,4.658333333333333,12
2023,22K193,P.S. 193 Gil Hodges,EMS,2.8842857142857143,14
2023,22K194,P.S. 194 Raoul Wallenberg,EMS,2.688235294117647,17
2023,22K119,P.S. 119 Amersfort,EMS,2.6222222222222222,18
2023,22K203,P.S. 203 Floyd Bennett School,EMS,2.8473333333333333,15
2023,22K217,P.S. 217 Colonel David Marcus School,EMS,2.715,18
2023,22K207,P.S. 207 Elizabeth G. Leary,EMS,2.9304,25
2023,22K206,P.S. 206 Joseph F Lamb,EMS,2.7948,25
2023,22K234,J.H.S. 234 Arthur W. Cunningham,EMS,3.5736,25
2023,22K236,P.S. 236 Mill Basin,EMS,4.063571428571429,14
2023,22K240,Andries Hudde,EMS,2.528,25
2023,22K222,P.S. 222 Katherine R. Snyder,EMS,4.09,14
2023,22K381,I. S. 381,EMS,2.7976,25
2023,22K255,P.S. 255 Barbara Reing School,EMS,3.3668750000000003,16
2023,22K361,P.S. 361 East Flatbush Early Childhood School,EMS,2.620833333333333,12
2023,22K254,P.S. 254 Dag Hammarskjold,EMS,4.037142857142857,14
2023,22K278,J.H.S. 278 Marine Park,EMS,2.4648,25
2023,22K315,P.S. K315,EMS,3.1355555555555554,18
2023,22K312,P.S. 312 Bergen Beach,EMS,3.5823529411764707,17
2023,22K245,P.S. 245,EMS,4.136923076923077,13
2023,22K277,P.S. 277 Gerritsen Beach,EMS,3.4250000000000003,14
2023,22K326,P.S. 326,EC,3.0949999999999998,2
2023,22K251,P.S. 251 Paerdegat,EMS,2.304666666666667,15
2023,22K405,Midwood High School,HS,4.051666666666667,24
2023,22K425,James Madison High School,HS,3.288333333333333,24
2023,22K535,Leon M. Goldstein High School for the Sciences,HS,4.191818181818181,22
2023,22K555,Brooklyn College Academy,HS,4.685909090909091,22
2023,22K611,Origins High School,HS,3.42125,24
2023,23K137,P.S. 137 Rachel Jean Mitchell,EMS,3.2875,8
2023,23K150,P.S. 150 Christopher,EMS,2.295714285714286,7
2023,22K630,Professional Pathways High School,HST,3.9976000000000003,25
2023,23K165,P.S. 165 Ida Posner,EMS,3.4766666666666666,9
2023,23K155,P.S./ I.S. 155 Nicholas Herkimer,EMS,3.400434782608696,23
2023,22K890,M.S. 890,EMS,3.404,25
2023,23K156,P.S. 156 Waverly,EMS,2.57625,16
2023,22K889,P.S. 889,EMS,2.7053846153846153,13
2023,23K041,P.S. 041 Francis White,EMS,2.7314285714285713,7
2023,23K178,P.S. 178 Saint Clair Mckelway,EMS,2.5369565217391306,23
2023,23K184,P.S. 184 Newport,EMS,2.007083333333333,24
2023,23K323,P.S./I.S. 323,EMS,2.5939130434782607,23
2023,23K446,Riverdale Avenue Community School,EMS,3.632142857142857,14
2023,23K363,Brownsville Collaborative Middle School,EMS,3.763684210526316,19
2023,23K284,"The Gregory Jocko Jackson School of Sports, Art, and Technology",EMS,2.6283333333333334,12
2023,23K298,P.S. 298 Dr. Betty Shabazz,EMS,2.482857142857143,7
2023,23K327,P.S. 327 Dr. Rose B. English,EMS,2.2057142857142855,7
2023,23K392,I.S. 392,EMS,2.9154545454545455,22
2023,23K493,Brooklyn Collegiate: A College Board School,HS,2.867391304347826,23
2023,23K401,Christopher Avenue Community School,EMS,3.0816666666666666,6
2023,23K522,Mott Hall IV,EMS,2.256111111111111,18
2023,23K644,Eagle Academy for Young Men II,HS,2.6943478260869567,23
2023,23K644,Eagle Academy for Young Men II,EMS,4.445,20
2023,23K518,Kappa V (Knowledge and Power Preparatory Academy),EMS,4.036428571428572,14
2023,23K514,Frederick Douglass Academy VII High School,HS,3.6604761904761904,21
2023,23K643,Brooklyn Democracy Academy,HST,3.00375,24
2023,23K647,Metropolitan Diploma Plus High School,HST,3.1556521739130434,23
2023,23K599,Brooklyn Landmark Elementary School,EMS,3.92,10
2023,23K664,Brooklyn Environmental Exploration School (BEES),EMS,2.2624,25
2023,24Q007,P.S. 007 Louis F. Simeone,EMS,4.146428571428571,14
2023,23K668,Riverdale Avenue Middle School,EMS,2.9536363636363636,22
2023,23K671,Mott Hall Bridges Academy,EMS,2.1166666666666667,18
2023,24Q012,P.S. 012 James B. Colgate,EMS,3.28,18
2023,23K697,Teachers Preparatory High School,HS,1.7608695652173914,23
2023,24Q005,I.S. 5 - The Walter Crowley Intermediate School,EMS,3.1428000000000003,25
2023,24Q014,P.S. 014 Fairview,EMS,2.077777777777778,18
2023,24Q058,P.S. 58 - The School of Heroes,EMS,2.6394444444444445,18
2023,24Q073,I.S. 73 - The Frank Sansivieri Intermediate School,EMS,3.434814814814815,27
2023,24Q068,P.S. 068 Cambridge,EMS,3.42,18
2023,24Q077,Joseph F. Quinn Intermediate School 77,EMS,2.724,25
2023,24Q016,P.S. Q016 The Nancy DeBenedittis School,EMS,2.5927777777777776,18
2023,24Q019,P.S. 019 Marino Jeantet,EMS,2.4915,20
2023,24Q013,P.S. 013 Clement C. Moore,EMS,3.9672222222222224,18
2023,24Q028,P.S. 28 - The Thomas Emanuel Early Childhood Center,EC,3.215,2
2023,24Q071,P.S. 071 Forest,EMS,2.89875,16
2023,24Q049,P.S. 049 Dorothy Bonawit Kole,EMS,3.0648,25
2023,24Q061,I.S. 061 Leonardo Da Vinci,EMS,3.1268,25
2023,24Q088,P.S. 088 Seneca,EMS,2.871111111111111,18
2023,24Q113,P.S./I.S. 113 Anthony J. Pranzo,EMS,3.1788,25
2023,24Q087,P.S./I.S. 087 Middle Village,EMS,3.3485714285714288,21
2023,24Q093,I.S. 093 Ridgewood,EMS,3.1124,25
2023,24Q110,P.S. 110,EMS,2.9827777777777778,18
2023,24Q081,P.S. 81Q Jean Paul Richter,EMS,3.35,18
2023,24Q091,P.S. 091 Richard Arkwright,EMS,2.8033333333333332,18
2023,24Q102,P.S. 102 Bayview,EMS,3.1768,25
2023,24Q119,P.S./I.S. 119 The Glendale,EMS,3.2628,25
2023,24Q089,P.S. 89Q: The Jose Peralta School of Dreamers,EMS,2.835,18
2023,24Q199,P.S. 199 Maurice A. Fitzgerald,EMS,2.4066666666666667,18
2023,24Q236,International High School for Health Sciences,HS,3.4766666666666666,18
2023,24Q125,I.S. 125 Thom J. McCann Woodside,EMS,2.8044444444444445,27
2023,24Q229,P.S. 229 Emanuel Kaplan,EMS,2.798888888888889,18
2023,24Q128,"P.S. 128 The Lorraine Tuzzo, Juniper Valley Elementary School",EMS,3.2600000000000002,23
2023,24Q153,P.S. 153 Maspeth Elem,EMS,2.868888888888889,18
2023,24Q211,Elm Tree Elementary School,EMS,3.042222222222222,18
2023,24Q143,P.S. 143 Louis Armstrong,EMS,2.37,18
2023,24Q239,P.S. 239,EMS,2.8375,16
2023,24Q264,Academy of Finance and Enterprise,HS,4.28625,24
2023,24Q296,Pan American International High School,HS,4.404444444444445,18
2023,24Q267,High School of Applied Communication,HS,3.393913043478261,23
2023,24Q293,Civic Leadership Academy,HS,3.888695652173913,23
2023,24Q290,A.C.E. Academy for Scholars at the Geraldine Ferraro Campus,EMS,3.016,15
2023,24Q305,Learners and Leaders,EMS,3.1216666666666666,18
2023,24Q299,Bard High School Early College Queens,HS,4.596818181818182,22
2023,24Q485,Grover Cleveland High School,HS,2.6774999999999998,24
2023,24Q311,Corona Arts & Sciences Academy,EMS,2.508,25
2023,24Q307,Pioneer Academy,EMS,3.1838888888888888,18
2023,24Q455,Newtown High School,HS,2.6725,24
2023,24Q520,Middle College High School at LaGuardia Community College,HS,3.970555555555556,18
2023,24Q330,Helen M. Marshall School,EMS,3.438888888888889,18
2023,24Q419,MS 419,EMS,3.0756521739130434,23
2023,24Q560,"Robert F. Wagner, Jr. Secondary School for Arts and Technology",HS,3.9260869565217393,23
2023,24Q530,International High School at LaGuardia Community College,HS,4.734117647058824,17
2023,24Q550,High School for Arts and Business,HS,4.420416666666667,24
2023,24Q560,"Robert F. Wagner, Jr. Secondary School for Arts and Technology",EMS,4.0855,20
2023,25Q021,P.S. 021 Edward Hart,EMS,3.2355555555555555,18
2023,24Q610,Aviation Career & Technical Education High School,HS,4.5925,24
2023,24Q600,Queens Technical High School,HS,2.8345833333333332,24
2023,25Q022,P.S. 022 Thomas Jefferson,EMS,4.016470588235294,17
2023,25Q020,P.S. 020 John Bowne,EMS,2.796666666666667,18
2023,24Q744,VOYAGES Preparatory,HST,2.9064,25
2023,24Q585,Maspeth High School,HS,4.635,24
2023,25Q032,P.S. 032 State Street,EMS,3.778235294117647,17
2023,25Q029,P.S. 029 Queens,EMS,2.8488235294117645,17
2023,25Q107,P.S. 107 Thomas A Dooley,EMS,2.6983333333333333,18
2023,25Q130,P.S. 130,EMS,4.241666666666667,12
2023,25Q154,P.S. 154 Queens,EMS,3.319166666666667,12
2023,25Q025,I.S. 025 Adrien Block,EMS,4.254,25
2023,25Q129,P.S. 129 Patricia Larkin,EMS,3.045,18
2023,25Q163,P.S. 163 Flushing Heights,EMS,4.3525,16
2023,25Q120,P.S. 120 Queens,EMS,3.4617647058823526,17
2023,25Q024,P.S. 024 Andrew Jackson,EMS,4.28375,16
2023,25Q079,P.S. 079 Francis Lewis,EMS,4.613571428571428,14
2023,25Q164,P.S. 164 Queens Valley,EMS,3.2943478260869563,23
2023,25Q165,P.S. 165 Edith K. Bergtraum,EMS,3.7075,16
2023,25Q185,J.H.S. 185 Edward Bleeker,EMS,3.6616,25
2023,25Q193,P.S. 193 Alfred J. Kennedy,EMS,4.048461538461538,13
2023,25Q194,J.H.S. 194 William Carr,EMS,3.9516,25
2023,25Q169,P.S. 169 Bay Terrace,EMS,3.4,13
2023,25Q184,P.S. 184 Flushing Manor,EMS,3.677142857142857,14
2023,25Q200,P.S./M.S. 200 - The Magnet School of Global Studies and Leadership,EMS,3.0816,25
2023,25Q189,J.H.S. 189 Daniel Carter Beard,EMS,2.9252,25
2023,25Q214,P.S. 214 Cadwallader Colden,EMS,2.6714285714285713,14
2023,25Q241,Queens High School for Language Studies,HS,4.413913043478261,23
2023,25Q219,P.S. 219 Paul Klapper,EMS,3.6644,25
2023,25Q244,The Active Learning Elementary School,EC,3.575,2
2023,25Q201,P.S. 201 The Discovery School for Inquiry and Research,EMS,3.2811764705882354,17
2023,25Q240,Veritas Academy,HS,3.02875,24
2023,25Q209,P.S. 209 Clearview Gardens,EMS,4.1,13
2023,25Q237,I.S. 237,EMS,3.4848,25
2023,25Q250,I.S. 250 The Robert F. Kennedy Community Middle School,EMS,2.4524,25
2023,25Q242,P.S. 242 Leonard P. Stavisky Early Childhood School,EC,3.085,2
2023,25Q281,East-West School of International Studies,HS,4.132173913043478,23
2023,25Q252,"Queens School of Inquiry, The",EMS,2.7425,20
2023,25Q263,Flushing International High School,HS,3.701111111111111,18
2023,25Q252,"Queens School of Inquiry, The",HS,3.8590476190476193,21
2023,25Q285,World Journalism Preparatory: A College Board School,HS,4.163181818181818,22
2023,25Q285,World Journalism Preparatory: A College Board School,EMS,4.1365,20
2023,25Q281,East-West School of International Studies,EMS,4.335714285714285,21
2023,25Q379,College Point Collaborative,EMS,2.4144,25
2023,25Q294,BELL Academy,EMS,4.553684210526316,19
2023,25Q425,John Bowne High School,HS,2.54875,24
2023,25Q460,Flushing High School,HS,2.8408333333333333,24
2023,25Q499,"The Queens College School for Math, Science and Technology",EMS,3.6977272727272728,22
2023,25Q792,North Queens Community High School,HST,3.1057894736842107,19
2023,26Q026,P.S. 026 Rufus King,EMS,3.1013333333333333,15
2023,25Q540,Queens Academy High School,HST,4.404,25
2023,25Q670,Robert F. Kennedy Community High School,HS,3.2545833333333336,24
2023,26Q018,P.S. 018 Winchester,EMS,3.56,12
2023,26Q031,P.S. 031 Bayside,EMS,3.9092307692307693,13
2023,25Q525,Townsend Harris High School,HS,4.780909090909091,22
2023,26Q041,P.S. 041 Crocheron,EMS,4.554166666666667,12
2023,26Q159,P.S. 159,EMS,4.26625,16
2023,26Q162,P.S. 162 John Golden,EMS,3.664375,16
2023,26Q074,J.H.S. 074 Nathaniel Hawthorne,EMS,4.3536,25
2023,26Q115,The James J. Ambrose School,EMS,3.6607142857142856,14
2023,26Q158,M.S. 158 Marie Curie,EMS,4.452916666666667,24
2023,26Q046,P.S. 046 Alley Pond,EMS,3.846,15
2023,26Q067,J.H.S. 067 Louis Pasteur,EMS,4.485454545454545,22
2023,26Q133,P.S. 133 Queens,EMS,3.580714285714286,14
2023,26Q094,P.S. 094 David D. Porter,EMS,4.719166666666667,12
2023,26Q098,P.S. 098 The Douglaston School,EMS,4.434,10
2023,26Q172,Irwin Altman Middle School 172,EMS,3.9288,25
2023,26Q216,J.H.S. 216 George J. Ryan,EMS,4.5304,25
2023,26Q173,P.S. 173 Fresh Meadows,EMS,3.946875,16
2023,26Q178,P.S./ IS 178 Holliswood,EMS,2.710952380952381,21
2023,26Q186,P.S. 186 Castlewood,EMS,3.8755555555555556,9
2023,26Q213,P.S. 213 The Carl Ullman School,EMS,3.0764285714285715,14
2023,26Q188,P.S. 188 Kingsbury,EMS,4.373333333333333,12
2023,26Q203,P.S. 203 Oakland Gardens,EMS,4.735833333333334,12
2023,26Q191,P.S. 191 Mayflower,EMS,3.453,10
2023,26Q435,Martin Van Buren High School,HS,3.42625,24
2023,26Q430,Francis Lewis High School,HS,3.6508333333333334,24
2023,26Q315,Business Technology Early College High School,HS,4.538260869565217,23
2023,26Q266,P.S./I.S. 266,EMS,2.993333333333333,24
2023,26Q415,Benjamin N. Cardozo High School,HS,3.4970833333333333,24
2023,26Q221,P.S. 221 The North Hills School,EMS,3.802142857142857,14
2023,26Q376,P.S. 376,EMS,4.6242857142857146,14
2023,26Q495,Bayside High School,HS,4.550833333333333,24
2023,26Q566,"Queens High School of Teaching, Liberal Arts and the Sciences",HS,3.69,23
2023,27Q042,P.S./M.S 042 R. Vernam,EMS,2.277391304347826,23
2023,27Q047,P.S. 047 Chris Galas,EMS,3.3782352941176472,17
2023,27Q045,P.S. 045 Clarence Witherspoon,EMS,1.8208333333333333,12
2023,27Q053,M.S. 053 Brian Piccolo,EMS,3.8844,25
2023,27Q051,P.S. 051,EC,1.8,2
2023,27Q056,P.S. 056 Harry Eichler,EMS,2.756666666666667,18
2023,27Q065,P.S. 65 - The Raymond York Elementary School,EMS,2.715,14
2023,27Q090,P.S. 090 Horace Mann,EMS,3.162777777777778,18
2023,27Q064,P.S. 064 Joseph P. Addabbo,EMS,2.3435714285714284,14
2023,27Q066,P.S. 066 Jacqueline Kennedy Onassis,EMS,4.582857142857143,14
2023,27Q062,P. S. 62 - Chester Park School,EMS,2.7744444444444443,18
2023,27Q063,P.S. 063 Old South,EMS,3.1527777777777777,18
2023,27Q060,P.S. 060 Woodhaven,EMS,3.05875,16
2023,27Q123,P.S. 123,EMS,4.04,15
2023,27Q105,P.S. 105 The Bay School,EMS,2.304,25
2023,27Q124,P.S. 124 Osmond A Church,EMS,2.8896,25
2023,27Q114,P.S./M.S. 114 Belle Harbor,EMS,3.363888888888889,18
2023,27Q097,P.S. 097 Forest Park,EMS,3.035555555555556,18
2023,27Q108,P.S. 108 Captain Vincent G. Fowler,EMS,3.3794444444444443,18
2023,27Q100,P.S. 100 Glen Morris,EMS,3.021875,16
2023,27Q096,P.S. 096,EMS,3.817,10
2023,27Q106,Lighthouse Elementary School,EMS,1.9485714285714284,7
2023,27Q223,P.S. 223 Lyndon B. Johnson,EMS,1.7683333333333333,18
2023,27Q146,P.S. 146 Howard Beach,EMS,3.0704545454545453,22
2023,27Q197,P.S. 197 The Ocean School,EMS,4.012222222222222,18
2023,27Q183,P.S. 183 Dr. Richard R. Green,EMS,2.4356,25
2023,27Q210,J.H.S. 210 Elizabeth Blackwell,EMS,3.28,25
2023,27Q226,J.H.S. 226 Virgil I. Grissom,EMS,2.6816,25
2023,27Q155,P.S. 155,EMS,3.61,10
2023,27Q137,M.S. 137 America's School of Heroes,EMS,3.638,25
2023,27Q207,P.S. 207 Rockwood Park,EMS,3.1763157894736844,19
2023,27Q202,J.H.S. 202 Robert H. Goddard,EMS,3.2960000000000003,25
2023,27Q253,The Randolph Holder School for Social Justice,EMS,2.3255555555555554,18
2023,27Q262,Channel View School for Research,HS,3.928695652173913,23
2023,27Q260,Frederick Douglass Academy VI High School,HS,2.99,23
2023,27Q262,Channel View School for Research,EMS,2.9695833333333335,24
2023,27Q261,Voyages Prep - South Queens,HST,4.4,24
2023,27Q232,P.S. 232 Lindenwood,EMS,2.602222222222222,27
2023,27Q254,P.S. 254 - The Rosa Parks School,EMS,2.9285714285714284,14
2023,27Q302,"Queens High School for Information, Research, and Technology",HS,4.1025,24
2023,27Q273,P.S. 273,EMS,3.077272727272727,11
2023,27Q309,Academy of Medical Technology: A College Board School,EMS,2.586,25
2023,27Q306,New York City Academy for Discovery,EMS,2.9011764705882355,17
2023,27Q297,Hawtree Creek Middle School,EMS,3.6543478260869566,23
2023,27Q308,Robert H. Goddard High School of Communication Arts and Technology,HS,4.313913043478261,23
2023,27Q282,Knowledge and Power Preparatory Academy VI,EMS,3.48,23
2023,27Q309,Academy of Medical Technology: A College Board School,HS,2.88695652173913,23
2023,27Q318,Waterside School For Leadership,EMS,3.3004545454545453,22
2023,27Q314,Epic High School - South,HS,2.888695652173913,23
2023,27Q323,Scholars' Academy,HS,4.923636363636364,22
2023,27Q319,Village Academy,EMS,3.7028,25
2023,27Q316,Queens Explorers Elementary School,EMS,3.5942857142857143,14
2023,27Q323,Scholars' Academy,EMS,4.571052631578947,19
2023,27Q317,Waterside Children's Studio School,EMS,3.634,15
2023,27Q324,Rockaway Park High School for Environmental Sustainability,HS,2.40875,24
2023,27Q334,Epic High School - North,HS,3.6156521739130434,23
2023,27Q351,Rockaway Collegiate High School,HS,1.9169565217391304,23
2023,27Q377,S.T.A.R. Leadership Academy,EMS,2.941875,16
2023,27Q333,Goldie Maple Academy,EMS,1.7640909090909092,22
2023,27Q362,Wave Preparatory Elementary School,EMS,3.717,10
2023,27Q480,John Adams High School,HS,3.45,24
2023,28Q008,J.H.S. 008 Richard S. Grossley,EMS,2.9472,25
2023,27Q475,Richmond Hill High School,HS,3.192083333333333,24
2023,27Q650,"High School for Construction Trades, Engineering and Architecture",HS,4.90695652173913,23
2023,27Q400,August Martin High School,HS,3.702916666666667,24
2023,28Q040,P.S. 040 Samuel Huntington,EMS,4.308125,16
2023,28Q082,P.S. 082 Hammond,EMS,2.536111111111111,18
2023,28Q054,P.S. 054 Hillside,EMS,3.163125,16
2023,28Q099,P.S. 099 Kew Gardens,EMS,3.88375,16
2023,28Q101,P.S. 101 School in the Gardens,EMS,4.425454545454546,11
2023,28Q072,Catherine & Count Basie Middle School 72,EMS,2.7156000000000002,25
2023,28Q080,PS 80  The Thurgood Marshall Magnet School of Multimedia and Communication,EMS,3.085625,16
2023,28Q050,P.S. 050 Talfourd Lawn Elementary School,EMS,2.94,18
2023,28Q055,P.S. 055 Maure,EMS,3.1270000000000002,10
2023,28Q048,David N. Dinkins School,EMS,3.775625,16
2023,28Q086,P.S. Q086,EMS,3.065714285714286,14
2023,28Q117,P.S. 117 J. Keld / Briarwood School,EMS,2.8833333333333333,18
2023,28Q161,P.S. 161 Arthur Ashe School,EMS,2.8657142857142857,14
2023,28Q139,P.S. 139 Rego Park,EMS,3.722857142857143,14
2023,28Q160,P.S. 160 Walter Francis Bishop,EMS,3.644705882352941,17
2023,28Q157,J.H.S. 157 Stephen A. Halsey,EMS,4.1168000000000005,25
2023,28Q140,P.S. 140 Edward K Ellington,EMS,3.6507692307692308,13
2023,28Q167,Metropolitan Expeditionary Learning School,EMS,2.2644,25
2023,28Q121,P.S. 121 Queens,EMS,4.16875,8
2023,28Q144,P.S. 144 Col Jeromus Remsen,EMS,4.15,13
2023,28Q157,J.H.S. 157 Stephen A. Halsey,HS,3.006666666666667,3
2023,28Q167,Metropolitan Expeditionary Learning School,HS,4.37,23
2023,28Q174,P.S. 174 William Sidney Mount,EMS,4.383571428571429,14
2023,28Q175,P.S. 175 The Lynn Gross Discovery School,EMS,2.740625,16
2023,28Q190,J.H.S. 190 Russell Sage,EMS,3.3264,25
2023,28Q206,P.S. 206 The Horace Harding School,EMS,2.802142857142857,14
2023,28Q220,P.S. 220 Edward Mandel,EMS,2.3353333333333333,15
2023,28Q284,York Early College Academy,EMS,2.8504761904761904,21
2023,28Q196,P.S. 196 Grand Central Parkway,EMS,4.838333333333334,12
2023,28Q182,P.S. 182 Samantha Smith,EMS,2.5270588235294116,17
2023,28Q217,J.H.S. 217 Robert A. Van Wyck,EMS,2.73,25
2023,28Q310,Queens Collegiate: A College Board School,EMS,2.9312,25
2023,28Q328,High School for Community Leadership,HS,4.59304347826087,23
2023,28Q284,York Early College Academy,HS,4.416190476190477,21
2023,28Q287,The Emerson School,EMS,1.9016666666666666,24
2023,28Q303,The Academy for Excellence through the Arts,EMS,4.59,9
2023,28Q310,Queens Collegiate: A College Board School,HS,3.4858333333333333,24
2023,28Q325,Hillside Arts & Letters Academy,HS,3.935,24
2023,28Q312,Jamaica Children's School,EMS,2.38,11
2023,28Q350,Jamaica Gateway to the Sciences,HS,4.084583333333334,24
2023,28Q332,Redwood Middle School,EMS,3.4856521739130435,23
2023,28Q338,Queens Satellite High School for Opportunity,HST,3.2976470588235296,17
2023,28Q349,The Queens School for Leadership and Excellence,EMS,2.5044444444444443,18
2023,28Q354,The Jermaine L. Green STEM Institute of Queens,EMS,3.29875,16
2023,28Q620,Thomas A. Edison Career and Technical Education High School,HS,4.4339130434782605,23
2023,28Q358,M.S. 358,EMS,3.4695833333333335,24
2023,28Q440,Forest Hills High School,HS,3.4316666666666666,24
2023,28Q505,Hillcrest High School,HS,3.485,24
2023,28Q680,Queens Gateway to Health Sciences Secondary School,HS,4.451904761904762,21
2023,28Q680,Queens Gateway to Health Sciences Secondary School,EMS,4.2365,20
2023,28Q687,Queens High School for the Sciences at York College,HS,4.926,20
2023,28Q690,High School for Law Enforcement and Public Safety,HS,2.7730434782608695,23
2023,28Q686,Queens Metropolitan High School,HS,3.9770833333333333,24
2023,28Q896,"Young Women's Leadership School, Queens",HS,4.5738095238095235,21
2023,29Q015,P.S. 015 Jackie Robinson,EMS,3.036363636363636,11
2023,28Q896,"Young Women's Leadership School, Queens",EMS,2.408181818181818,22
2023,29Q038,P.S. 038 Rosedale,EMS,3.592857142857143,7
2023,29Q035,P.S. 035 Nathaniel Woodhull,EMS,3.0823529411764707,17
2023,29Q034,P.S. 034 John Harvard,EMS,3.391764705882353,17
2023,29Q036,P.S. 036 Saint Albans School,EMS,2.174,15
2023,29Q052,P.S. 052 Queens,EMS,2.285625,16
2023,29Q033,P.S. 033 Edward M. Funk,EMS,2.5164705882352942,17
2023,29Q037,Cynthia Jenkins School,EMS,2.05,10
2023,29Q059,I.S. 059 Springfield Gardens,EMS,3.0712,25
2023,29Q095,P.S. 095 Eastwood,EMS,3.7483333333333335,12
2023,30Q078,P.S./I.S. 78Q,EMS,3.8733333333333335,21
2023,29Q136,P.S. 136 Roy Wilkins,EMS,3.002,15
2023,29Q135,The Bellaire School,EMS,2.506666666666667,18
2023,29Q131,P.S. 131 Abigail Adams,EMS,3.46,16
2023,29Q118,P.S. 118 Lorraine Hansberry,EMS,3.156470588235294,17
2023,29Q138,P.S./M.S. 138 Sunrise,EMS,2.75,25
2023,29Q134,P.S. 134 Hollis,EMS,2.428125,16
2023,29Q109,Jean Nuzzi Intermediate School,EMS,2.882,25
2023,29Q116,P.S./I.S. 116 William C. Hughley,EMS,2.9164,25
2023,29Q147,P.S./M.S. 147 Ronald McNair,EMS,2.406,25
2023,29Q132,P.S. 132 Ralph Bunche,EMS,3.681,10
2023,29Q208,P.S./I.S. 208,EMS,2.7859090909090907,22
2023,29Q243,Institute for Health Professions at Cambria Heights,HS,3.81,17
2023,29Q192,I.S. 192 The Linden,EMS,2.4468,25
2023,29Q176,P.S. 176 Cambria Heights,EMS,4.151,10
2023,29Q248,Queens Preparatory Academy,HS,2.871739130434783,23
2023,29Q195,P.S. 195 William Haberle,EMS,2.509,10
2023,29Q156,P.S. 156 Laurelton,EMS,2.99625,8
2023,29Q238,I.S. 238 - Susan B. Anthony Academy,EMS,3.122,25
2023,29Q181,P.S. 181 Brookfield,EMS,4.275,10
2023,29Q259,Pathways College Preparatory School: A College Board School,EMS,4.093529411764706,17
2023,29Q251,P.S. 251 Queens,EMS,2.80375,8
2023,29Q268,P.S./I.S. 268,EMS,2.5548,25
2023,30Q076,P.S. 076 William Hallet,EMS,3.0027777777777778,18
2023,29Q259,Pathways College Preparatory School: A College Board School,HS,4.325,22
2023,29Q270,The Gordon Parks School,EMS,2.3840909090909093,22
2023,29Q265,Excelsior Preparatory High School,HS,3.755217391304348,23
2023,29Q272,George Washington Carver High School for the Sciences,HS,2.7208695652173915,23
2023,75X168,P.S. 168,D75,3.27,3
2023,29Q283,Preparatory Academy for Writers: A College Board School,EMS,3.435,18
2023,29Q289,Queens United Middle School,EMS,3.0968181818181817,22
2023,29Q313,Benjamin Franklin High School for Finance & Information Technology,HS,3.813913043478261,23
2023,29Q295,P.S./I.S. 295,EMS,3.3392,25
2023,29Q283,Preparatory Academy for Writers: A College Board School,HS,3.3813636363636363,22
2023,29Q326,Cambria Heights Academy,HS,3.9582608695652173,23
2023,29Q327,Eagle Academy for Young Men III,HS,3.205217391304348,23
2023,29Q327,Eagle Academy for Young Men III,EMS,2.6466666666666665,21
2023,29Q355,Collaborative Arts Middle School,EMS,2.7004,25
2023,29Q492,"Mathematics, Science Research and Technology Magnet High School",HS,3.27,22
2023,29Q356,Community Voices Middle School,EMS,2.9348,25
2023,29Q360,P.S. 360,EMS,3.9266666666666667,9
2023,29Q498,"Health, Arts, Robotics, and Technology High School",HS,4.294347826086956,23
2023,30Q002,P.S. 002 Alfred Zimberg,EMS,2.7776470588235296,17
2023,30Q011,P.S. 011 Kathryn Phelan,EMS,3.5722222222222224,18
2023,30Q069,P.S. 069 Jackson Heights,EMS,3.103888888888889,18
2023,30Q070,P.S. 070,EMS,3.015,18
2023,30Q010,I.S. 010 Horace Greeley,EMS,3.794,25
2023,30Q017,P.S. 017 Henry David Thoreau,EMS,3.19,18
2023,30Q084,P.S. 084 Steinway,EMS,2.999,10
2023,30Q126,Albert Shanker School for Visual and Performing Arts,EMS,3.648,25
2023,30Q085,P.S. 085 Judge Charles Vallone,EMS,3.2342857142857144,14
2023,30Q127,P.S. 127 Aerospace Science Magnet School,EMS,2.9188,25
2023,30Q112,P.S. 112 Dutch Kills,EMS,2.317222222222222,18
2023,30Q141,I.S. 141 The Steinway,EMS,3.9068,25
2023,30Q111,P.S. 111 Jacob Blackwell,EMS,1.8044,25
2023,30Q122,P.S. 122 Mamie Fay,EMS,3.763478260869565,23
2023,30Q145,I.S. 145 Joseph Pulitzer,EMS,3.212307692307692,26
2023,30Q148,P.S. 148 Queens,EMS,2.968888888888889,18
2023,30Q092,P.S. 092 Harry T. Stewart Sr.,EMS,3.126666666666667,18
2023,30Q227,I.S. 227 Louis Armstrong,EMS,4.414074074074074,27
2023,30Q230,I.S. 230,EMS,3.624,25
2023,30Q150,P.S. 150 Queens,EMS,3.717142857142857,14
2023,30Q151,P.S. 151 Mary D. Carter,EMS,2.726111111111111,18
2023,30Q204,I.S. 204 Oliver W. Holmes,EMS,3.366,25
2023,30Q212,P.S. 212,EMS,3.67875,16
2023,30Q171,P.S. 171 Peter G. Van Alst,EMS,2.6594444444444445,18
2023,30Q234,P.S. 234,EMS,4.289166666666667,12
2023,30Q149,P.S. 149 Christa McAuliffe,EMS,3.131666666666667,18
2023,30Q152,P.S. 152 Gwendoline N. Alleyne School,EMS,3.68,18
2023,30Q166,P.S. 166 Henry Gradstein,EMS,3.535,16
2023,30Q228,The Ivan Lafayette Early Childhood School of the Arts,EC,2.895,2
2023,30Q222,P.S. Q222 - Fire Fighter Christopher A. Santora School,EC,1.69,2
2023,30Q258,Energy Tech High School,HS,4.197391304347827,23
2023,30Q286,"Young Women's Leadership School, Astoria",HS,4.462380952380952,21
2023,30Q286,"Young Women's Leadership School, Astoria",EMS,4.15,21
2023,30Q291,Hunters Point Community Middle School,EMS,3.747391304347826,23
2023,30Q235,Academy for New Americans,EMS,3.403636363636364,11
2023,30Q280,PS280Q: Home of the Lionhearts,EMS,3.009375,16
2023,30Q329,East Elmhurst Community School,EMS,2.9072222222222224,18
2023,30Q301,Academy for Careers in Television and Film,HS,4.464347826086956,23
2023,30Q361,The Woodside Community School,EMS,3.460714285714286,14
2023,30Q398,The Hector Figueroa School,EMS,4.158888888888889,9
2023,30Q445,William Cullen Bryant High School,HS,2.4583333333333335,24
2023,30Q384,Hunters Point Elementary School,EMS,4.613636363636363,11
2023,30Q429,I.S 429,EMS,3.4,12
2023,30Q417,Gotham Tech High School,HS,3.4645454545454544,11
2023,30Q300,The 30th Avenue School (G&T Citywide),EMS,4.39,16
2023,30Q555,Newcomers High School,HS,2.7495652173913046,23
2023,30Q502,Information Technology High School,HS,3.3558333333333334,24
2023,30Q575,Academy of American Studies,HS,4.5125,24
2023,30Q501,Frank Sinatra School of the Arts High School,HS,4.775909090909091,22
2023,30Q450,Long Island City High School,HS,2.30625,24
2023,31R002,I.S. R002 George L. Egbert,EMS,2.5956,25
2023,30Q580,Baccalaureate School for Global Education,EMS,4.436923076923077,13
2023,30Q580,Baccalaureate School for Global Education,HS,4.626190476190477,21
2023,31R003,P.S. 003 The Margaret Gioiosa School,EMS,4.385384615384615,13
2023,31R004,P.S. 004 Maurice Wollin,EMS,3.3264285714285715,14
2023,31R001,P.S. 001 Tottenville,EMS,3.5385714285714287,14
2023,31R006,P.S. 6 Corporal Allan F. Kivlehan School,EMS,4.140666666666667,15
2023,31R011,P.S. 11 Thomas Dongan School,EMS,2.6386666666666665,15
2023,31R009,Naples Street Elementary School,EMS,4.673333333333334,9
2023,31R008,P.S. 8 Shirlee Solomon,EMS,4.7175,12
2023,31R013,P.S. 013 M. L. Lindemeyer,EMS,3.530625,16
2023,31R018,P.S. 018 John G. Whittier,EMS,2.517777777777778,18
2023,31R010,Fort Hill Collaborative Elementary School,EMS,4.034285714285714,14
2023,31R019,P.S. 019 The Curtis School,EMS,2.7262500000000003,16
2023,31R020,P.S. 020 Port Richmond,EMS,2.1894444444444443,18
2023,31R007,I.S. 007 Elias Bernstein,EMS,4.4482608695652175,23
2023,31R005,P.S. 005 Huguenot,EMS,4.5311111111111115,9
2023,31R016,P.S. 016 John J. Driscoll,EMS,2.807777777777778,18
2023,31R022,P.S. 022 Graniteville,EMS,2.9266666666666667,18
2023,31R027,I.S. 027 Anning S. Prall,EMS,2.4452,25
2023,31R028,The Eagle Academy for Young Men of Staten Island,EMS,3.718,25
2023,31R024,I.S. 024 Myra S. Barnes,EMS,3.8556,25
2023,31R023,P.S. 023 Richmondtown,EMS,4.382857142857143,14
2023,31R028,The Eagle Academy for Young Men of Staten Island,HS,2.913,20
2023,31R026,P.S. 026 The Carteret School,EMS,4.5616666666666665,12
2023,31R029,P.S. 029 Bardwell,EMS,3.0221428571428572,14
2023,31R030,P.S. 030 Westerleigh,EMS,4.207142857142857,14
2023,31R021,P.S. 21 Margaret Emery-Elm Park,EMS,4.019230769230769,13
2023,31R031,P.S. 031 William T. Davis,EMS,2.7435714285714283,14
2023,31R036,P.S. 036 J. C. Drumgoole,EMS,3.1214285714285714,14
2023,31R038,P.S. 038 George Cromwell,EMS,2.9514285714285715,14
2023,31R041,The Stephanie A. Vierno School,EMS,3.0722222222222224,18
2023,31R042,P.S. 042 Eltingville,EMS,3.28875,16
2023,31R039,P.S. 39 Francis J. Murphy Jr.,EMS,3.538125,16
2023,31R035,P.S. 35 The Clove Valley School,EMS,4.553333333333334,12
2023,31R034,I.S. 034 Tottenville,EMS,4.444583333333333,24
2023,31R032,P.S. 032 The Gifford School,EMS,4.2092857142857145,14
2023,31R044,P.S. 044 Thomas C. Brown,EMS,2.132222222222222,18
2023,31R047,CSI High School for International Studies,HS,4.749545454545455,22
2023,31R054,P.S. 054 Charles W. Leng,EMS,3.8981250000000003,16
2023,31R052,P.S. 052 John C. Thompson,EMS,3.795714285714286,14
2023,31R045,P.S. 045 John Tyler,EMS,3.198888888888889,18
2023,31R053,The Barbara Esselborn School,EMS,4.369285714285715,14
2023,31R049,I.S. 49 Berta A. Dreyfus,EMS,2.3848,25
2023,31R048,P.S. 048 William G. Wilcox,EMS,2.9736,25
2023,31R046,P.S. 046 Albert V. Maniscalco,EMS,2.587142857142857,14
2023,31R051,I.S. 051 Edwin Markham,EMS,2.5836,25
2023,31R050,P.S. 050 Frank Hankinson,EMS,4.504166666666666,12
2023,31R063,Marsh Avenue School for Expeditionary Learning,EMS,4.038636363636364,22
2023,31R060,P.S. 060 Alice Austen,EMS,2.7544444444444447,18
2023,31R055,P.S. 055 Henry M. Boehm,EMS,3.9835714285714285,14
2023,31R058,Space Shuttle Columbia School,EMS,3.515,16
2023,31R057,P.S. 057 Hubert H. Humphrey,EMS,3.078888888888889,18
2023,31R059,The Harbor View School,EMS,2.5672727272727274,11
2023,31R061,I.S. 061 William A Morris,EMS,2.318,25
2023,31R062,The Kathleen Grimm School for Leadership and Sustainability,EMS,4.0441666666666665,12
2023,31R064,Gaynor McCown Expeditionary Learning School,HS,4.458260869565217,23
2023,31R056,P.S. 56 The Louis Desario School,EMS,4.184285714285714,14
2023,31R065,P.S. 65 The Academy of Innovative Learning,EMS,4.252307692307692,13
2023,31R080,The Michael J. Petrides School,HS,3.5417391304347827,23
2023,31R080,The Michael J. Petrides School,EMS,3.4276,25
2023,31R072,I.S. 072 Rocco Laurie,EMS,3.242,25
2023,31R074,P.S. 74 Future Leaders Elementary School,EMS,2.607222222222222,18
2023,31R075,I.S. 075 Frank D. Paulo,EMS,4.121923076923077,26
2023,31R068,Port Richmond School for Visionary Learning,EMS,2.746875,16
2023,31R069,P.S. 069 Daniel D. Tompkins,EMS,3.095,16
2023,31R078,P.S. 78,EMS,3.015,18
2023,31R450,Curtis High School,HS,3.0479166666666666,24
2023,31R445,Port Richmond High School,HS,2.589166666666667,24
2023,31R085,The Young Women's Leadership School of Staten Island,EMS,2.516111111111111,18
2023,31R440,New Dorp High School,HS,2.7533333333333334,24
2023,31R455,Tottenville High School,HS,3.6258333333333335,24
2023,32K075,P.S. 075 Mayda Cortiella,EMS,2.511875,16
2023,31R605,Staten Island Technical High School,HS,4.8238095238095235,21
2023,31R460,Susan E. Wagner High School,HS,3.5283333333333333,24
2023,31R600,Ralph R. McKee Career and Technical Education High School,HS,2.7720833333333332,24
2023,32K045,P.S./I.S. 045 Horace E. Greene,EMS,2.4196,25
2023,31R470,Concord High School,HST,3.8469565217391306,23
2023,31R861,Staten Island School of Civic Leadership,EMS,3.5992592592592594,27
2023,32K123,P.S. 123 Suydam,EMS,2.5866666666666664,18
2023,32K086,P.S. 086 The Irvington,EMS,2.58,16
2023,32K106,P.S. 106 Edward Everett Hale,EMS,2.59875,16
2023,32K145,P.S. 145 Andrew Jackson,EMS,2.823888888888889,18
2023,32K151,P.S. 151 Lyndon B. Johnson,EMS,2.9084615384615384,13
2023,32K162,J.H.S. 162 The Willoughby,EMS,3.1372,25
2023,32K116,P.S. 116 Elizabeth L Farrell,EMS,2.806875,16
2023,32K168,The Brooklyn School for Math and Research,HS,4.2873913043478264,23
2023,32K299,P.S. 299 Thomas Warren Field,EMS,2.671818181818182,11
2023,32K291,J.H.S. 291 Roland Hayes,EMS,2.5936,25
2023,32K383,J.H.S. 383 Philippa Schuyler,EMS,2.652222222222222,27
2023,32K274,P.S. 274 Kosciusko,EMS,2.4266666666666667,12
2023,32K384,P.S. /I.S. 384 Frances E. Carter,EMS,2.6896,25
2023,32K403,Academy for Excellence in Leadership,HS,3.41,24
2023,32K349,"I.S. 349 Math, Science & Tech.",EMS,2.642,25
2023,32K377,P.S. 377 Alejandrina B. De Gautier,EMS,2.87,9
2023,32K376,P.S. 376,EMS,3.687,10
2023,32K347,I.S. 347 School of Humanities,EMS,2.507391304347826,23
2023,32K554,All City Leadership Secondary School,HS,4.336190476190477,21
2023,32K552,The Academy of Urban Planning and Engineering,HS,3.7656521739130437,23
2023,32K556,Bushwick Leaders High School for Academic Excellence,HS,2.899583333333333,24
2023,32K554,All City Leadership Secondary School,EMS,4.508947368421053,19
2023,32K545,EBC High School for Public Service - Bushwick,HS,2.4808333333333334,24
2023,32K549,The Brooklyn School for Social Justice,HS,2.52875,24
2023,75K231,P.S. K231,D75,3.7866666666666666,3
2023,75M811,P.S. M811 - Mickey Mantle School,D75,3.4466666666666668,3
2023,75K373,P.S. 373 - Brooklyn Transition Center,D75,2.53,3
2023,75K721,P.S. K721 - Brooklyn Occupational Training Center,D75,2.816666666666667,3
2023,32K562,Evergreen Middle School for Urban Exploration,EMS,3.3596,25
2023,75K370,P.S. 370,D75,3.19,3
2023,75K369,P.S. K369 - Coy L. Cox School,D75,3.4766666666666666,3
2023,32K564,Bushwick Community High School,HST,3.9961904761904763,21
2023,75Q004,P.S. Q004,D75,3.7133333333333334,3
2023,75K753,P.S. K753 - School for Career Development,D75,2.9266666666666667,3
2023,75Q023,P.S. Q023 @ Queens Children Center,D75,3.7,3
2023,75K372,P.S. 372 -The Children's School,D75,4.406666666666666,3
2023,75K371,P.S. 371 - Lillian L. Rashkis,D75,2.4699999999999998,3
2023,75Q009,P.S. 009,D75,3.6333333333333333,3
2023,75M035,P.S. 035,D75,3.1733333333333333,3
2023,75K771,P.S. K771,D75,3.55,3
2023,75K811,P.S. K811 Connie Lekas School,D75,2.46,3
2023,75K077,P.S. K077,D75,2.35,3
2023,75K053,P.S. K053,D75,3.0366666666666666,3
2023,75K368,P.S. 368,D75,3.7233333333333336,3
2023,75M079,P.S. M079 - Horan School,D75,2.5566666666666666,3
2023,75K036,P.S. 36,D75,3.0733333333333333,3
2023,75K004,P.S. K004,D75,3.62,3
2023,75Q177,P.S. Q177,D75,2.816666666666667,3
2023,75M138,P.S. 138,D75,3.3866666666666667,3
2023,75Q224,P.S. Q224,D75,3.5633333333333335,3
2023,75M094,P.S. M094,D75,2.836666666666667,3
2023,75M751,Manhattan School for Career Development,D75,2.9433333333333334,3
2023,75M169,P.S. M169 - Robert F. Kennedy,D75,3.1766666666666667,3
2023,75Q075,Robert E. Peary School,D75,3.8333333333333335,3
2023,75M226,P.S. M226,D75,2.8833333333333333,3
2023,75M721,P.S. M721 - Manhattan Occupational Training Center,D75,1.9400000000000002,3
2023,75K141,P.S. K141,D75,3.4766666666666666,3
2023,75K140,P.S. K140,D75,3.58,3
2023,75K396,Sid Miller Academy,D75,3.2133333333333334,3
2023,84K037,Beginning with Children Charter School II,EMS,3.285,20
2023,84K125,Success Academy Charter School - Bed Stuy 2,EMS,4.184545454545455,11
2023,75X010,P.S. X010,D75,3.71,3
2023,84K129,Success Academy Charter School - Cobble Hill,EMS,4.5,10
2023,84K182,Success Academy Charter School - Williamsburg,EMS,4.56625,8
2023,75X188,P.S. X188,D75,3.3533333333333335,3
2023,84K333,Explore Exceed Charter School,EMS,2.4366666666666665,21
2023,75X186,P186X Walter J. Damrosch School,D75,3.7533333333333334,3
2023,75R373,P.S. R373,D75,3.8933333333333335,3
2023,75Q993,P.S. Q993,D75,2.8333333333333335,3
2023,75R025,South Richmond High School I.S./P.S. 25,D75,3.62,3
2023,84K037,Beginning with Children Charter School II,HS,2.081111111111111,9
2023,75Q811,P.S. Q811,D75,3.1733333333333333,3
2023,75X176,P.S. X176,D75,2.8466666666666667,3
2023,75R721,The Richard H. Hungerford School,D75,2.986666666666667,3
2023,75R037,The David Marquis School of the Arts,D75,3.51,3
2023,75X721,P.S. X721 - Stephen McSweeney School,D75,2.7133333333333334,3
2023,75Q277,The Riverview School,D75,3.0766666666666667,3
2023,75X811,P.S. X811,D75,2.4233333333333333,3
2023,75Q256,P.S. Q256,D75,3.0233333333333334,3
2023,75Q752,Queens Transition Center,D75,2.6533333333333333,3
2023,84K356,Achievement First Crown Heights Charter School,EMS,2.9708695652173915,23
2023,75X754,J. M. Rapport School Career Development,D75,2.683333333333333,3
2023,75X469,The Bronx School for Continuous Learners,D75,3.2133333333333334,3
2023,75X017,P.S. X017,D75,3.68,3
2023,84K355,Williamsburg Collegiate Charter School,EMS,3.9358823529411766,17
2023,75Q721,John F. Kennedy Jr. School,D75,2.526666666666667,3
2023,75X723,P.S. 723,D75,3.64,3
2023,75X352,The Vida Bogart School for All Children,D75,3.3733333333333335,3
2023,75Q233,P.S. Q233,D75,3.32,3
2023,75Q255,P.S. Q255,D75,3.2,3
2023,75X012,P.S. X012 Lewis and Clark School,D75,3.31,3
2023,75X596,P.S. X596,D75,3.87,1
2023,84K358,Achievement First East New York Charter School,EMS,2.435263157894737,19
2023,84K356,Achievement First Crown Heights Charter School,HS,2.5833333333333335,21
2023,84K358,Achievement First East New York Charter School,HS,2.6113636363636363,22
2023,84K379,Explore Excel Charter School,EMS,3.575217391304348,23
2023,84K357,KIPP Always Mentally Prepared Charter School,EMS,3.251875,16
2023,84K362,Hellenic Classical Charter School,EMS,3.8305555555555557,18
2023,84K360,Launch Expeditionary Learning Charter School,EMS,3.756842105263158,19
2023,84K367,Success Academy Charter School - Bed Stuy 1,EMS,4.542777777777778,18
2023,84K704,Explore Charter School,EMS,3.7417391304347825,23
2023,84K508,Achievement First Endeavor Charter School,EMS,2.7245,20
2023,84K486,New Dawn Charter High School,HST,2.76,21
2023,84K395,New Visions AIM Charter High School I,HST,2.4004545454545454,22
2023,84K473,Williamsburg Charter High School,HS,2.147894736842105,19
2023,84K406,"EMBER Charter School for Mindful Education, Innovation and Transformation",HS,1.6877777777777778,9
2023,84K417,Urban Dove Team Charter School,HST,3.058181818181818,22
2023,84K406,"EMBER Charter School for Mindful Education, Innovation and Transformation",EMS,3.078666666666667,15
2023,84K538,Achievement First Bushwick Charter School,EMS,3.478095238095238,21
2023,84K536,Community Roots Charter School,EMS,3.823,20
2023,84K626,Achievement First Brownsville Charter School,EMS,2.4165217391304346,23
2023,84K608,Kings Collegiate Charter School,HS,2.456875,16
2023,84K608,Kings Collegiate Charter School,EMS,4.003888888888889,18
2023,84K593,Excellence Boys Charter School of Bedford Stuyvesant,EMS,3.2622222222222224,18
2023,84K517,Leadership Preparatory Bedford Stuyvesant Charter School,HS,2.743529411764706,17
2023,84K517,Leadership Preparatory Bedford Stuyvesant Charter School,EMS,3.006842105263158,19
2023,84K652,Brooklyn Ascend Charter School,HS,1.6633333333333333,21
2023,84K651,PAVE Academy Charter School,EMS,3.477894736842105,19
2023,84K649,La Cima Charter School,EMS,3.0725,12
2023,84K693,Northside Charter High School,HS,2.5288235294117647,17
2023,84K680,Achievement First Aspire Charter School,HS,2.995,6
2023,84K652,Brooklyn Ascend Charter School,EMS,2.7115,20
2023,84K648,Bedford Stuyvesant Collegiate Charter School,EMS,3.8873684210526314,19
2023,84K680,Achievement First Aspire Charter School,EMS,2.595625,16
2023,84K626,Achievement First Brownsville Charter School,HS,2.2016666666666667,12
2023,84K711,Leadership Preparatory Brownsville Charter School,EMS,3.39,21
2023,84K701,Brooklyn Charter School,EMS,3.357,10
2023,84K710,Brownsville Collegiate Charter School,EMS,4.482857142857143,7
2023,84K712,Excellence Girls Charter School,EMS,3.505,12
2023,84K707,Brooklyn Prospect Charter School - CSD 15,EMS,4.984,5
2023,84K712,Excellence Girls Charter School,HS,2.302777777777778,18
2023,84K702,Community Partnership Charter School,EMS,3.671111111111111,18
2023,84K730,Summit Academy Charter School,EMS,3.0944444444444446,9
2023,84K724,Leadership Preparatory Canarsie Charter School,EMS,3.4390476190476194,21
2023,84K737,Brownsville Ascend Charter School,EMS,2.7405263157894737,19
2023,84K731,Brooklyn Excelsior Charter School,EMS,2.886111111111111,18
2023,84K730,Summit Academy Charter School,HS,3.1282352941176472,17
2023,84K733,"Math, Engineering, and Science Academy Charter High School",HS,3.6911111111111112,18
2023,84K736,New American Academy Charter School,EMS,3.7554545454545454,11
2023,84K738,New Visions Charter High School for Advanced Math and Science III,HS,3.683529411764706,17
2023,84K744,Coney Island Preparatory Public Charter School,HS,3.3947826086956523,23
2023,84K741,Success Academy Charter School - Crown Heights,EMS,4.466666666666667,18
2023,84K744,Coney Island Preparatory Public Charter School,EMS,3.0576,25
2023,84K740,Brooklyn Scholars Charter School,EMS,2.5527777777777776,18
2023,84K742,Explore Empower Charter School,EMS,3.5386956521739132,23
2023,84K756,Success Academy Charter School - Prospect Heights,EMS,4.39,5
2023,84K739,New Visions Charter High School for the Humanities III,HS,3.8975,4
2023,84K746,Hebrew Language Academy Charter School,EMS,3.2876,25
2023,84K757,Unity Preparatory Charter School of Brooklyn,EMS,3.6030434782608696,23
2023,84K758,Brooklyn Urban Garden Charter School,EMS,4.208571428571429,14
2023,84K766,Brooklyn Prospect Charter School - CSD 13.2,EMS,4.319285714285714,14
2023,84K772,Success Academy Charter School - Bensonhurst,EMS,4.714,10
2023,84K769,Hyde Leadership Charter School - Brooklyn,EMS,2.3991304347826086,23
2023,84K759,Canarsie Ascend Charter School,EMS,2.9,23
2023,84K774,Achievement First Apollo Charter School,EMS,2.542173913043478,23
2023,84K757,Unity Preparatory Charter School of Brooklyn,HS,3.159130434782609,23
2023,84K788,Achievement First Linden Charter School,EMS,2.097142857142857,21
2023,84K784,Achievement First North Brooklyn Preparatory Charter School,EMS,3.3978260869565218,23
2023,84K782,Bedford Stuyvesant New Beginnings Charter School,EMS,4.2894736842105265,19
2023,84K781,Success Academy Charter School - Bergen Beach,EMS,4.436470588235294,17
2023,84K775,Leadership Preparatory Ocean Hill Charter School,HS,2.882941176470588,17
2023,84K785,Imagine Me Leadership Charter School,EMS,3.416153846153846,13
2023,84K775,Leadership Preparatory Ocean Hill Charter School,EMS,3.664761904761905,21
2023,84K777,Ocean Hill Collegiate Charter School,EMS,3.4025,16
2023,84K789,Compass Charter School,EMS,4.182,10
2023,84K780,Brooklyn East Collegiate Charter School,EMS,3.5,1
2023,84K791,Brooklyn Dreams Charter School,EMS,2.6216,25
2023,84K790,Central Brooklyn Ascend Charter School,EMS,3.416086956521739,23
2023,84K792,Cultural Arts Academy Charter School At Spring Creek,EMS,2.818,10
2023,84K882,Success Academy Charter School - Bushwick,EMS,4.598,10
2023,84K807,Collegiate Academy for Mathematics and Personal Awareness Charter School,EMS,4.049090909090909,11
2023,84K793,Bushwick Ascend Charter School,EMS,3.119473684210526,19
2023,84K879,Brooklyn Prospect Charter School - CSD 13,EMS,3.7755555555555556,18
2023,84K803,Brooklyn Laboratory Charter School,EMS,1.0,1
2023,84K876,Achievement First Voyager Charter School,EMS,4.166666666666667,15
2023,84K803,Brooklyn Laboratory Charter School,HS,1.8494736842105264,19
2023,84K883,Success Academy Charter School - Bed Stuy 3,EMS,4.525714285714286,14
2023,84K911,Edmund W. Gordon Brooklyn Laboratory Charter School,EMS,2.837727272727273,22
2023,84K886,Success Academy Charter School - Flatbush,EMS,4.687142857142858,14
2023,84K895,Hebrew Language Academy Charter School 2,EMS,3.575,14
2023,84K928,Brooklyn Prospect Charter School - CSD 15.2,EMS,3.369411764705882,17
2023,84K927,Ivy Hill Preparatory Charter School,EMS,2.7783333333333333,6
2023,84K892,Brooklyn Emerging Leaders Academy Charter School,HS,2.74625,16
2023,84K910,Cypress Hills Ascend Charter School,EMS,3.362,15
2023,84K928,Brooklyn Prospect Charter School - CSD 15.2,HS,4.192222222222222,18
2023,84M068,KIPP NYC Washington Heights Academy Charter School,EMS,3.3478947368421053,19
2023,84M065,Democracy Preparatory Endurance Charter School,HS,2.7527777777777778,18
2023,84K956,Lamad Academy Charter School,EMS,2.673888888888889,18
2023,84K930,LEEP Dual Language Academy Charter School,EMS,3.3685714285714288,14
2023,84K934,East Flatbush Ascend Charter School,EMS,3.782,5
2023,84M065,Democracy Preparatory Endurance Charter School,EMS,2.36375,8
2023,84K937,Brooklyn RISE Charter School,EMS,3.332307692307692,13
2023,84K933,Flatbush Ascend Charter School,EMS,3.04,12
2023,84K929,East Brooklyn Ascend Charter School,EMS,3.9675000000000002,4
2023,84M080,Manhattan Charter School II,EMS,1.8733333333333333,6
2023,84M284,Harlem Children's Zone Promise Academy Charter School,EMS,3.7382608695652175,23
2023,84M204,Capital Preparatory Harlem Charter School,HS,1.57125,16
2023,84M170,Success Academy Charter School - Hell's Kitchen,EMS,4.288,10
2023,84M174,Success Academy Charter School - Union Square,EMS,4.517058823529412,17
2023,84M100,Neighborhood Charter School of Harlem,EMS,3.4188,25
2023,84M204,Capital Preparatory Harlem Charter School,EMS,2.74,10
2023,84M085,Global Community Charter School,EMS,2.469130434782609,23
2023,84M168,East Harlem Scholars Academy Charter School II,EMS,2.349565217391304,23
2023,84M202,Great Oaks Charter School,EMS,3.7486363636363635,22
2023,84M202,Great Oaks Charter School,HS,2.8614285714285717,7
2023,84M263,New York City Charter School of the Arts,EMS,3.859230769230769,13
2023,84M279,Opportunity Charter School,HS,2.559047619047619,21
2023,84M284,Harlem Children's Zone Promise Academy Charter School,HS,3.696190476190476,21
2023,84M295,School in the Square Public Charter School,EMS,2.4808695652173913,23
2023,84M279,Opportunity Charter School,EMS,2.275,24
2023,84M265,Success Academy Charter School - Washington Heights,EMS,4.454545454545455,11
2023,84M320,Manhattan Charter School,EMS,2.807777777777778,9
2023,84M338,WHIN Music Community Charter School,EMS,2.8376470588235296,17
2023,84M341,Harlem Children's Zone Promise Academy II Charter School,EMS,3.2048,25
2023,84M335,Harlem Village Academy East Charter School,EMS,3.8810000000000002,20
2023,84M336,KIPP Infinity Charter School,EMS,3.4405555555555556,18
2023,84M330,Girls Preparatory Charter School of New York,EMS,3.5492857142857144,14
2023,84M329,Harlem Link Charter School,EMS,2.9814285714285713,14
2023,84M330,Girls Preparatory Charter School of New York,HS,2.5475,4
2023,84M337,NYC Autism Charter School East Harlem,D75,2.09,2
2023,84M350,Democracy Preparatory Charter School,EMS,3.604347826086957,23
2023,84M351,Success Academy Charter School - Harlem 1,EMS,4.4825,16
2023,84M350,Democracy Preparatory Charter School,HS,2.681904761904762,21
2023,84M351,Success Academy Charter School - Harlem 1,HS,2.265,12
2023,84M341,Harlem Children's Zone Promise Academy II Charter School,HS,2.967,20
2023,84M353,New Heights Academy Charter School,HS,3.4863636363636363,22
2023,84M353,New Heights Academy Charter School,EMS,4.129565217391304,23
2023,84M357,Success Academy Charter School - Harlem 6,EMS,4.602,5
2023,84M384,Success Academy Charter School - Harlem 2,EMS,4.551111111111111,9
2023,84M383,Storefront Academy Harlem Charter School,EMS,2.3025,4
2023,84M388,St. HOPE Leadership Academy Charter School,EMS,3.0784,25
2023,84M382,DREAM Charter School East Harlem,HS,4.40875,8
2023,84M385,Success Academy Charter School - Harlem 3,EMS,4.49375,16
2023,84M382,DREAM Charter School East Harlem,EMS,3.8127272727272725,22
2023,84M380,Harlem Village Academy West 2 Charter School,EMS,4.236666666666667,6
2023,84M373,Zeta Charter Schools - Inwood,EMS,4.566666666666666,12
2023,84M386,Success Academy Charter School - Harlem 4,EMS,4.08,8
2023,84M358,Success Academy Charter School - Hudson Yards,EMS,4.565,10
2023,84M478,Inwood Academy for Leadership Charter School,HS,3.2730434782608695,23
2023,84M433,Innovation Charter High School,HS,2.338888888888889,18
2023,84M478,Inwood Academy for Leadership Charter School,EMS,2.5470833333333336,24
2023,84M389,KIPP Beyond Charter School,EMS,4.309230769230769,13
2023,84M481,Democracy Preparatory Harlem Charter School,EMS,2.44,25
2023,84M430,The Equity Project Charter School,EMS,3.1228,25
2023,84M481,Democracy Preparatory Harlem Charter School,HS,2.782857142857143,21
2023,84M482,Success Academy Charter School - Harlem 5,EMS,4.352352941176471,17
2023,84M523,Success Academy Charter School - Upper West,EMS,4.397058823529412,17
2023,84M518,East Harlem Scholars Academy Charter School,EMS,2.02,22
2023,84M522,Broome Street Academy Charter High School,HS,1.5016666666666667,18
2023,84M702,Sisulu-Walker Charter School of Harlem,EMS,3.6225,4
2023,84M518,East Harlem Scholars Academy Charter School,HS,1.9778571428571428,14
2023,84M704,Harbor Science and Arts Charter School,EMS,2.395625,16
2023,84M705,Amber Charter School East Harlem,EMS,2.86625,16
2023,84M483,New York French-American Charter School,EMS,3.453888888888889,18
2023,84M707,John V. Lindsay Wildcat Academy Charter School,HST,2.9830434782608695,23
2023,84M708,Harlem Prep Charter School,HS,2.586,20
2023,84M708,Harlem Prep Charter School,EMS,2.8488,25
2023,84M709,Harlem Village Academy West Charter School,EMS,4.3,19
2023,84M726,KIPP S.T.A.R. College Preparatory Charter School,EMS,3.65,18
2023,84M861,Future Leaders Institute Charter School,EMS,2.554090909090909,22
2023,84Q083,Central Queens Academy Charter School,EMS,3.9591304347826086,23
2023,84Q298,Middle Village Preparatory Charter School,EMS,4.55,19
2023,84Q337,Success Academy Charter School - Rosedale,EMS,4.3229411764705885,17
2023,84Q320,New Visions Charter High School for Advanced Math and Science IV,HS,3.431111111111111,18
2023,84Q304,VOICE Charter School of New York,EMS,3.24,19
2023,84Q339,Success Academy Charter School - Springfield Gardens - New York 6,EMS,4.467142857142857,14
2023,84Q321,Growing Up Green Charter School,EMS,2.9308,25
2023,84Q170,Peninsula Preparatory Academy Charter School,EMS,4.423333333333334,9
2023,84Q340,Challenge Preparatory Charter School,HS,2.019090909090909,11
2023,84Q341,Riverton Street Charter School,EMS,3.4085,20
2023,84Q340,Challenge Preparatory Charter School,EMS,2.8015,20
2023,84Q372,Growing Up Green Charter School II,EMS,3.141304347826087,23
2023,84Q373,New Visions Charter High School for the Humanities IV,HS,3.056,20
2023,84Q359,Academy of the City Charter School,EMS,2.6973684210526314,19
2023,84Q342,Rochdale Early Advantage Charter School,EMS,2.9375,16
2023,84Q375,Success Academy Charter School - Far Rockaway,EMS,4.463571428571429,14
2023,84Q374,Success Academy Charter School - South Jamaica,EMS,4.3812500000000005,8
2023,84Q387,Valence College Preparatory Charter School,EMS,4.7475000000000005,20
2023,84Q388,New Dawn Charter High School II,HST,2.655217391304348,23
2023,84Q386,Our World Neighborhood Charter School 2,EMS,2.558125,16
2023,84Q380,Forte Preparatory Academy Charter School,EMS,4.666190476190477,21
2023,84Q704,Merrick Academy - Queens Public Charter School,EMS,3.353076923076923,13
2023,84Q414,Renaissance Charter School 2,EMS,3.6021428571428573,14
2023,84Q380,Forte Preparatory Academy Charter School,HS,4.6000000000000005,4
2023,84Q705,Renaissance Charter School,EMS,3.3088888888888888,18
2023,84Q385,Elm Community Charter School,EMS,4.264666666666667,15
2023,84Q414,Renaissance Charter School 2,HS,1.9433333333333334,3
2023,84R073,New World Preparatory Charter School,EMS,2.788,25
2023,84R070,Lois and Richard Nicotra Early College Charter School,HS,3.9206250000000002,16
2023,84R067,John W. Lavelle Preparatory Charter School,EMS,2.079047619047619,21
2023,84R012,New Ventures Charter School,HST,3.6934782608695653,23
2023,84Q706,Our World Neighborhood Charter School,EMS,2.9991304347826087,23
2023,84Q705,Renaissance Charter School,HS,4.11,16
2023,84R070,Lois and Richard Nicotra Early College Charter School,EMS,1.7966666666666666,6
2023,84R067,John W. Lavelle Preparatory Charter School,HS,3.222,15
2023,84X185,Pharos Academy Charter School,HS,3.7147058823529413,17
2023,84X185,Pharos Academy Charter School,EMS,4.540555555555556,18
2023,84R083,Richmond Preparatory Charter School,EMS,2.394705882352941,17
2023,84X200,New Visions AIM Charter High School II,HST,2.4695833333333335,24
2023,84R076,Bridge Preparatory Charter School,EMS,2.4715384615384615,13
2023,84X165,Grand Concourse Academy Charter School,EMS,3.666315789473684,19
2023,84X133,Icahn Charter School 6,EMS,4.513333333333334,15
2023,84X177,Mott Hall Charter School,EMS,2.285263157894737,19
2023,84R077,Hellenic Classical Charter School - Staten Island,EMS,3.2960000000000003,10
2023,84X124,Children's Aid College Preparatory Charter School,EMS,4.137368421052631,19
2023,84X255,Bronx Charter School for Excellence,EMS,4.457222222222223,18
2023,84X233,Family Life Academy Charter School II,EMS,2.6704761904761907,21
2023,84X208,New Visions Charter High School for the Humanities II,HS,3.1755,20
2023,84X309,South Bronx Charter School for International Cultures and the Arts,EMS,3.7825,16
2023,84X202,New Visions Charter High School for Advanced Math and Science II,HS,4.4534782608695656,23
2023,84X345,Leaders In Our Neighborhood Charter School,EMS,2.5565217391304347,23
2023,84X309,South Bronx Charter School for International Cultures and the Arts,HS,3.8666666666666667,3
2023,84X364,South Bronx Classical Charter School II,EMS,4.411111111111111,18
2023,84X347,International Leadership Charter High School,HS,3.746470588235294,17
2023,84X346,South Bronx Classical Charter School,EMS,4.456111111111111,18
2023,84X378,Icahn Charter School 2,EMS,4.547857142857143,14
2023,84X345,Leaders In Our Neighborhood Charter School,HS,2.8056521739130433,23
2023,84X362,Icahn Charter School 7,EMS,3.9566666666666666,18
2023,84X380,Success Academy Charter School - Bronx 3,EMS,4.4270588235294115,17
2023,84X347,International Leadership Charter High School,EMS,4.132,5
2023,84X393,University Prep Charter High School,HS,4.465,22
2023,84X389,Bronx Global Learning Institute for Girls Charter School,EMS,2.9158823529411766,17
2023,84X419,Bronx Academy of Promise Charter School,EMS,3.5905555555555555,18
2023,84X395,"NYC Charter High School for Architecture, Engineering and Construction Industries",HS,3.507391304347826,23
2023,84X387,Brilla College Preparatory Charter School,EMS,3.0642857142857145,21
2023,84X398,Bronx Community Charter School,EMS,3.3878260869565215,23
2023,84X407,Bronx Charter School for Children,EMS,3.013684210526316,19
2023,84X394,Mott Haven Charter School,EMS,2.825217391304348,23
2023,84X387,Brilla College Preparatory Charter School,HS,3.4,6
2023,84X380,Success Academy Charter School - Bronx 3,HS,2.87,2
2023,84X460,Atmosphere Academy Public Charter School,EMS,3.7315,20
2023,84X429,Charter High School for Law and Social Justice,HS,2.393684210526316,19
2023,84X461,Nuasin Next Generation Charter School,EMS,3.9521739130434783,23
2023,84X460,Atmosphere Academy Public Charter School,HS,4.042857142857143,7
2023,84X422,Icahn Charter School 3,EMS,4.5225,8
2023,84X461,Nuasin Next Generation Charter School,HS,2.017777777777778,18
2023,84X465,Boys Preparatory Charter School of New York,EMS,2.9223809523809523,21
2023,84X472,Family Life Academy Charter School III,EMS,2.170909090909091,11
2023,84X482,Dr. Richard Izquierdo Health and Science Charter School,EMS,1.7245,20
2023,84X482,Dr. Richard Izquierdo Health and Science Charter School,HS,3.495,18
2023,84X471,American Dream Charter School,EMS,2.7516666666666665,18
2023,84X471,American Dream Charter School,HS,3.6794444444444445,18
2023,84X487,Girls Preparatory Charter School of the Bronx,EMS,3.291176470588235,17
2023,84X486,Rosalyn Yalow Charter School,EMS,3.822857142857143,14
2023,84X484,Bronx Charter School for Better Learning II,EMS,2.830769230769231,13
2023,84X464,Success Academy Charter School - Bronx 4,EMS,4.482,10
2023,84X465,Boys Preparatory Charter School of New York,HS,3.3525,4
2023,84X492,South Bronx Early College Academy Charter School,EMS,2.502608695652174,23
2023,84X488,The Equality Charter School,EMS,3.5510526315789472,19
2023,84X494,Success Academy Charter School - Bronx 2,EMS,4.573888888888889,18
2023,84X491,Academic Leadership Charter School,EMS,4.511052631578948,19
2023,84X493,Success Academy Charter School - Bronx 1,EMS,4.426363636363637,11
2023,84X496,Icahn Charter School 4,EMS,4.5227272727272725,11
2023,84X489,South Bronx Classical Charter School III,EMS,4.454444444444444,18
2023,84X488,The Equality Charter School,HS,3.0376190476190477,21
2023,84X497,Storefront Academy Charter School,EMS,4.069333333333334,15
2023,84X487,Girls Preparatory Charter School of the Bronx,HS,2.7925,4
2023,84X579,Bronx Charter School for Excellence 2,EMS,4.359375,16
2023,84X581,South Bronx Community Charter High School,HS,2.3,17
2023,84X539,New Visions Charter High School for Advanced Math and Science,HS,3.427391304347826,23
2023,84X553,New Visions Charter High School for the Humanities,HS,3.3783333333333334,18
2023,84X554,Choice Charter School,EMS,1.968,10
2023,84X538,Icahn Charter School 5,EMS,4.031666666666666,12
2023,84X597,Urban Assembly Charter School for Computer Science,HS,3.926521739130435,23
2023,84X592,Amber Charter School Kingsbridge,EMS,2.6008695652173914,23
2023,84X606,Emblaze Academy Charter School,EMS,3.815714285714286,21
2023,84X599,Cardinal McCloskey Community Charter School,EMS,2.826,15
2023,84X585,Legacy College Preparatory Charter School,HS,2.185,16
2023,84X589,Bronx Charter School for Excellence 3,EMS,4.03,14
2023,84X585,Legacy College Preparatory Charter School,EMS,2.6895652173913045,23
2023,84X598,KIPP Freedom Charter School,EMS,3.7266666666666666,18
2023,84X586,Brilla Veritas Charter School,EMS,3.635333333333333,15
2023,84X588,South Bronx Classical Charter School IV,EMS,4.378125,16
2023,84X587,NYC Autism Charter School Bronx,D75,2.12,2
2023,84X612,Creo College Preparatory Charter School,EMS,4.214285714285714,21
2023,84X614,Dream Charter School Mott Haven,EMS,3.805,24
2023,84X616,KIPP Bronx Charter School II,EMS,3.0155,20
2023,84X613,Bold Charter School,EMS,4.597142857142857,14
2023,84X610,Urban Dove Team Charter School II,HST,3.105909090909091,22
2023,84X615,University Prep Charter Middle School,EMS,3.165263157894737,19
2023,84X608,Bronx Charter School for Excellence 4,EMS,4.546,10
2023,84X609,Zeta Charter Schools - South Bronx,EMS,4.622307692307692,13
2023,84X617,KIPP Bronx Charter School III,EMS,3.4555555555555557,18
2023,84X611,AECI II: NYC Charter High School for Computer Engineering and Innovation,HS,3.487857142857143,14
2023,84X619,Bronx Arts and Science Charter School,EMS,3.06,14
2023,84X627,Capital Preparatory Bronx Charter School,EMS,3.467,20
2023,84X623,Neighborhood Charter School: Bronx,EMS,4.308461538461539,13
2023,84X617,KIPP Bronx Charter School III,HS,4.265,8
2023,84X635,Earl Monroe New Renaissance Basketball Charter School,HS,2.57875,8
2023,84X627,Capital Preparatory Bronx Charter School,HS,3.88,7
2023,84X620,Bronx Charter School for Excellence 5,EMS,4.386666666666667,12
2023,84X633,Wildflower New York Charter School,EMS,4.99,1
2023,84X638,Success Academy Charter School - Bronx 5 Upper,EMS,4.99,2
2023,84X640,Family Life Academy Charter Schools High School,HS,3.526666666666667,6
2023,84X703,Bronx Preparatory Charter School,EMS,3.537391304347826,23
2023,84X706,Harriet Tubman Charter School,EMS,3.93,18
2023,84X704,KIPP Academy Charter School,EMS,3.828,20
2023,84X703,Bronx Preparatory Charter School,HS,3.0247619047619048,21
2023,84X718,Bronx Charter School for Better Learning,EMS,3.499230769230769,13
2023,84X705,Family Life Academy Charter School,EMS,2.4784615384615387,13
2023,84X717,Icahn Charter School 1,EMS,4.304285714285714,14
2023,84X730,Bronx Charter School for the Arts,EMS,3.3688,25
2022,01M015,P.S. 015 Roberto Clemente,EMS,2.55,10
2022,01M020,P.S. 020 Anna Silver,EMS,1.983,10
2022,01M034,P.S. 034 Franklin D. Roosevelt,EMS,2.438888888888889,18
2022,01M063,The STAR Academy - P.S.63,EMS,2.075,6
2022,01M064,P.S. 064 Robert Simon,EMS,2.315384615384615,13
2022,01M110,P.S. 110 Florence Nightingale,EMS,2.76625,8
2022,01M134,P.S. 134 Henrietta Szold,EMS,1.8753846153846154,13
2022,01M140,P.S. 140 Nathan Straus,EMS,2.132727272727273,22
2022,01M142,P.S. 142 Amalia Castro,EMS,2.612222222222222,9
2022,01M184,P.S. 184m Shuang Wen,EMS,3.6280952380952383,21
2022,01M188,P.S. 188 The Island School,EMS,3.5069565217391303,23
2022,01M292,Orchard Collegiate Academy,HS,3.0804347826086955,23
2022,01M315,The East Village Community School,EMS,2.986428571428571,14
2022,01M332,University Neighborhood Middle School,EMS,2.8515384615384614,13
2022,01M361,The Children's Workshop School,EMS,2.2755555555555556,9
2022,01M363,Neighborhood School,EMS,2.91,3
2022,01M364,Earth School,EMS,2.8866666666666667,3
2022,01M378,School for Global Leaders,EMS,3.3294444444444444,18
2022,01M448,University Neighborhood High School,HS,3.8016,25
2022,01M450,East Side Community School,EMS,3.17,18
2022,01M450,East Side Community School,HS,4.210588235294118,17
2022,01M458,Forsyth Satellite Academy,HST,3.1973684210526314,19
2022,01M515,Lower East Side Preparatory High School,HST,2.9948,25
2022,01M539,"New Explorations into Science, Technology and Math High School",EMS,4.46,18
2022,01M539,"New Explorations into Science, Technology and Math High School",HS,4.055238095238095,21
2022,01M650,Cascades High School,HST,2.853181818181818,22
2022,01M696,Bard High School Early College,HS,3.9625,20
2022,01M839,Tompkins Square Middle School,EMS,3.0895238095238096,21
2022,02M001,P.S. 001 Alfred E. Smith,EMS,2.052142857142857,14
2022,02M002,P.S. 002 Meyer London,EMS,2.94875,16
2022,02M003,P.S. 003 Charrette School,EMS,3.2258333333333336,12
2022,02M006,P.S. 006 Lillie D. Blake,EMS,3.8674999999999997,12
2022,02M011,P.S. 011: The Sarah J. Garnet Elementary School,EMS,3.0506666666666664,15
2022,02M033,P.S. 033 Chelsea Prep,EMS,2.6,18
2022,02M040,P.S. 040 Augustus Saint-Gaudens,EMS,3.500909090909091,11
2022,02M041,P.S. 041 Greenwich Village,EMS,3.419090909090909,11
2022,02M042,P.S. 042 Benjamin Altman,EMS,3.385,16
2022,02M047,47 The American Sign Language and English Secondary School,HS,3.7958333333333334,24
2022,02M051,P.S. 051 Elias Howe,EMS,2.512142857142857,14
2022,02M059,P.S. 059 Beekman Hill International,EMS,3.197142857142857,14
2022,02M077,P.S. 77 Lower Lab School,EMS,4.907500000000001,8
2022,02M089,P.S. 89,EMS,3.606923076923077,13
2022,02M104,J.H.S. 104 Simon Baruch,EMS,3.570952380952381,21
2022,02M111,P.S. 111 Adolph S. Ochs,EMS,2.3375,16
2022,02M114,East Side Middle School,EMS,4.110588235294117,17
2022,02M116,P.S. 116 Mary Lindley Murray,EMS,2.640909090909091,11
2022,02M124,P.S. 124 Yung Wing,EMS,3.5653333333333332,15
2022,02M126,P.S. 126 Jacob August Riis,EMS,3.453809523809524,21
2022,02M130,P.S. 130 Hernando De Soto,EMS,3.1475,16
2022,02M131,M.S. 131,EMS,2.7382608695652175,23
2022,02M135,The Urban Assembly School for Emergency Management,HS,2.9530434782608697,23
2022,02M139,Stephen T. Mather Building Arts & Craftsmanship High School,HS,2.7772,25
2022,02M150,P.S. 150,EMS,3.994,5
2022,02M151,Yorkville Community School,EMS,2.751818181818182,11
2022,02M158,P.S. 158 Bayard Taylor,EMS,3.4585714285714286,14
2022,02M167,J.H.S. 167 Robert F. Wagner,EMS,3.5669565217391304,23
2022,02M177,Yorkville East Middle School,EMS,3.8494117647058825,17
2022,02M183,P.S. 183 Robert L. Stevenson,EMS,3.722142857142857,14
2022,02M198,P.S. 198 Isador E. Ida Straus,EMS,2.8013333333333335,15
2022,02M212,P.S. 212 Midtown West,EMS,2.861818181818182,11
2022,02M217,P.S./I.S. 217 Roosevelt Island,EMS,3.2904999999999998,20
2022,02M225,Ella Baker School,EMS,2.959375,16
2022,02M234,P.S. 234 Independence School,EMS,3.2916666666666665,12
2022,02M255,M.S. 255 Salk School of Science,EMS,4.171875,16
2022,02M260,The Clinton School,EMS,4.07,16
2022,02M260,The Clinton School,HS,4.074736842105263,19
2022,02M267,"East Side Elementary School, PS 267",EMS,3.9699999999999998,11
2022,02M276,Battery Park City School,EMS,3.5176190476190476,21
2022,02M280,Manhattan Early College School for Advertising,HS,3.456,25
2022,02M281,The River School,EMS,3.682857142857143,14
2022,02M282,Urban Assembly Maker Academy,HS,3.33,25
2022,02M288,Food and Finance High School,HS,2.98625,24
2022,02M289,I.S. 289,EMS,3.201111111111111,18
2022,02M290,P.S. 290 Manhattan New School,EMS,3.62,12
2022,02M294,Essex Street Academy,HS,3.8263157894736843,19
2022,02M296,High School of Hospitality Management,HS,2.495217391304348,23
2022,02M297,M.S. 297,EMS,2.5766666666666667,21
2022,02M298,Pace High School,HS,2.8372,25
2022,02M300,"Urban Assembly School of Design and Construction, The",HS,2.73,24
2022,02M303,"Facing History School, The",HS,3.234,20
2022,02M305,"Urban Assembly Academy of Government and Law, The",HS,2.9283333333333332,24
2022,02M308,Lower Manhattan Arts Academy,HS,2.9120833333333334,24
2022,02M312,New York City Lab Middle School for Collaborative Studies,EMS,4.02,20
2022,02M313,"James Baldwin School, The: A School for Expeditionary Learning",HST,3.2716666666666665,18
2022,02M316,"Urban Assembly School of Business for Young Women, the",HS,2.7611764705882353,17
2022,02M340,Sixth Avenue Elementary School,EMS,3.2308333333333334,12
2022,02M343,The Peck Slip School,EMS,3.080909090909091,11
2022,02M347,The 47 American Sign Language & English Lower School,EMS,3.14,16
2022,02M374,Gramercy Arts High School,HS,3.39625,24
2022,02M376,NYC iSchool,HS,3.7347619047619047,21
2022,02M392,Manhattan Business Academy,HS,3.2448,25
2022,02M393,Business Of Sports School,HS,2.9372,25
2022,02M394,Emma Lazarus High School,HST,3.6517391304347826,23
2022,02M397,Spruce Street School,EMS,3.2068421052631577,19
2022,02M399,The High School For Language And Diplomacy,HS,2.7308333333333334,24
2022,02M400,High School for Environmental Studies,HS,2.8626923076923076,26
2022,02M407,Institute for Collaborative Education,EMS,4.271428571428571,7
2022,02M407,Institute for Collaborative Education,HS,3.8528571428571428,14
2022,02M408,Professional Performing Arts High School,EMS,3.6176923076923075,13
2022,02M408,Professional Performing Arts High School,HS,3.623809523809524,21
2022,02M411,Baruch College Campus High School,HS,4.175,20
2022,02M412,N.Y.C. Lab School for Collaborative Studies,HS,3.869047619047619,21
2022,02M413,School of the Future High School,EMS,3.19375,16
2022,02M413,School of the Future High School,HS,4.051176470588235,17
2022,02M414,N.Y.C. Museum School,HS,3.893333333333333,21
2022,02M416,Eleanor Roosevelt High School,HS,4.220952380952381,21
2022,02M418,Millennium High School,HS,4.032380952380953,21
2022,02M419,Landmark High School,HS,2.8455,20
2022,02M420,High School for Health Professions and Human Services,HS,3.2873076923076923,26
2022,02M422,Quest to Learn,EMS,2.658333333333333,18
2022,02M422,Quest to Learn,HS,2.6816,25
2022,02M425,Leadership and Public Service High School,HS,2.955217391304348,23
2022,02M427,Manhattan Academy For Arts & Language,HS,2.8495238095238093,21
2022,02M432,Murray Hill Academy,HS,2.9604347826086954,23
2022,02M437,Hudson High School of Learning Technologies,HS,3.149583333333333,24
2022,02M438,International High School at Union Square,HS,3.1865,20
2022,02M439,Manhattan Village Academy,HS,4.068095238095238,21
2022,02M442,"Ballet Tech, NYC Public School for Dance",EMS,4.252307692307692,13
2022,02M449,Vanguard High School,HS,2.6235,20
2022,02M459,Manhattan International High School,HS,2.855,18
2022,02M475,Stuyvesant High School,HS,4.6245,20
2022,02M489,High School of Economics and Finance,HS,3.2312,25
2022,02M500,Unity Center for Urban Technologies,HS,3.552608695652174,23
2022,02M507,Urban Assembly Gateway School for Technology,HS,3.52375,24
2022,02M519,Talent Unlimited High School,HS,3.676521739130435,23
2022,02M520,Murry Bergtraum High School for Business Careers,HS,2.6492857142857145,14
2022,02M527,P.S. 527 - East Side School for Social Action,EMS,3.5363636363636366,11
2022,02M529,Jacqueline Kennedy Onassis High School,HS,2.7952173913043477,23
2022,02M531,Repertory Company High School for Theatre Arts,HS,3.37,20
2022,02M533,Union Square Academy for Health Sciences,HS,3.2925,24
2022,02M534,Harvest Collegiate High School,HS,3.0705263157894738,19
2022,02M542,Manhattan Bridges High School,HS,3.7188,25
2022,02M543,New Design High School,HS,3.0383999999999998,25
2022,02M544,Independence High School,HST,2.4596,25
2022,02M545,High School for Dual Language and Asian Studies,HS,4.111428571428571,21
2022,02M546,Academy for Software Engineering,HS,3.09,25
2022,02M550,Liberty High School Academy for Newcomers,HST,3.152608695652174,23
2022,02M551,Urban Assembly New York Harbor School,HS,3.1844,25
2022,02M560,High School M560 - City As School,HST,2.5945,20
2022,02M565,Urban Academy Laboratory High School,HST,3.2016666666666667,12
2022,02M570,Satellite Academy High School,HST,2.6438888888888887,18
2022,02M575,Manhattan Comprehensive Night and Day High School,HST,2.0356,25
2022,02M580,Richard R. Green High School of Teaching,HS,2.8604347826086958,23
2022,02M586,Harvey Milk High School,HST,2.775714285714286,14
2022,02M600,The High School of Fashion Industries,HS,3.124230769230769,26
2022,02M605,Humanities Preparatory Academy,HS,3.498125,16
2022,02M615,Chelsea Career and Technical Education High School,HS,3.3748,25
2022,02M630,Art and Design High School,HS,3.5463999999999998,25
2022,02M655,The High School for Climate Justice,HS,2.9704,25
2022,02M896,Lower Manhattan Community Middle School,EMS,3.2952631578947367,19
2022,02M933,City Knoll Middle School,EMS,2.815238095238095,21
2022,03M009,P.S. 009 Sarah Anderson,EMS,3.4321428571428574,14
2022,03M054,J.H.S. 054 Booker T. Washington,EMS,3.3745454545454545,22
2022,03M075,P.S. 075 Emily Dickinson,EMS,2.823888888888889,18
2022,03M076,P.S. 076 A. Philip Randolph,EMS,2.4643478260869567,23
2022,03M084,P.S. 084 Lillian Weber,EMS,3.2825,16
2022,03M087,P.S. 087 William Sherman,EMS,3.6076923076923078,13
2022,03M145,"P.S. 145, The Bloomingdale School",EMS,2.1510526315789473,19
2022,03M149,P.S. 149 Sojourner Truth,EMS,2.201,20
2022,03M163,P.S. 163 Alfred E. Smith,EMS,2.9242857142857144,14
2022,03M165,P.S. 165 Robert E. Simon,EMS,2.505294117647059,17
2022,03M166,P.S. 166 The Richard Rodgers School of The Arts and Technology,EMS,3.8572727272727274,11
2022,03M180,P.S. 180 Hugo Newman,EMS,2.2657142857142856,21
2022,03M185,The Locke School of Arts and Engineering,EMS,2.344,10
2022,03M191,The Riverside School for Makers and Artists,EMS,2.0812,25
2022,03M199,P.S. 199 Jessie Isador Straus,EMS,3.518,15
2022,03M241,STEM Institute of Manhattan,EMS,2.49375,8
2022,03M242,P.S. 242 - The Young Diplomats Magnet Academy,EMS,2.3771428571428572,7
2022,03M243,M.S. 243 Center School,EMS,4.068125,16
2022,03M245,M.S. M245 The Computer School,EMS,3.567,20
2022,03M247,M.S. M247 Dual Language Middle School,EMS,3.2009523809523808,21
2022,03M250,M.S. 250 West Side Collaborative Middle School,EMS,3.018333333333333,12
2022,03M256,Lafayette Academy,EMS,3.459375,16
2022,03M258,Community Action School - MS 258,EMS,3.3442857142857143,14
2022,03M291,West End Secondary School,EMS,3.868888888888889,18
2022,03M291,West End Secondary School,HS,3.945294117647059,17
2022,03M299,The Maxine Greene HS for Imaginative Inquiry,HS,2.852272727272727,22
2022,03M307,"Urban Assembly School for Media Studies, The",HS,3.0612,25
2022,03M333,P.S. 333 Manhattan School for Children,EMS,2.9478947368421053,19
2022,03M334,The Anderson School,EMS,4.713125,16
2022,03M402,The Urban Assembly School for Green Careers,HS,2.9904166666666665,24
2022,03M403,The Global Learning Collaborative,HS,2.7592,25
2022,03M404,Innovation Diploma Plus,HST,2.3075,24
2022,03M415,Wadleigh Secondary School for the Performing & Visual Arts,EMS,3.6766666666666667,12
2022,03M415,Wadleigh Secondary School for the Performing & Visual Arts,HS,3.564090909090909,22
2022,03M417,Frank McCourt High School,HS,3.437391304347826,23
2022,03M421,West Prep Academy,EMS,3.5095,20
2022,03M452,P.S. 452,EMS,3.004166666666667,12
2022,03M479,Beacon High School,HS,3.862631578947368,19
2022,03M485,Fiorello H. LaGuardia High School of Music & Art and Performing Arts,HS,3.8728571428571428,21
2022,03M492,"High School for Law, Advocacy and Community Justice",HS,2.9828,25
2022,03M494,High School of Arts and Technology,HS,2.9048,25
2022,03M505,Edward A. Reynolds West Side High School,HST,1.9095652173913042,23
2022,03M541,Manhattan / Hunter Science High School,HS,4.031428571428571,21
2022,03M610,Young Women's Leadership School,EMS,2.869411764705882,17
2022,03M610,Young Women's Leadership School,HS,3.669047619047619,21
2022,03M859,Special Music School,EMS,4.803,10
2022,03M859,Special Music School,HS,4.219,20
2022,03M860,Frederick Douglass Academy II Secondary School,EMS,3.4575,12
2022,03M860,Frederick Douglass Academy II Secondary School,HS,3.1888,25
2022,03M862,Mott Hall II,EMS,2.8154166666666667,24
2022,04M007,P.S. 007 Samuel Stern,EMS,2.31625,24
2022,04M012,Tag Young Scholars,EMS,4.7323076923076925,13
2022,04M037,River East Elementary,EMS,2.4955555555555557,9
2022,04M038,P.S. 38 Roberto Clemente,EMS,2.17,10
2022,04M057,James Weldon Johnson,EMS,2.408,25
2022,04M072,The Lexington Academy,EMS,2.1554166666666665,24
2022,04M083,P.S. 083 Luis Munoz Rivera,EMS,2.972142857142857,14
2022,04M096,P.S. 096 Joseph Lanzetta,EMS,2.1904,25
2022,04M102,P.S. 102 Jacques Cartier,EMS,1.7425000000000002,8
2022,04M108,P.S. 108 Assemblyman Angelo Del Toro Educational Complex,EMS,2.3588,25
2022,04M112,P.S. 112 Jose Celso Barbosa,EC,2.1950000000000003,2
2022,04M146,P.S. 146 Ann M. Short,EMS,2.5616666666666665,18
2022,04M155,P.S. 155 William Paca,EMS,2.1566666666666667,12
2022,04M171,P.S. 171 Patrick Henry,EMS,4.021578947368421,19
2022,04M182,The Bilingual Bicultural School,EMS,3.0085714285714285,14
2022,04M206,P.S. 206 Jose Celso Barbosa,EMS,2.6231999999999998,25
2022,04M224,M.S. 224 Manhattan East School for Arts & Academics,EMS,3.1186363636363637,22
2022,04M310,The Judith S. Kaye School,HST,3.003636363636364,22
2022,04M372,Esperanza Preparatory Academy,EMS,3.2442105263157894,19
2022,04M372,Esperanza Preparatory Academy,HS,3.3376,25
2022,04M375,Mosaic Preparatory Academy,EMS,2.039,10
2022,04M377,Renaissance School of the Arts,EMS,2.803,20
2022,04M435,Manhattan Center for Science and Mathematics,HS,3.875,26
2022,04M495,Park East High School,HS,3.9078260869565216,23
2022,04M497,Central Park East I,EMS,2.467142857142857,7
2022,04M555,Central Park East High School,HS,3.9909090909090907,22
2022,04M680,"Heritage School, The",HS,2.8508,25
2022,04M825,Isaac Newton Middle School for Math & Science,EMS,3.063913043478261,23
2022,04M964,Central Park East II,EMS,2.4686666666666666,15
2022,05M030,P.S. 030 Hernandez/Hughes,EMS,2.79,10
2022,05M036,P.S. 036 Margaret Douglas,EMS,2.515625,16
2022,05M046,P.S. 046 Arthur Tappan,EMS,2.488,25
2022,05M092,P.S. 092 Mary McLeod Bethune,EMS,2.637,10
2022,05M123,P.S. 123 Mahalia Jackson,EMS,2.2092,25
2022,05M125,P.S. 125 Ralph Bunche,EMS,3.28,7
2022,05M129,P.S. 129 John H. Finley,EMS,2.2,7
2022,05M133,P.S. 133 Fred R Moore,EMS,3.1244444444444444,9
2022,05M148,Eagle Academy for Young Men of Harlem,EMS,3.015,12
2022,05M148,Eagle Academy for Young Men of Harlem,HS,3.1339130434782607,23
2022,05M154,P.S. 154 Harriet Tubman,EMS,2.6550000000000002,12
2022,05M157,The Urban Assembly School for Global Commerce,HS,2.55125,24
2022,05M161,P.S. 161 Pedro Albizu Campos,EMS,2.5864,25
2022,05M175,P.S. 175 Henry H Garnet,EMS,2.5208333333333335,12
2022,05M194,P.S. 194 Countee Cullen,EMS,2.1533333333333333,12
2022,05M197,P.S. 197 John B. Russwurm,EMS,2.4008333333333334,12
2022,05M200,P.S. 200- The James McCune Smith School,EMS,2.341111111111111,18
2022,05M285,Harlem Renaissance High School,HST,2.6345454545454547,22
2022,05M286,Urban Assembly Academy for Future Leaders,EMS,3.424375,16
2022,05M304,Mott Hall High School,HS,2.970869565217391,23
2022,05M318,Thurgood Marshall Academy Lower School,EMS,2.557142857142857,7
2022,05M362,Columbia Secondary School,EMS,3.577777777777778,18
2022,05M362,Columbia Secondary School,HS,4.1775,20
2022,05M369,Urban Assembly School for the Performing Arts,HS,2.783333333333333,24
2022,05M371,School of Earth Exploration and Discovery Harlem (SEED Harlem),EMS,2.4253333333333336,15
2022,05M499,Frederick Douglass Academy,EMS,2.223333333333333,24
2022,05M499,Frederick Douglass Academy,HS,2.458846153846154,26
2022,05M514,New Design Middle School,EMS,2.745,14
2022,05M517,Teachers College Community School,EMS,2.554736842105263,19
2022,05M670,Thurgood Marshall Academy for Learning and Social Change,EMS,2.6945,20
2022,05M670,Thurgood Marshall Academy for Learning and Social Change,HS,2.876,25
2022,05M692,"High School for Mathematics, Science and Engineering at City College",HS,4.4195,20
2022,06M004,P.S. 004 Duke Ellington,EMS,2.5058823529411764,17
2022,06M005,P.S. 005 Ellen Lurie,EMS,2.0436842105263158,19
2022,06M008,P.S. 008 Luis Belliard,EMS,2.322941176470588,17
2022,06M018,P.S. 018 Park Terrace,EMS,2.7468421052631578,19
2022,06M028,P.S. 028 Wright Brothers,EMS,2.3315,20
2022,06M048,P.S. 048 P.O. Michael J. Buczek,EMS,2.260625,16
2022,06M052,Harold O. Levy School,EMS,3.083684210526316,19
2022,06M098,P.S. 098 Shorac Kappock,EMS,2.729,10
2022,06M103,Dos Puentes Elementary School,EMS,2.66375,16
2022,06M115,P.S. 115 Alexander Humboldt,EMS,2.641578947368421,19
2022,06M128,P.S. 128 Audubon,EMS,2.5388888888888888,18
2022,06M132,P.S. 132 Juan Pablo Duarte,EMS,2.54,10
2022,06M143,J.H.S. 143 Eleanor Roosevelt,EMS,3.1355555555555554,18
2022,06M152,P.S. 152 Dyckman Valley,EMS,2.1155,20
2022,06M153,P.S. 153 Adam Clayton Powell,EMS,2.0077777777777777,18
2022,06M173,P.S. 173,EMS,2.287333333333333,15
2022,06M178,Professor Juan Bosch Public School,EMS,2.8384615384615386,13
2022,06M187,P.S./I.S. 187 Hudson Cliffs,EMS,3.079473684210526,19
2022,06M189,P.S. 189,EMS,2.7192857142857143,14
2022,06M192,P.S. 192 Jacob H. Schiff,EMS,3.0584615384615383,13
2022,06M209,Hamilton Grange Middle School,EMS,2.76,25
2022,06M210,P.S./I.S. 210 - Twenty-first Century Academy for Community Leadership,EMS,2.8004545454545453,22
2022,06M211,Inwood Early College for Health and Information Technologies,HS,2.8419230769230768,26
2022,06M223,The Mott Hall School,EMS,3.6442105263157893,19
2022,06M278,Paula Hedbavny School,EMS,3.17,21
2022,06M293,City College Academy of the Arts,EMS,2.784090909090909,22
2022,06M293,City College Academy of the Arts,HS,3.514090909090909,22
2022,06M311,Amistad Dual Language School,EMS,3.400434782608696,23
2022,06M314,Muscota,EMS,3.2800000000000002,12
2022,06M319,M.S. 319 - Maria Teresa,EMS,2.6385185185185183,27
2022,06M322,Middle School 322,EMS,2.962608695652174,23
2022,06M324,M.S. 324 - Patria Mirabal,EMS,3.4095454545454547,22
2022,06M328,Community Math & Science Prep,EMS,3.214736842105263,19
2022,06M346,Community Health Academy of the Heights,EMS,2.6030434782608696,23
2022,06M346,Community Health Academy of the Heights,HS,3.1244,25
2022,06M348,Washington Heights Expeditionary Learning School,EMS,3.0156521739130433,23
2022,06M348,Washington Heights Expeditionary Learning School,HS,3.1865384615384618,26
2022,06M349,Harbor Heights,EMS,3.5335714285714284,14
2022,06M366,Washington Heights Academy,EMS,3.4768421052631577,19
2022,06M368,The William Lynch School,EMS,2.390909090909091,11
2022,06M423,High School for Excellence and Innovation,HST,3.5276190476190474,21
2022,06M462,The College Academy,HS,3.5996,25
2022,06M463,High School for Media and Communications,HS,2.8948,25
2022,06M467,High School for Law and Public Service,HS,2.663076923076923,26
2022,06M468,High School for Health Careers and Sciences,HS,2.795,26
2022,06M513,Castle Bridge School,EMS,2.74875,8
2022,06M528,I.S. 528 Bea Fuller Rodgers School,EMS,3.1080952380952382,21
2022,06M540,A. Philip Randolph Campus High School,HS,2.457307692307692,26
2022,06M552,Gregorio Luperon High School for Science and Mathematics,HS,3.5692,25
2022,07X001,P.S. 001 Courtlandt School,EMS,1.7125,20
2022,07X005,P.S. 5 Port Morris,EMS,2.6492,25
2022,07X018,P.S. 018 John Peter Zenger,EMS,2.32375,16
2022,07X025,P.S. 025 Bilingual School,EMS,2.6425,20
2022,07X029,P.S./M.S. 029 Melrose School,EMS,2.1016,25
2022,07X030,P.S. 030 Wilton,EMS,2.2425,20
2022,07X031,P.S./M.S. 031 The William Lloyd Garrison,EMS,2.3836,25
2022,07X043,P.S. 043 Jonas Bronck,EMS,2.708,15
2022,07X049,P.S. 049 Willis Avenue,EMS,2.483,20
2022,07X065,P.S. 065 Mother Hale Academy,EMS,1.864,20
2022,07X154,P.S. 154 Jonathan D. Hyatt,EMS,2.666875,16
2022,07X157,P.S. 157 Grove Hill,EMS,2.1105,20
2022,07X161,P.S. 161 Juan Ponce De Leon School,EMS,2.254,20
2022,07X179,P.S. 179,EMS,2.1799999999999997,12
2022,07X221,South Bronx Preparatory: A College Board School,EMS,3.6528,25
2022,07X221,South Bronx Preparatory: A College Board School,HS,3.6004,25
2022,07X223,The Laboratory School of Finance and Technology: X223,EMS,3.1847826086956523,23
2022,07X223,The Laboratory School of Finance and Technology: X223,HS,3.4589473684210525,19
2022,07X224,P.S./I.S. 224,EMS,2.4991304347826087,23
2022,07X259,"H.E.R.O. High (Health, Education, and Research Occupations High School)",HS,3.109230769230769,26
2022,07X277,P.S. 277,EMS,2.225,16
2022,07X296,South Bronx Academy for Applied Media,EMS,2.33875,24
2022,07X298,Academy of Public Relations,EMS,2.597826086956522,23
2022,07X334,International Community High School,HS,3.8,20
2022,07X343,Academy of Applied Mathematics and Technology,EMS,3.1776,25
2022,07X359,Concourse Village Elementary School,EMS,3.98,10
2022,07X369,Young Leaders Elementary School,EMS,2.4183333333333334,12
2022,07X379,Jill Chaifetz Transfer High School,HST,2.8108,25
2022,07X381,Bronx Haven High School,HST,2.9720833333333334,24
2022,07X427,Community School for Social Justice,HS,2.7004761904761905,21
2022,07X473,Mott Haven Village Preparatory High School,HS,2.5528,25
2022,07X495,University Heights Secondary School,HS,4.437222222222222,18
2022,07X500,Hostos-Lincoln Academy of Science,EMS,2.7192,25
2022,07X500,Hostos-Lincoln Academy of Science,HS,3.3423809523809522,21
2022,07X522,Bronx Design and Construction Academy,HS,2.66,25
2022,07X527,Bronx Leadership Academy II High School,HS,2.7832,25
2022,07X548,Careers in Sports High School,HS,2.4880769230769233,26
2022,07X551,The Urban Assembly Bronx Academy of Letters,EMS,2.2313043478260868,23
2022,07X551,The Urban Assembly Bronx Academy of Letters,HS,2.7596153846153846,26
2022,07X557,Mott Haven Community High School,HST,3.7012,25
2022,07X584,I.S. 584,EMS,2.936521739130435,23
2022,07X600,Alfred E. Smith Career and Technical Education High School,HS,3.292692307692308,26
2022,07X625,Bronx Legacy High School,HS,3.22,12
2022,07X670,Health Opportunities High School,HS,2.8296,25
2022,08X014,P.S. X014 Senator John Calandra,EMS,2.58,20
2022,08X036,P.S. 036 Unionport,EMS,2.493684210526316,19
2022,08X048,P.S. 048 Joseph R. Drake,EMS,2.136,20
2022,08X062,P.S. 062 Inocensio Casanova,EMS,2.222,20
2022,08X069,P.S. 069 Journey Prep School,EMS,2.3305,20
2022,08X071,P.S. 071 Rose E. Scala,EMS,2.8852,25
2022,08X072,P.S. 072 Dr. William Dorney,EMS,2.083,20
2022,08X075,P.S. 75 School of Research and Discovery,EMS,2.338,20
2022,08X093,P.S. 093 Albert G. Oliver,EMS,2.18,13
2022,08X100,P.S. 100 Isaac Clason,EMS,1.8689473684210527,19
2022,08X101,M.S. X101 Edward R. Byrne,EMS,3.3018181818181818,22
2022,08X107,P.S. 107,EMS,2.48,20
2022,08X119,The Dr. Emmett W. Bassett School,EMS,2.563888888888889,18
2022,08X123,J.H.S. 123 James M. Kieran,EMS,2.596296296296296,27
2022,08X130,P.S. 130 Abram Stevens Hewitt,EMS,2.58,16
2022,08X131,J.H.S. 131 Albert Einstein,EMS,2.63,25
2022,08X138,P.S. 138 Samuel Randall,EMS,2.202,20
2022,08X140,P.S. X140 The Eagle School,EMS,2.2864705882352943,17
2022,08X146,P.S. 146 Edward Collins,EMS,2.101111111111111,18
2022,08X152,P.S. 152 Evergreen,EMS,2.2045,20
2022,08X182,P.S. 182,EMS,2.2573684210526315,19
2022,08X269,Bronx Studio School for Writers and Artists,EMS,2.6324,25
2022,08X269,Bronx Studio School for Writers and Artists,HS,2.8425,24
2022,08X282,Women's Academy of Excellence,HS,2.8808695652173912,23
2022,08X293,Renaissance High School for Musical Theater and the Arts,HS,3.1588,25
2022,08X301,M.S. 301 Paul L. Dunbar,EMS,2.3288,25
2022,08X302,M.S. 302 Luisa Dessus Cruz,EMS,3.0612,25
2022,08X304,P.S. 304 Early Childhood School,EMS,2.88,14
2022,08X312,Millennium Art Academy,HS,2.9588,25
2022,08X320,Pelham Lab High School,HS,2.647307692307692,26
2022,08X333,The Longwood Academy of Discovery,EMS,1.8695,20
2022,08X337,The School for Inquiry and Social Justice,EMS,2.9308,25
2022,08X348,Schuylerville Preparatory High School,HS,2.5915384615384616,26
2022,08X349,Bronx River High School,HS,3.3807692307692307,26
2022,08X367,"Archimedes Academy for Math, Science and Technology Applications",EMS,2.5524,25
2022,08X367,"Archimedes Academy for Math, Science and Technology Applications",HS,2.4476,25
2022,08X371,Urban Institute of Mathematics,EMS,3.3848000000000003,25
2022,08X375,The Bronx Mathematics Preparatory School,EMS,2.9166666666666665,24
2022,08X376,Antonia Pantoja Preparatory Academy: A College Board School,EMS,2.802608695652174,23
2022,08X376,Antonia Pantoja Preparatory Academy: A College Board School,HS,2.9699999999999998,26
2022,08X377,Bronx Community High School,HST,3.231818181818182,22
2022,08X392,Bronx Delta School,EMS,2.61,14
2022,08X405,Herbert H. Lehman High School,HS,2.6684,25
2022,08X424,Bronx Academy for Multi-Media,EMS,3.2424,25
2022,08X432,Bronx Bridges High School,HS,3.348,25
2022,08X448,Soundview Academy for Culture and Scholarship,EMS,2.055833333333333,24
2022,08X452,Gotham Collaborative High School,HS,2.7026923076923075,26
2022,08X467,Mott Hall Community School,EMS,2.5512,25
2022,08X530,Longwood Preparatory Academy,HS,3.1168,25
2022,08X537,Bronx Arena High School,HST,2.7955555555555556,18
2022,08X558,Westchester Square Academy,HS,3.0032,25
2022,08X561,Bronx Compass High School,HS,2.563846153846154,26
2022,08X562,Pugsley Preparatory Academy,EMS,2.7428,25
2022,08X583,P.S. 583,EMS,2.576923076923077,13
2022,09X004,P.S./M.S. 004 Crotona Park West,EMS,4.289166666666667,24
2022,09X011,P.S. 011 Highbridge,EMS,2.1655555555555557,18
2022,09X022,J.H.S. 022 Jordan L. Mott,EMS,2.504,25
2022,09X028,P.S. 028 Mount Hope,EMS,2.168,20
2022,09X035,P.S. 035 Franz Siegel,EMS,1.705,20
2022,09X042,P.S. 042 Claremont,EMS,2.488235294117647,17
2022,09X053,P.S. 053 Basheer Quisim,EMS,2.333,20
2022,09X055,P.S. 055 Benjamin Franklin,EMS,1.9511764705882353,17
2022,09X058,P.S. 058,EMS,2.2022222222222223,18
2022,09X063,P.S. 063 Author's Academy,EMS,2.7311111111111113,18
2022,09X070,P.S. 070 Max Schoenfeld,EMS,2.2265,20
2022,09X073,P.S. 073 Bronx,EMS,1.9635294117647057,17
2022,09X088,P.S. X088 - S. Silverstein Little Sparrow School,EMS,2.8016666666666667,6
2022,09X109,P.S. 109 Sedgwick,EMS,1.8805,20
2022,09X110,P.S. 110 Theodore Schoenfeld,EMS,1.8247368421052632,19
2022,09X114,P.S. X114 - Luis Llorens Torres Schools,EMS,1.906111111111111,18
2022,09X117,I.S. 117 Joseph H. Wade,EMS,2.998,25
2022,09X126,P.S. 126 Dr Marjorie H Dunbar,EMS,2.3722222222222222,18
2022,09X128,Mott Hall III,EMS,3.102,25
2022,09X132,P.S. 132 Garret A. Morgan,EMS,2.3094444444444444,18
2022,09X163,P.S. 163 Arthur A. Schomburg,EMS,2.3033333333333332,15
2022,09X170,P.S. 170,EC,3.315,2
2022,09X199,P.S. 199X - The Shakespeare School,EMS,2.4735,20
2022,09X204,P.S. 204 Morris Heights,EMS,2.9582352941176473,17
2022,09X215,Kappa,EMS,2.84,24
2022,09X218,P.S./I.S. 218 Rafael Hernandez Dual Language Magnet School,EMS,2.641304347826087,23
2022,09X219,I.S. 219 New Venture School,EMS,2.8039130434782606,23
2022,09X227,Bronx Collegiate Academy,HS,3.2788461538461537,26
2022,09X229,I.S. 229 Roland Patterson,EMS,3.3995238095238096,21
2022,09X231,Eagle Academy for Young Men,EMS,3.3226315789473686,19
2022,09X231,Eagle Academy for Young Men,HS,2.9616,25
2022,09X232,I.S. 232,EMS,2.6848,25
2022,09X236,P.S. 236 Langston Hughes,EMS,2.4808333333333334,12
2022,09X241,"Urban Assembly School for Applied Math and Science, The",EMS,2.4144,25
2022,09X241,"Urban Assembly School for Applied Math and Science, The",HS,2.9976,25
2022,09X250,Eximius College Preparatory Academy: A College Board School,HS,3.1691666666666665,24
2022,09X252,Mott Hall Bronx High School,HS,3.2864,25
2022,09X260,Bronx Center for Science and Mathematics,HS,3.4268,25
2022,09X263,Validus Preparatory Academy,HS,2.5215384615384617,26
2022,09X274,The New American Academy at Roberto Clemente State Park,EMS,1.794,20
2022,09X294,The Walton Avenue School,EMS,2.4877777777777776,18
2022,09X297,Morris Academy for Collaborative Studies,HS,3.0012,25
2022,09X303,I.S. X303 Leadership & Community Service,EMS,2.975833333333333,24
2022,09X311,Lucero Elementary School,EMS,2.4736363636363636,11
2022,09X313,I.S. 313 School of Leadership Development,EMS,2.8666666666666667,21
2022,09X323,Bronx Writing Academy,EMS,2.8392,25
2022,09X324,Bronx Early College Academy for Teaching & Learning,EMS,2.9994444444444444,18
2022,09X324,Bronx Early College Academy for Teaching & Learning,HS,3.5208,25
2022,09X327,Comprehensive Model School Project M.S. 327,EMS,3.0356,25
2022,09X327,Comprehensive Model School Project M.S. 327,HS,3.033333333333333,24
2022,09X328,New Millennium Bronx Academy of the Arts,EMS,3.0161904761904763,21
2022,09X329,DreamYard Preparatory School,HS,3.0636,25
2022,09X339,I.S. 339,EMS,3.1476,25
2022,09X350,New Directions Secondary School,HST,2.7295,20
2022,09X361,The Highbridge Green School,EMS,2.6772,25
2022,09X365,Academy for Language and Technology,HS,4.1375,24
2022,09X403,Bronx International High School,HS,3.636842105263158,19
2022,09X404,School for Excellence,HS,2.6578260869565216,23
2022,09X412,Bronx High School of Business,HS,2.5996,25
2022,09X413,Bronx High School for Medical Science,EMS,3.026666666666667,18
2022,09X413,Bronx High School for Medical Science,HS,3.078695652173913,23
2022,09X443,The Family School,EMS,3.1676470588235293,17
2022,09X449,Grant Avenue Elementary School,EMS,2.2525,20
2022,09X454,Science and Technology Academy: A Mott Hall School,EMS,3.9024,25
2022,09X457,Sheridan Academy for Young Leaders,EMS,2.011111111111111,18
2022,09X505,"Bronx School for Law, Government and Justice",EMS,3.19,25
2022,09X505,"Bronx School for Law, Government and Justice",HS,2.7823076923076924,26
2022,09X517,Frederick Douglass Academy III Secondary School,HS,3.0348,25
2022,09X525,Bronx Leadership Academy High School,HS,3.1957692307692307,26
2022,09X543,High School for Violin and Dance,HS,2.856666666666667,24
2022,09X555,Mount Eden Children's Academy,EMS,2.798,15
2022,09X564,Claremont International HS,HS,3.337142857142857,21
2022,09X568,Young Women's Leadership School of the Bronx,EMS,2.8847619047619046,21
2022,09X568,Young Women's Leadership School of the Bronx,HS,3.325833333333333,24
2022,09X593,South Bronx International Middle School,EMS,2.9526315789473685,19
2022,09X594,New Pathways Academy,EMS,3.235,24
2022,10X003,P.S. 3 Raul Julia Micro Society,EMS,2.825217391304348,23
2022,10X007,Milton Fein School,EMS,3.394615384615385,13
2022,10X008,P.S. 008 Isaac Varian,EMS,2.7755,20
2022,10X009,P.S. 9 Ryer Avenue Elementary School,EMS,2.281,20
2022,10X015,P.S. X015 Institute for Environmental Learning,EMS,2.706086956521739,23
2022,10X020,"PS/MS 20 P.O.George J. Werdann, III",EMS,2.1868,25
2022,10X023,P.S. 023 The New Children's School,EMS,2.07,20
2022,10X024,P.S. 024 Spuyten Duyvil,EMS,3.6284615384615386,13
2022,10X032,P.S. 032 Belmont,EMS,2.052,20
2022,10X033,P.S. 033 Timothy Dwight,EMS,2.3745,20
2022,10X037,P.S. X037 - Multiple Intelligence School,EMS,2.936,25
2022,10X045,Thomas C. Giordano Middle School 45,EMS,3.1448,25
2022,10X046,P.S. 046 Edgar Allan Poe,EMS,1.86,20
2022,10X051,The Bronx STEM and Arts Academy,EMS,2.144285714285714,7
2022,10X054,P.S./I.S. 54,EMS,1.9566666666666668,18
2022,10X056,P.S. 056 Norwood Heights,EMS,2.4835,20
2022,10X059,P.S. 059 The Community School of Technology,EMS,1.8725,20
2022,10X077,Bedford Park Elementary School,EMS,1.9905555555555556,18
2022,10X080,J.H.S. 080 The Mosholu Parkway,EMS,2.9348,25
2022,10X081,P.S. 081 Robert J. Christen,EMS,3.46,13
2022,10X085,P.S. 085 Great Expectations,EMS,2.0725000000000002,20
2022,10X086,P.S. 086 Kingsbridge Heights,EMS,2.2677272727272726,22
2022,10X091,P.S. 091 Bronx,EMS,2.3015,20
2022,10X094,P.S. 094 Kings College School,EMS,2.0245,20
2022,10X095,P.S. 095 Sheila Mencher,EMS,2.7688,25
2022,10X118,J.H.S. 118 William W. Niles,EMS,2.7092,25
2022,10X141,Riverdale / Kingsbridge Academy (Middle School / High School 141),EMS,2.8364,25
2022,10X141,Riverdale / Kingsbridge Academy (Middle School / High School 141),HS,3.2964,25
2022,10X159,P.S. 159 Luis Munoz Marin Biling,EMS,2.431,10
2022,10X205,P.S. 205 Fiorello LaGuardia,EMS,2.3275,20
2022,10X206,I.S. 206 Ann Mersereau,EMS,3.555217391304348,23
2022,10X207,P.S. 207,EMS,2.2311111111111113,18
2022,10X209,P.S. 209,EC,2.085,2
2022,10X213,Bronx Engineering and Technology Academy,HS,2.937692307692308,26
2022,10X225,Theatre Arts Production Company School,EMS,3.1794444444444445,18
2022,10X225,Theatre Arts Production Company School,HS,2.6764,25
2022,10X226,P.S. 226,EMS,2.917222222222222,18
2022,10X228,Jonas Bronck Academy,EMS,2.6452173913043477,23
2022,10X237,"The Marie Curie School for Medicine, Nursing, and Health Professions",HS,2.5683333333333334,24
2022,10X243,West Bronx Academy for the Future,EMS,2.4092,25
2022,10X243,West Bronx Academy for the Future,HS,3.4796,25
2022,10X244,The New School for Leadership and Journalism,EMS,3.3088,25
2022,10X246,P.S. 246 Poe Center,EMS,2.116,20
2022,10X254,I.S. 254,EMS,3.0024,25
2022,10X264,Bronx Academy for Software Engineering (BASE),HS,3.1144,25
2022,10X268,Kingsbridge International High School,HS,2.564782608695652,23
2022,10X279,"P.S. 279 Captain Manuel Rivera, Jr.",EMS,2.966,25
2022,10X280,P.S./M.S. 280 Mosholu Parkway,EMS,3.2056,25
2022,10X284,Bronx School of Law and Finance,HS,2.8815384615384616,26
2022,10X291,P.S. 291,EMS,2.5065,20
2022,10X306,P.S. 306,EMS,2.226111111111111,18
2022,10X307,Luisa Pineiro Fuentes School of Science and Discovery,EMS,2.2405555555555554,18
2022,10X308,Bronx Dance Academy School,EMS,3.7291304347826086,23
2022,10X310,P.S. 310 Marble Hill,EMS,2.186,20
2022,10X315,P.S. 315 Lab School,EMS,3.0536842105263156,19
2022,10X319,Providing Urban Learners Success In Education High School,HST,1.884,20
2022,10X331,The Bronx School of Young Leaders,EMS,2.5252,25
2022,10X340,P.S. 340,EMS,2.533,20
2022,10X342,International School for Liberal Arts,EMS,3.4064705882352944,17
2022,10X342,International School for Liberal Arts,HS,2.9996,25
2022,10X344,Ampark Neighborhood,EMS,2.7963636363636364,11
2022,10X351,Bronx Collaborative High School,HS,2.7452380952380953,21
2022,10X353,World View High School,HS,3.7638461538461536,26
2022,10X360,P.S. 360,EMS,1.8783333333333334,18
2022,10X363,Academy For Personal Leadership And Excellence,EMS,2.7692,25
2022,10X368,In-Tech Academy (M.S. / High School 368),EMS,3.0716,25
2022,10X368,In-Tech Academy (M.S. / High School 368),HS,3.1526923076923077,26
2022,10X374,Knowledge and Power Preparatory Academy International High School (Kappa),HS,3.379166666666667,24
2022,10X382,"Elementary School for Math, Science, and Technology",EMS,2.11375,16
2022,10X386,School for Environmental Citizenship,EMS,2.277222222222222,18
2022,10X390,M.S. 390,EMS,2.8556,25
2022,10X391,The Angelo Patri Middle School,EMS,2.6236,25
2022,10X396,P.S. 396,EMS,2.9957142857142856,14
2022,10X397,English Language Learners and International Support Preparatory Academy (ELLIS),HST,3.8226666666666667,15
2022,10X433,High School for Teaching and the Professions,HS,3.1919999999999997,25
2022,10X434,Belmont Preparatory High School,HS,3.088181818181818,22
2022,10X437,Fordham High School for the Arts,HS,3.8621739130434785,23
2022,10X438,Fordham Leadership Academy,HS,3.37,26
2022,10X439,Bronx High School for Law and Community Service,HS,3.2848,25
2022,10X440,DeWitt Clinton High School,HS,3.502307692307692,26
2022,10X442,"Celia Cruz Bronx High School of Music, The",HS,3.799166666666667,24
2022,10X445,The Bronx High School of Science,HS,4.63,20
2022,10X447,Creston Academy,EMS,2.9932,25
2022,10X477,Marble Hill High School for International Studies,HS,3.80375,24
2022,10X524,Crotona International High School,HS,3.65,19
2022,10X546,Bronx Theatre High School,HS,3.091666666666667,24
2022,10X549,Discovery High School,HS,3.7115384615384617,26
2022,10X565,High School for Energy and Technology,HS,3.1984615384615385,26
2022,10X696,High School of American Studies at Lehman College,HS,4.809473684210526,19
2022,11X016,P.S. 016 Wakefield,EMS,2.0738461538461537,13
2022,11X019,P.S. 019 Judith K. Weiss,EMS,3.069047619047619,21
2022,11X021,P.S. 021 Philip H. Sheridan,EMS,1.8475,20
2022,11X041,P.S. 041 Gun Hill Road,EMS,1.934,20
2022,11X068,P.S. 068 Bronx,EMS,3.0476470588235296,17
2022,11X076,P.S. 076 The Bennington School,EMS,2.178,20
2022,11X078,P.S. 078 Anne Hutchinson,EMS,2.2955,20
2022,11X083,P.S. 083 Donald Hertz,EMS,2.7556,25
2022,11X087,P.S. 087 Bronx,EMS,2.084285714285714,14
2022,11X089,P.S. 089 Bronx,EMS,2.8684,25
2022,11X096,P.S. 096 Richard Rodgers,EMS,3.5752941176470587,17
2022,11X097,P.S. 097 Bronx,EMS,2.5229411764705882,17
2022,11X103,P.S. 103 Hector Fontanez,EMS,2.4472222222222224,18
2022,11X105,P.S. 105 Sen Abraham Bernstein,EMS,2.3955555555555557,18
2022,11X106,P.S. 106 Parkchester,EMS,2.2675,20
2022,11X108,P.S. 108 Philip J. Abinanti,EMS,2.89875,16
2022,11X111,P.S. 111 Seton Falls,EMS,1.9111764705882353,17
2022,11X112,P.S. 112 Bronxwood,EMS,1.991875,16
2022,11X121,P.S. 121 Throop,EMS,2.158,20
2022,11X127,J.H.S. 127 The Castle Hill,EMS,2.9619999999999997,25
2022,11X144,J.H.S. 144 Michelangelo,EMS,3.0864,25
2022,11X153,P.S. 153 Helen Keller,EMS,2.7158333333333333,12
2022,11X160,P.S. 160 Walt Disney,EMS,2.3227272727272728,11
2022,11X169,Baychester Academy,EMS,3.2575,8
2022,11X175,P.S. 175 City Island,EMS,3.0294444444444446,18
2022,11X178,P.S. 178 - Dr. Selman Waksman,EMS,2.238888888888889,18
2022,11X180,M.S. 180 Dr. Daniel Hale Williams,EMS,3.0416,25
2022,11X181,I.S. 181 Pablo Casals,EMS,3.2968,25
2022,11X189,Cornerstone Academy for Social Action,EMS,1.9892857142857143,14
2022,11X194,P.S./M.S. 194,EMS,2.8932,25
2022,11X249,Bronx Health Sciences High School,HS,3.590909090909091,22
2022,11X253,Bronx High School for Writing and Communication Arts,HS,2.7275,24
2022,11X265,Bronx Lab School,HS,2.9455,20
2022,11X270,Academy for Scholarship and Entrepreneurship: A College Board School,HS,3.0112,25
2022,11X275,High School of Computers and Technology,HS,2.919230769230769,26
2022,11X287,North Bronx School of Empowerment,EMS,2.0936,25
2022,11X288,Collegiate Institute for Math and Science,HS,3.124,25
2022,11X290,Bronx Academy of Health Careers,HS,2.8612,25
2022,11X299,Astor Collegiate Academy,HS,2.8496,25
2022,11X326,Bronx Green Middle School,EMS,3.1208,25
2022,11X355,Bronx Alliance Middle School,EMS,2.8122727272727275,22
2022,11X357,Young Voices Academy of the Bronx,EMS,2.584375,16
2022,11X370,Leaders of Tomorrow,EMS,2.6391999999999998,25
2022,11X418,Bronx High School for the Visual Arts,HS,2.7336,25
2022,11X455,Harry S Truman High School,HS,2.750769230769231,26
2022,11X462,Cornerstone Academy for Social Action Middle School (CASA),EMS,2.698,20
2022,11X468,Pelham Academy of Academics and Community Engagement,EMS,2.98,21
2022,11X481,The STEAM Bridge School,EMS,3.2066666666666666,12
2022,11X483,The Matilda Avenue School,EMS,2.203125,16
2022,11X498,P.S./M.S. 11X498 - Van Nest Academy,EMS,3.0408,25
2022,11X508,Bronxdale High School,HS,2.7408,25
2022,11X509,High School of Language and Innovation,HS,3.515,24
2022,11X513,New World High School,HS,3.45,24
2022,11X514,The Bronxwood Preparatory Academy,HS,3.0112,25
2022,11X529,One World Middle School at Edenwald,EMS,3.302608695652174,23
2022,11X532,Baychester Middle School,EMS,2.6195833333333334,24
2022,11X542,Pelham Preparatory Academy,HS,3.2332,25
2022,11X544,High School for Contemporary Arts,HS,2.5876923076923077,26
2022,11X545,Bronx Aerospace High School,HS,3.2504347826086954,23
2022,11X556,Bronx Park Middle School,EMS,2.504,25
2022,11X566,Pelham Gardens Middle School,EMS,3.1515999999999997,25
2022,11X567,Linden Tree Elementary School,EMS,1.875,16
2022,12X006,P.S. 006 West Farms,EMS,2.08,20
2022,12X044,P.S. 044 David C. Farragut,EMS,2.326923076923077,13
2022,12X047,P.S. 047 John Randolph,EMS,2.15,20
2022,12X057,P.S. 057 Crescent,EMS,2.3435,20
2022,12X061,P.S. 061 Francisco Oller,EMS,2.536,15
2022,12X066,P.S. 066 School of Higher Expectations,EMS,2.5955,20
2022,12X067,P.S. 067 Mohegan School,EMS,3.474,10
2022,12X098,J.H.S. 098 Herman Ridder,EMS,2.941875,16
2022,12X129,M.S. 129 Academy for Independent Learning and Leadership,EMS,3.1168,25
2022,12X134,P.S. 134 George F. Bristow,EMS,1.9985714285714284,14
2022,12X150,P.S. 150 Charles James Fox,EMS,2.351,20
2022,12X190,E.S.M.T- I.S. 190,EMS,3.2172,25
2022,12X195,P.S. 195,EMS,1.8405,20
2022,12X196,P.S. 196,EMS,2.214,20
2022,12X211,P.S. 211,EMS,2.496,10
2022,12X214,P.S. 214,EMS,2.11,27
2022,12X217,School of Performing Arts,EMS,2.5308333333333333,24
2022,12X242,Mott Hall V,EMS,3.3056,25
2022,12X242,Mott Hall V,HS,3.17125,24
2022,12X248,"Metropolitan High School, The",HS,2.6121739130434785,23
2022,12X251,Explorations Academy H.S.,HS,2.832692307692308,26
2022,12X267,Bronx Latin,EMS,3.0369565217391306,23
2022,12X267,Bronx Latin,HS,3.6904,25
2022,12X271,East Bronx Academy for the Future,EMS,2.6748,25
2022,12X271,East Bronx Academy for the Future,HS,2.894,25
2022,12X273,Frederick Douglass Academy V. Middle School,EMS,3.2024,25
2022,12X286,Fannie Lou Hamer Middle School,EMS,2.4332,25
2022,12X300,The School of Science and Applied Learning,EMS,1.926,20
2022,12X314,Fairmont Neighborhood School,EMS,2.285,12
2022,12X316,Kappa III,EMS,3.1824,25
2022,12X318,"I.S. X318 Math, Science & Technology Through Arts",EMS,2.6708333333333334,24
2022,12X341,Accion Academy,EMS,2.6448,25
2022,12X383,Emolior Academy,EMS,3.12,25
2022,12X388,Pan American International High School at Monroe,HS,3.6715,20
2022,12X446,Arturo A. Schomburg Satellite Academy Bronx,HST,2.6390000000000002,20
2022,12X458,Samara Community School,EMS,2.8513333333333333,15
2022,12X463,Urban Scholars Community School,EMS,2.657,20
2022,12X478,The Cinema School,HS,2.96,25
2022,12X479,Bronx Career and College Preparatory High School,HS,2.4234615384615386,26
2022,12X480,Bronx Regional High School,HST,2.216842105263158,19
2022,12X511,Bronx Envision Academy,HS,2.6634615384615383,26
2022,12X521,The Metropolitan Soundview High School,HS,2.8219230769230768,26
2022,12X531,Archer Elementary School,EMS,2.0826315789473684,19
2022,12X536,P.S. 536,EMS,2.5542857142857143,14
2022,12X550,High School of World Cultures,HS,3.327391304347826,23
2022,12X595,P.S. 595,EMS,2.34,12
2022,12X682,Fannie Lou Hamer Freedom High School,HS,3.039047619047619,21
2022,12X684,Wings Academy,HS,2.638,25
2022,12X691,Bronx Little School,EMS,2.480625,16
2022,13K003,P.S. 003 The Bedford Village,EMS,2.199090909090909,11
2022,13K008,The Emily Warren Roebling School,EMS,3.42,13
2022,13K009,Public School 9 The Sarah Smith Garnet School,EMS,2.788666666666667,15
2022,13K011,P.S. 011 Purvis J. Behan,EMS,3.6763636363636363,11
2022,13K020,P.S. 020 Clinton Hill,EMS,2.872,15
2022,13K044,P.S. 044 Marcus Garvey,EMS,1.885,6
2022,13K046,P.S. 046 Edward C. Blum,EMS,1.9176923076923076,13
2022,13K054,P.S. 054 Samuel C. Barnes,EMS,2.4314285714285715,7
2022,13K056,P.S. 056 Lewis H. Latimer,EMS,2.2841666666666667,12
2022,13K067,P.S. 067 Charles A. Dorsey,EMS,2.286,10
2022,13K093,P.S. 093 William H. Prescott,EMS,2.34125,8
2022,13K113,M.S. 113 Ronald Edmonds Learning Center,EMS,3.0147826086956524,23
2022,13K133,P.S. 133 William A. Butler,EMS,2.8722222222222222,18
2022,13K256,P.S. 256 Benjamin Banneker,EMS,2.089166666666667,12
2022,13K265,Dr. Susan S. McKinney Secondary School of the Arts,EMS,2.5708333333333333,12
2022,13K265,Dr. Susan S. McKinney Secondary School of the Arts,HS,2.8158333333333334,24
2022,13K266,M.S. K266 - Park Place Community Middle School,EMS,3.0608333333333335,12
2022,13K270,P.S. 270 Johann DeKalb,EMS,1.76,7
2022,13K282,P.S. 282 Park Slope,EMS,2.5546153846153845,13
2022,13K287,P.S. 287 Bailey K. Ashford,EMS,2.4814285714285713,7
2022,13K301,Restoration Academy,EMS,2.508125,16
2022,13K307,P.S. 307 Daniel Hale Williams,EMS,1.78,15
2022,13K313,Dock Street School for STEAM Studies,EMS,3.0886363636363634,22
2022,13K350,Urban Assembly School of Music and Art,HS,2.84,23
2022,13K351,The Urban Assembly Unison School,EMS,2.8082608695652174,23
2022,13K412,Brooklyn Community Arts & Media High School (BCAM),HS,2.7144,25
2022,13K419,"Science Skills Center High School for Science, Technology and the Creative Arts",HS,3.71875,24
2022,13K430,Brooklyn Technical High School,HS,4.2265,20
2022,13K439,Brooklyn International High School,HS,3.666315789473684,19
2022,13K483,The Urban Assembly School for Law and Justice,HS,3.064583333333333,24
2022,13K492,Academy of Arts and Letters,EMS,2.9810526315789474,19
2022,13K527,Urban Assembly Institute of Math and Science for Young Women,EMS,3.325,12
2022,13K527,Urban Assembly Institute of Math and Science for Young Women,HS,3.346363636363636,22
2022,13K553,Brooklyn Academy High School,HST,2.2245,20
2022,13K594,Gotham Professional Arts Academy,HS,3.0122222222222224,18
2022,13K595,Bedford Academy High School,HS,3.7215,20
2022,13K605,George Westinghouse Career and Technical Education High School,HS,2.8852,25
2022,13K616,Brooklyn High School for Leadership and Community Service,HST,2.4108695652173915,23
2022,13K670,Benjamin Banneker Academy,HS,3.46,25
2022,13K674,"City Polytechnic High School of Engineering, Architecture, and Technology",HS,3.0508,25
2022,13K691,Fort Greene Preparatory Academy,EMS,3.033333333333333,18
2022,13K915,Bridges: A School for Exploration and Equity,EMS,3.3965,20
2022,14K016,P.S. 016 Leonard Dunkly,EMS,2.0744444444444445,9
2022,14K017,P.S. 017 Henry D. Woodworth,EMS,2.424166666666667,12
2022,14K018,P.S. 018 Edward Bush,EMS,2.04,10
2022,14K023,P.S. 023 Carter G. Woodson,EMS,2.377,20
2022,14K031,P.S. 031 Samuel F. Dupont,EMS,3.971,10
2022,14K034,P.S. 034 Oliver H. Perry,EMS,3.2,12
2022,14K050,J.H.S. 050 John D. Wells,EMS,3.6795999999999998,25
2022,14K059,P.S. 059 The Dawn Best School,EMS,2.3173333333333335,15
2022,14K071,Juan Morel Campos Secondary School,EMS,2.8733333333333335,18
2022,14K071,Juan Morel Campos Secondary School,HS,2.75,24
2022,14K084,P.S. 084 Jose De Diego,EMS,2.8975,24
2022,14K110,P.S. 110 The Monitor,EMS,2.745,14
2022,14K120,P.S. 120 Carlos Tapia,EMS,2.5175,16
2022,14K126,John Ericsson Middle School 126,EMS,2.707391304347826,23
2022,14K132,P.S. 132 The Conselyea School,EMS,2.9754545454545456,11
2022,14K147,P.S. 147 Isaac Remsen,EMS,2.544285714285714,7
2022,14K157,P.S./I.S. 157 The Benjamin Franklin Health & Science Academy,EMS,2.2800000000000002,23
2022,14K196,P.S. 196 Ten Eyck,EMS,2.63,10
2022,14K250,P.S. 250 George H. Lindsay,EMS,2.196,15
2022,14K257,P.S. 257 John F. Hylan,EMS,2.9089473684210527,19
2022,14K297,P.S. 297 Abraham Stockton,EMS,3.243333333333333,18
2022,14K318,I.S. 318 Eugenio Maria De Hostos,EMS,2.808076923076923,26
2022,14K319,P.S. 319,EC,3.2199999999999998,2
2022,14K380,P.S. 380 John Wayne Elementary,EMS,3.1405555555555553,18
2022,14K414,Brooklyn Arbor Elementary School,EMS,2.5470588235294116,17
2022,14K449,"Brooklyn Latin School, The",HS,4.283157894736842,19
2022,14K454,The Williamsburg High School of Art and Technology,HS,3.094,25
2022,14K474,PROGRESS High School for Professional Careers,HS,2.788076923076923,26
2022,14K477,East Williamsburg Scholars Academy,HS,2.776153846153846,26
2022,14K478,"The High School for Enterprise, Business and Technology",HS,2.7512,25
2022,14K488,Brooklyn Preparatory High School,HS,3.1544,25
2022,14K558,Williamsburg High School for Architecture and Design,HS,3.5772,25
2022,14K561,Williamsburg Preparatory School,HS,3.2728,25
2022,14K577,Conselyea Preparatory School,EMS,3.0727272727272728,22
2022,14K582,M.S. 582,EMS,3.3688,25
2022,14K586,Lyons Community School,EMS,2.7253846153846153,13
2022,14K586,Lyons Community School,HS,2.733,20
2022,14K610,A-Tech High School,HS,2.9064,25
2022,14K614,Young Women's Leadership School of Brooklyn,EMS,2.8825,12
2022,14K614,Young Women's Leadership School of Brooklyn,HS,3.3434782608695652,23
2022,14K685,El Puente Academy for Peace and Justice,HS,2.837,20
2022,15K001,P.S. 001 The Bergen,EMS,2.122272727272727,22
2022,15K010,"Magnet School of Math, Science and Design Technology",EMS,3.230625,16
2022,15K015,P.S. 015 Patrick F. Daly,EMS,2.2830769230769232,13
2022,15K024,P.S. 024,EMS,2.4783333333333335,18
2022,15K029,P.S. 029 John M. Harrigan,EMS,3.6706666666666665,15
2022,15K032,P.S. 032 Samuel Mills Sprole,EMS,3.0566666666666666,12
2022,15K038,P.S. 038 The Pacific,EMS,2.8666666666666667,15
2022,15K039,P.S. 039 Henry Bristow,EMS,3.4433333333333334,9
2022,15K051,M.S. 51 William Alexander,EMS,2.9232,25
2022,15K058,P.S. 058 The Carroll,EMS,3.3242857142857143,14
2022,15K088,J.H.S. 088 Peter Rouget,EMS,3.254074074074074,27
2022,15K094,P.S. 094 The Henry Longfellow,EMS,2.452,20
2022,15K107,P.S. 107 John W. Kimball,EMS,3.2436363636363637,11
2022,15K118,The Maurice Sendak Community School,EMS,3.431111111111111,9
2022,15K124,P.S. 124 Silas B. Dutcher,EMS,2.3553333333333333,15
2022,15K130,P.S. 130 The Parkside,EMS,2.545,16
2022,15K131,P.S. 131 Brooklyn,EMS,2.672222222222222,18
2022,15K136,I.S. 136 Charles O. Dewey,EMS,2.43,25
2022,15K146,"The Brooklyn New School, P.S. 146",EMS,2.9025,4
2022,15K154,The Windsor Terrace School,EMS,3.2581818181818183,11
2022,15K169,P.S. 169 Sunset Park,EMS,2.6925,16
2022,15K172,P.S. 172 Beacon School of Excellence,EMS,3.9584615384615383,13
2022,15K230,P.S. 230 Doris L. Cohen,EMS,3.033529411764706,17
2022,15K261,P.S. 261 Zipporiah Mills,EMS,2.5883333333333334,12
2022,15K295,P.S. 295,EMS,2.8158333333333334,12
2022,15K321,P.S. 321 William Penn,EMS,3.6126666666666667,15
2022,15K418,The Children's School,EMS,2.955,6
2022,15K423,Brooklyn Frontiers High School,HST,3.18375,24
2022,15K429,Digital Arts and Cinema Technology High School,HS,3.7241666666666666,24
2022,15K442,M.S. 442 Carroll Gardens School for Innovation,EMS,3.9825,16
2022,15K443,New Voices School of Academic & Creative Arts,EMS,3.8004761904761906,21
2022,15K447,The Math & Science Exploratory School,EMS,3.626190476190476,21
2022,15K448,Brooklyn Collaborative Studies,EMS,3.282142857142857,14
2022,15K448,Brooklyn Collaborative Studies,HS,3.3747368421052633,19
2022,15K462,John Jay School for Law,HS,2.8375,24
2022,15K463,Cyberarts Studio Academy,HS,2.693846153846154,26
2022,15K464,Park Slope Collegiate,EMS,2.8461904761904764,21
2022,15K464,Park Slope Collegiate,HS,2.8629166666666666,24
2022,15K497,The Boerum Hill School for International Studies,EMS,3.010952380952381,21
2022,15K497,The Boerum Hill School for International Studies,HS,2.907391304347826,23
2022,15K516,Sunset Park Avenues Elementary School,EMS,2.365,16
2022,15K519,Cobble Hill School of American Studies,HS,3.0745833333333334,24
2022,15K529,West Brooklyn Community High School,HST,3.4058333333333333,24
2022,15K592,Khalil Gibran International Academy,HS,2.7276190476190476,21
2022,15K656,Brooklyn High School of the Arts,HS,3.24,24
2022,15K667,Sunset Park High School,HS,2.9446153846153846,26
2022,15K676,Red Hook Neighborhood School,EMS,2.4366666666666665,9
2022,15K684,Millennium Brooklyn HS,HS,4.123333333333333,21
2022,15K698,South Brooklyn Community High School,HST,3.3670833333333334,24
2022,15K821,Sunset Park Prep,EMS,2.8020833333333335,24
2022,15K839,M.S. 839,EMS,2.8985714285714286,21
2022,15K896,The School of Creativity and Innovation,EMS,3.2866666666666666,9
2022,16K005,P.S. 005 Dr. Ronald McNair,EMS,2.8433333333333333,6
2022,16K021,P.S. 021 Crispus Attucks,EMS,2.8815384615384616,13
2022,16K025,P.S. 025 Eubie Blake School,EMS,2.435,6
2022,16K026,P.S. 026 Jesse Owens,EMS,2.7875,8
2022,16K035,M.S. 035 Stephen Decatur,EMS,3.9085,20
2022,16K040,P.S. 040 George W. Carver,EMS,3.634,10
2022,16K057,Whitelaw Reid Academy of Arts and Business,EMS,2.9371428571428573,14
2022,16K081,P.S. 081 Thaddeus Stevens,EMS,2.544,10
2022,16K243,P.S. 243K- The Weeksville School,EMS,1.7077777777777778,9
2022,16K262,P.S. 262 El Hajj Malik El Shabazz Elementary School,EMS,3.124285714285714,7
2022,16K267,"M.S. 267 Math, Science & Technology",EMS,2.9677777777777776,18
2022,16K308,P.S. 308 Clara Cardwell,EMS,2.0058823529411764,17
2022,16K309,P.S. 309 The George E. Wibecan Preparatory Academy,EMS,2.4657142857142857,7
2022,16K335,P.S. 335 Granville T. Woods,EMS,2.013333333333333,9
2022,16K455,Boys and Girls High School,HS,2.6779166666666665,24
2022,16K498,Brooklyn High School for Law and Technology,HS,2.8184615384615386,26
2022,16K627,Brighter Choice Community School,EMS,2.167777777777778,9
2022,16K628,Brooklyn Brownstone School,EMS,3.107142857142857,7
2022,16K669,Research and Service High School,HST,2.43,24
2022,16K681,Madiba Prep Middle School,EMS,3.147391304347826,23
2022,16K688,The Brooklyn Academy of Global Finance,HS,2.8440909090909092,22
2022,16K765,Nelson Mandela High School,HS,2.807272727272727,22
2022,16K898,The Brooklyn Green School,EMS,3.116111111111111,18
2022,17K002,Parkside Preparatory Academy,EMS,3.0628,25
2022,17K006,Norma Adams Clemons Academy,EMS,1.9815,20
2022,17K012,Dr. Jacqueline Peek-Davis School,EMS,2.5571428571428574,7
2022,17K061,M.S. 061 Dr. Gladstone H. Atwell,EMS,2.9092592592592594,27
2022,17K091,P.S. 091 The Albany Avenue School,EMS,2.53625,8
2022,17K092,P.S. 092 Adrian Hegeman,EMS,2.225,14
2022,17K122,Pathways in Technology Early College High School (P-Tech),HS,2.84625,24
2022,17K138,P.S. 138 Brooklyn,EMS,2.615,22
2022,17K161,P.S. 161 The Crown,EMS,2.9985714285714287,14
2022,17K181,P.S. 181 Brooklyn,EMS,2.6216,25
2022,17K189,P.S. 189 The Bilingual Center,EMS,2.924074074074074,27
2022,17K191,P.S. 191 Paul Robeson,EMS,2.9414285714285713,7
2022,17K221,P.S. 221 Toussaint L'Ouverture,EMS,2.78125,8
2022,17K241,P.S. 241 Emma L. Johnston,EMS,3.311818181818182,11
2022,17K246,M.S. 246 Walt Whitman,EMS,2.9596,25
2022,17K249,P.S. 249 The Caton,EMS,3.609090909090909,22
2022,17K289,P.S. 289 George V. Brower,EMS,3.198,10
2022,17K316,P.S. 316 Elijah Stroud,EMS,3.1961538461538463,13
2022,17K340,I.S. 340,EMS,3.1585714285714284,21
2022,17K352,Ebbets Field Middle School,EMS,3.6285714285714286,21
2022,17K353,Elijah Stroud Middle School,EMS,3.0125,16
2022,17K354,The School of Integrated Learning,EMS,3.6504347826086954,23
2022,17K375,P.S. 375 Jackie Robinson School,EMS,2.841666666666667,18
2022,17K382,Academy for College Preparation and Career Exploration: A College Board School,EMS,2.5454545454545454,22
2022,17K382,Academy for College Preparation and Career Exploration: A College Board School,HS,2.876086956521739,23
2022,17K394,M.S. K394,EMS,2.485294117647059,17
2022,17K397,P.S. 397 Foster-Laurie,EMS,2.9844444444444442,9
2022,17K398,P.S. 398 Walter Weaver,EMS,2.1175,12
2022,17K399,P.S. 399 Stanley Eugene Clark,EMS,2.12625,8
2022,17K408,Academy of Hospitality and Tourism,HS,3.1792307692307693,26
2022,17K484,Ronald Edmonds Learning Center II,EMS,2.984,15
2022,17K524,International High School at Prospect Heights,HS,3.4305,20
2022,17K528,The High School for Global Citizenship,HS,3.1908333333333334,24
2022,17K531,"School for Human Rights, The",HS,2.846,25
2022,17K532,New Bridges Elementary,EMS,2.538666666666667,15
2022,17K537,High School for Youth and Community Development at Erasmus,HS,2.9916,25
2022,17K539,High School for Service & Learning at Erasmus,HS,3.171666666666667,24
2022,17K543,"Science, Technology and Research Early College High School at Erasmus",EMS,3.6535714285714285,14
2022,17K543,"Science, Technology and Research Early College High School at Erasmus",HS,3.6105,20
2022,17K546,High School for Public Service: Heroes of Tomorrow,HS,3.0568,25
2022,17K547,Brooklyn Academy of Science and the Environment,HS,3.0117391304347825,23
2022,17K548,Brooklyn School for Music & Theatre,HS,2.856086956521739,23
2022,17K568,Brownsville Academy High School,HST,2.6623809523809525,21
2022,17K590,Medgar Evers College Preparatory School,EMS,3.194,15
2022,17K590,Medgar Evers College Preparatory School,HS,3.427619047619048,21
2022,17K600,Clara Barton High School,HS,2.5530769230769232,26
2022,17K646,Aspirations Diploma Plus High School,HST,2.338695652173913,23
2022,17K705,Brooklyn Arts and Science Elementary School,EMS,2.417692307692308,13
2022,17K722,New Heights Middle School,EMS,2.92,25
2022,17K745,Brooklyn Institute for Liberal Arts,HS,3.2195833333333335,24
2022,17K751,Academy for Health Careers,HS,2.774782608695652,23
2022,17K770,P.S. 770 New American Academy,EMS,3.1555555555555554,9
2022,18K066,P.S. 66,EMS,2.606521739130435,23
2022,18K068,I.S. 068 Isaac Bildersee,EMS,2.9408333333333334,24
2022,18K114,P.S. 114 Ryder Elementary,EMS,2.70625,16
2022,18K115,P.S. 115 Daniel Mucatel School,EMS,2.6905,20
2022,18K135,P.S. 135 Sheldon A. Brookner,EMS,2.770625,16
2022,18K208,P.S. 208 Elsa Ebeling,EMS,3.0462499999999997,8
2022,18K211,I.S. 211 John Wilson,EMS,3.588260869565217,23
2022,18K219,P.S. 219 Kennedy-King,EMS,2.663076923076923,13
2022,18K233,P.S. 233 Langston Hughes,EMS,2.8833333333333333,9
2022,18K235,P.S. 235 Janice Marie Knight School,EMS,3.0422727272727275,22
2022,18K244,P.S. 244 Richard R. Green,EMS,2.8613333333333335,15
2022,18K268,P.S. 268 Emma Lazarus,EMS,2.9844444444444442,9
2022,18K272,P.S. 272 Curtis Estabrook,EMS,2.5385714285714287,14
2022,18K276,P.S. 276 Louis Marshall,EMS,2.713125,16
2022,18K279,P.S. 279 Herman Schreiber,EMS,3.124285714285714,7
2022,18K285,I.S. 285 Meyer Levin,EMS,2.986,25
2022,18K366,The Science And Medicine Middle School,EMS,2.920434782608696,23
2022,18K563,It Takes a Village Academy,HS,2.898846153846154,26
2022,18K566,Brooklyn Community High School for Excellence and Equity,HS,2.9043478260869566,23
2022,18K567,Brooklyn Theatre Arts High School,HS,2.6334782608695653,23
2022,18K569,Kurt Hahn Expeditionary Learning School,HS,2.7526315789473683,19
2022,18K576,Victory Collegiate High School,HS,2.842857142857143,21
2022,18K578,Brooklyn Bridge Academy,HST,3.277142857142857,21
2022,18K581,"The Middle School of Media, Law and Fine Arts",EMS,2.8129166666666667,24
2022,18K588,Middle School for Art and Philosophy,EMS,3.118,20
2022,18K617,High School for Innovation in Advertising and Media,HS,2.796666666666667,24
2022,18K629,Cultural Academy for the Arts and Sciences,HS,3.090869565217391,23
2022,18K633,High School for Medical Professions,HS,2.6072,25
2022,18K635,Olympus Academy,HST,2.506666666666667,24
2022,18K637,Academy for Conservation and the Environment,HS,3.3920833333333333,24
2022,18K642,Urban Action Academy,HS,2.736666666666667,24
2022,18K673,East Brooklyn Community High School,HST,2.9675,24
2022,18K763,Brooklyn Science and Engineering Academy,EMS,3.1908695652173913,23
2022,19K007,P.S. 007 Abraham Lincoln,EMS,2.171111111111111,18
2022,19K013,P.S. 013 Roberto Clemente,EMS,2.5,15
2022,19K065,P.S. 065,EMS,3.491111111111111,18
2022,19K089,P.S. 089 Cypress Hills,EMS,2.486521739130435,23
2022,19K108,P.S. 108 Sal Abbracciamento,EMS,3.7115,20
2022,19K149,P.S. 149 Danny Kaye,EMS,2.9944444444444445,18
2022,19K158,P.S. 158 Warwick,EMS,2.5542857142857143,14
2022,19K159,P.S. 159 Isaac Pitkin,EMS,2.2694444444444444,18
2022,19K171,I.S. 171 Abraham Lincoln,EMS,2.9568,25
2022,19K190,P.S. 190 Sheffield,EMS,2.7642857142857142,7
2022,19K202,P.S. 202 Ernest S. Jenkyns,EMS,2.57375,8
2022,19K213,P.S. 213 New Lots,EMS,1.6444444444444444,9
2022,19K214,P.S. 214 Michael Friedsam,EMS,2.155,18
2022,19K218,J.H.S. 218 James P. Sinnott,EMS,2.8708,25
2022,19K224,P.S. 224 Hale A. Woodruff,EMS,2.5277777777777777,9
2022,19K273,P.S. 273 Wortman,EMS,2.02,11
2022,19K290,P.S. 290 Juan Morel Campos,EMS,2.701052631578947,19
2022,19K292,J.H.S. 292 Margaret S. Douglas,EMS,2.738,25
2022,19K306,P.S. 306 Ethan Allen,EMS,2.254,10
2022,19K325,The Fresh Creek School,EMS,3.132857142857143,7
2022,19K328,P.S. 328 Phyllis Wheatley,EMS,2.619285714285714,14
2022,19K345,P.S. 345 Patrolman Robert Bolden,EMS,2.3825,20
2022,19K346,P.S. 346 Abe Stark,EMS,2.66,13
2022,19K364,I.S. 364 Gateway,EMS,2.8194736842105264,19
2022,19K404,Academy for Young Writers,EMS,3.0,18
2022,19K404,Academy for Young Writers,HS,3.0616,25
2022,19K409,East New York Family Academy,EMS,2.477,20
2022,19K409,East New York Family Academy,HS,3.1458333333333335,24
2022,19K422,Spring Creek Community School,EMS,2.683,20
2022,19K422,Spring Creek Community School,HS,2.6152,25
2022,19K452,Frederick Douglass Academy VIII Middle School,EMS,2.9525,20
2022,19K502,FDNY - Captain Vernon A. Richard High School for Fire and Life Safety,HS,2.6984,25
2022,19K504,High School for Civil Rights,HS,2.7661904761904763,21
2022,19K507,Performing Arts and Technology High School,HS,3.141739130434783,23
2022,19K510,World Academy for Total Community Health High School,HS,2.7769565217391303,23
2022,19K557,Brooklyn Gardens Elementary School,EMS,2.69,12
2022,19K583,Multicultural High School,HS,3.3925,24
2022,19K615,Transit Tech Career and Technical Education High School,HS,2.9264,25
2022,19K618,Academy of Innovative Technology,HS,3.2224,25
2022,19K639,Brooklyn Lab School,HS,3.326923076923077,26
2022,19K654,Van Siclen Community Middle School,EMS,2.5975,24
2022,19K659,Cypress Hills Collegiate Preparatory School,HS,3.34,26
2022,19K660,W. H. Maxwell Career and Technical Education High School,HS,2.83,26
2022,19K661,Vista Academy,EMS,2.8876,25
2022,19K662,Liberty Avenue Middle School,EMS,2.6756,25
2022,19K663,School of the Future Brooklyn,EMS,2.4111764705882353,17
2022,19K677,East New York Elementary School of Excellence,EMS,1.9684210526315788,19
2022,19K678,East New York Middle School of Excellence,EMS,2.8376,25
2022,19K683,School for Classics High School,HS,2.6779166666666665,24
2022,19K760,Highland Park Community School,EMS,3.0469565217391303,23
2022,19K764,The Urban Assembly School for Collaborative Healthcare,HS,3.3478260869565215,23
2022,19K907,Legacy School of the Arts,EMS,2.3905555555555553,18
2022,19K935,M.S. 935,EMS,2.876190476190476,21
2022,19K953,The East New York Arts and Civics High School,HS,2.803809523809524,21
2022,20K030,P.S./I.S. 30 Mary White Ovington,EMS,2.524,25
2022,20K048,P.S. 048 Mapleton,EMS,2.568888888888889,18
2022,20K062,J.H.S. 062 Ditmas,EMS,3.0596,25
2022,20K069,P.S. 69 Vincent D. Grippo School,EMS,3.111666666666667,18
2022,20K102,P.S. 102 The Bayview,EMS,3.105625,16
2022,20K104,P.S./I.S. 104 The Fort Hamilton School,EMS,3.0085185185185184,27
2022,20K105,P.S. 105 The Blythebourne,EMS,3.16875,16
2022,20K112,P.S. 112 Lefferts Park,EMS,2.8537500000000002,16
2022,20K127,P.S. 127 Mckinley Park,EMS,3.1253333333333333,15
2022,20K160,P.S. 160 William T. Sampson,EMS,3.3205555555555555,18
2022,20K163,P.S. 163 Bath Beach,EMS,3.262857142857143,21
2022,20K164,P.S. 164 Caesar Rodney,EMS,3.008888888888889,18
2022,20K170,Ralph A. Fabrizio School,EMS,3.1325,16
2022,20K176,P.S. 176 Ovington,EMS,2.957222222222222,18
2022,20K179,P.S. 179 Kensington,EMS,2.394375,16
2022,20K180,The SEEALL Academy,EMS,3.0020000000000002,25
2022,20K185,P.S. 185 Walter Kassenbrock,EMS,3.1575,16
2022,20K186,P.S. 186 Dr. Irving A Gladstone,EMS,2.757222222222222,18
2022,20K187,The Christa McAuliffe School\I.S. 187,EMS,3.937391304347826,23
2022,20K192,P.S. 192 - The Magnet School for Math and Science Inquiry,EMS,2.9188,25
2022,20K200,P.S. 200 Benson School,EMS,2.578,20
2022,20K201,The Madeleine Brennan School,EMS,3.5852,25
2022,20K204,P.S. 204 Vince Lombardi,EMS,3.007,20
2022,20K205,P.S. 205 Clarion,EMS,2.8444444444444446,18
2022,20K220,J.H.S. 220 John J. Pershing,EMS,3.466666666666667,27
2022,20K223,J.H.S. 223 The Montauk,EMS,2.8788,25
2022,20K227,J.H.S. 227 Edward B. Shallow,EMS,2.803846153846154,26
2022,20K229,P.S. 229 Dyker,EMS,3.1408695652173915,23
2022,20K247,P.S. 247 Brooklyn,EMS,3.36375,16
2022,20K259,J.H.S. 259 William McKinley,EMS,3.173076923076923,26
2022,20K264,P.S. 264 Bay Ridge Elementary School For The Arts,EMS,2.794375,16
2022,20K310,The School For Future Leaders,EMS,3.22125,16
2022,20K445,New Utrecht High School,HS,2.4265384615384615,26
2022,20K485,High School of Telecommunication Arts and Technology,HS,3.3734615384615383,26
2022,20K490,Fort Hamilton High School,HS,2.854230769230769,26
2022,20K503,P.S. 503: The School of Discovery,EMS,2.798888888888889,18
2022,20K505,Franklin Delano Roosevelt High School,HS,2.6653846153846152,26
2022,20K506,P.S. 506: The School of Journalism & Technology,EMS,2.32,20
2022,20K609,Urban Assembly School for Leadership and Empowerment,EMS,2.960952380952381,21
2022,20K609,Urban Assembly School for Leadership and Empowerment,HS,3.5745833333333334,24
2022,20K682,The Academy of Talented Scholars,EMS,3.4014285714285712,14
2022,20K686,Brooklyn School of Inquiry,EMS,3.8994736842105264,19
2022,20K748,P.S. 748 Brooklyn School for Global Scholars,EMS,2.899375,16
2022,20K936,MS 936 Arts Off 3rd,EMS,3.6669565217391304,23
2022,20K971,"School of Math, Science, and Healthy Living",EMS,2.49375,16
2022,21K090,P.S. 90 Edna Cohen School,EMS,2.345833333333333,12
2022,21K095,P.S. 095 The Gravesend,EMS,3.1636,25
2022,21K096,I.S. 096 Seth Low,EMS,2.87,25
2022,21K097,P.S. 97 The Highlawn,EMS,3.046666666666667,18
2022,21K098,I.S. 98 Bay Academy,EMS,4.1571428571428575,21
2022,21K099,P.S. 099 Isaac Asimov,EMS,2.47,23
2022,21K100,P.S. 100 The Coney Island School,EMS,2.928125,16
2022,21K101,P.S. 101 The Verrazano,EMS,3.1814285714285715,14
2022,21K121,P.S. 121 Nelson A. Rockefeller,EMS,3.229473684210526,19
2022,21K128,P.S. 128 Bensonhurst,EMS,2.05625,16
2022,21K153,P.S. 153 Homecrest,EMS,2.512777777777778,18
2022,21K177,P.S. 177 The Marlboro,EMS,2.6421052631578945,19
2022,21K188,P.S. 188 Michael E. Berdy,EMS,1.7405,20
2022,21K199,P.S. 199 Frederick Wachtel,EMS,2.7866666666666666,18
2022,21K209,P.S. 209 Margaret Mead,EMS,2.9034782608695653,23
2022,21K212,P.S. 212 Lady Deborah Moody,EMS,2.6444444444444444,18
2022,21K215,P.S. 215 Morris H. Weiss,EMS,2.75875,16
2022,21K216,P.S. 216 Arturo Toscanini,EMS,2.761875,16
2022,21K225,P.S. K225 - The Eileen E. Zaglin,EMS,2.5484,25
2022,21K226,P.S. 226 Alfred De B. Mason,EMS,2.5488,25
2022,21K228,I.S. 228 David A. Boody,EMS,2.8764,25
2022,21K238,P.S. 238 Anne Sullivan,EMS,2.6358333333333333,24
2022,21K239,Mark Twain I.S. 239 for the Gifted & Talented,EMS,3.6616666666666666,24
2022,21K253,P.S. 253,EMS,3.3575,16
2022,21K281,I.S. 281 Joseph B Cavallaro,EMS,2.8568,25
2022,21K288,P.S. 288 The Shirley Tanyhill,EMS,2.1052,25
2022,21K303,I.S. 303 Herbert S. Eisenberg,EMS,2.746086956521739,23
2022,21K329,P.S. 329 Surfside,EMS,1.902,15
2022,21K337,International High School at Lafayette,HS,3.3057894736842104,19
2022,21K344,Rachel Carson High School for Coastal Studies,HS,3.3072,25
2022,21K348,High School of Sports Management,HS,2.9288,25
2022,21K410,Abraham Lincoln High School,HS,3.0057692307692307,26
2022,21K468,Kingsborough Early College School,EMS,3.1817391304347824,23
2022,21K468,Kingsborough Early College School,HS,3.8449999999999998,24
2022,21K525,Edward R. Murrow High School,HS,2.6746153846153846,26
2022,21K540,John Dewey High School,HS,2.7484615384615383,26
2022,21K559,Life Academy High School for Film and Music,HS,2.98125,24
2022,21K572,Leaders High School,HS,3.866111111111111,18
2022,21K620,William E. Grady Career and Technical Education High School,HS,2.6296,25
2022,21K690,Brooklyn Studio Secondary School,EMS,3.040909090909091,22
2022,21K690,Brooklyn Studio Secondary School,HS,2.9316,25
2022,21K728,Liberation Diploma Plus,HST,3.194166666666667,24
2022,22K014,J.H.S. 014 Shell Bank,EMS,2.735,24
2022,22K052,P.S. 052 Sheepshead Bay,EMS,2.045,16
2022,22K078,J.H.S. 078 Roy H. Mann,EMS,3.1216,25
2022,22K109,P.S. 109,EMS,2.8276,25
2022,22K119,P.S. 119 Amersfort,EMS,2.241578947368421,19
2022,22K134,P.S. K134,EMS,3.56,14
2022,22K139,P.S. 139 Alexine A. Fenty,EMS,2.5294736842105263,19
2022,22K152,School of Science & Technology,EMS,2.4442105263157896,19
2022,22K193,P.S. 193 Gil Hodges,EMS,2.750625,16
2022,22K194,P.S. 194 Raoul Wallenberg,EMS,2.361111111111111,18
2022,22K195,P.S. 195 Manhattan Beach,EMS,3.4825,12
2022,22K197,P.S. 197 - The Kings Highway Academy,EMS,2.6266666666666665,18
2022,22K198,P.S. 198 Brooklyn,EMS,2.5476923076923077,13
2022,22K203,P.S. 203 Floyd Bennett School,EMS,2.977222222222222,18
2022,22K206,P.S. 206 Joseph F Lamb,EMS,2.571304347826087,23
2022,22K207,P.S. 207 Elizabeth G. Leary,EMS,2.974,25
2022,22K217,P.S. 217 Colonel David Marcus School,EMS,2.3333333333333335,18
2022,22K222,P.S. 222 Katherine R. Snyder,EMS,3.14,18
2022,22K234,J.H.S. 234 Arthur W. Cunningham,EMS,3.0296,25
2022,22K236,P.S. 236 Mill Basin,EMS,3.251333333333333,15
2022,22K240,Andries Hudde,EMS,2.5764,25
2022,22K245,P.S. 245,EMS,3.2391666666666667,12
2022,22K251,P.S. 251 Paerdegat,EMS,2.3425,16
2022,22K254,P.S. 254 Dag Hammarskjold,EMS,3.020625,16
2022,22K255,P.S. 255 Barbara Reing School,EMS,2.571111111111111,18
2022,22K277,P.S. 277 Gerritsen Beach,EMS,2.8064285714285715,14
2022,22K278,J.H.S. 278 Marine Park,EMS,2.738,25
2022,22K312,P.S. 312 Bergen Beach,EMS,2.914705882352941,17
2022,22K315,P.S. K315,EMS,2.6688888888888886,18
2022,22K326,P.S. 326,EC,3.05,2
2022,22K361,P.S. 361 East Flatbush Early Childhood School,EMS,2.2545454545454544,11
2022,22K381,I. S. 381,EMS,3.1688,25
2022,22K405,Midwood High School,HS,3.2846153846153845,26
2022,22K425,James Madison High School,HS,3.0646153846153847,26
2022,22K535,Leon M. Goldstein High School for the Sciences,HS,3.632857142857143,21
2022,22K555,Brooklyn College Academy,HS,3.6472727272727274,22
2022,22K611,Origins High School,HS,3.0833333333333335,24
2022,22K630,Professional Pathways High School,HST,3.2666666666666666,24
2022,22K889,P.S. 889,EMS,2.3415384615384616,13
2022,22K890,M.S. 890,EMS,3.1452,25
2022,23K041,P.S. 041 Francis White,EMS,1.934,10
2022,23K137,P.S./I.S. 137 Rachel Jean Mitchell,EMS,2.8185714285714285,7
2022,23K150,P.S. 150 Christopher,EMS,1.973,10
2022,23K155,P.S./ I.S. 155 Nicholas Herkimer,EMS,3.5955,20
2022,23K156,P.S. 156 Waverly,EMS,2.48,18
2022,23K165,P.S. 165 Ida Posner,EMS,2.5755555555555554,9
2022,23K178,P.S. 178 Saint Clair Mckelway,EMS,2.1147619047619046,21
2022,23K184,P.S. 184 Newport,EMS,2.3569565217391304,23
2022,23K284,"The Gregory Jocko Jackson School of Sports, Art, and Technology",EMS,2.279166666666667,12
2022,23K298,P.S. 298 Dr. Betty Shabazz,EMS,2.641111111111111,9
2022,23K323,P.S./I.S. 323,EMS,2.1717391304347826,23
2022,23K327,P.S. 327 Dr. Rose B. English,EMS,2.4385714285714286,7
2022,23K363,Brownsville Collaborative Middle School,EMS,3.8958823529411766,17
2022,23K392,I.S. 392,EMS,3.0109090909090908,22
2022,23K401,Christopher Avenue Community School,EMS,2.945,8
2022,23K446,Riverdale Avenue Community School,EMS,2.8341666666666665,12
2022,23K493,Brooklyn Collegiate: A College Board School,HS,3.164,25
2022,23K514,Frederick Douglass Academy VII High School,HS,3.150952380952381,21
2022,23K518,Kappa V (Knowledge and Power Preparatory Academy),EMS,3.1425,12
2022,23K522,Mott Hall IV,EMS,2.707333333333333,15
2022,23K599,Brooklyn Landmark Elementary School,EMS,3.209090909090909,11
2022,23K643,Brooklyn Democracy Academy,HST,2.7383333333333333,24
2022,23K644,Eagle Academy for Young Men II,EMS,3.6221428571428573,14
2022,23K644,Eagle Academy for Young Men II,HS,3.0776,25
2022,23K647,Metropolitan Diploma Plus High School,HST,2.575454545454545,22
2022,23K664,Brooklyn Environmental Exploration School (BEES),EMS,2.886875,16
2022,23K668,Riverdale Avenue Middle School,EMS,2.760588235294118,17
2022,23K671,Mott Hall Bridges Academy,EMS,2.6025,20
2022,23K697,Teachers Preparatory High School,HS,2.384782608695652,23
2022,24Q005,I.S. 5 - The Walter Crowley Intermediate School,EMS,2.9496296296296296,27
2022,24Q007,P.S. 007 Louis F. Simeone,EMS,2.836,20
2022,24Q012,P.S. 012 James B. Colgate,EMS,2.9183333333333334,18
2022,24Q013,P.S. 013 Clement C. Moore,EMS,2.8425,20
2022,24Q014,P.S. 014 Fairview,EMS,2.084,20
2022,24Q016,P.S. Q016 The Nancy DeBenedittis School,EMS,2.3465,20
2022,24Q019,P.S. 019 Marino Jeantet,EMS,2.5045454545454544,22
2022,24Q028,P.S. 28 - The Thomas Emanuel Early Childhood Center,EC,2.9050000000000002,2
2022,24Q049,P.S. 049 Dorothy Bonawit Kole,EMS,2.8141666666666665,24
2022,24Q058,P.S. 58 - The School of Heroes,EMS,2.465,20
2022,24Q061,I.S. 061 Leonardo Da Vinci,EMS,3.0416,25
2022,24Q068,P.S. 068 Cambridge,EMS,2.7505,20
2022,24Q071,P.S. 071 Forest,EMS,2.1788235294117646,17
2022,24Q073,I.S. 73 - The Frank Sansivieri Intermediate School,EMS,3.0388888888888888,27
2022,24Q077,Joseph F. Quinn Intermediate School 77,EMS,2.6348,25
2022,24Q081,P.S. 81Q Jean Paul Richter,EMS,3.524,20
2022,24Q087,P.S./I.S. 087 Middle Village,EMS,2.783157894736842,19
2022,24Q088,P.S. 088 Seneca,EMS,2.4316666666666666,18
2022,24Q089,P.S. 89Q: The Jose Peralta School of Dreamers,EMS,2.2805,20
2022,24Q091,P.S. 091 Richard Arkwright,EMS,2.2195,20
2022,24Q093,I.S. 093 Ridgewood,EMS,3.0672,25
2022,24Q102,P.S. 102 Bayview,EMS,2.9472,25
2022,24Q110,P.S. 110,EMS,2.5300000000000002,20
2022,24Q113,P.S./I.S. 113 Anthony J. Pranzo,EMS,2.8429166666666665,24
2022,24Q119,P.S./I.S. 119 The Glendale,EMS,2.7224,25
2022,24Q125,I.S. 125 Thom J. McCann Woodside,EMS,2.8244444444444445,27
2022,24Q128,"P.S. 128 The Lorraine Tuzzo, Juniper Valley Elementary School",EMS,2.892857142857143,21
2022,24Q143,P.S. 143 Louis Armstrong,EMS,2.0835,20
2022,24Q153,P.S. 153 Maspeth Elem,EMS,2.315,20
2022,24Q199,P.S. 199 Maurice A. Fitzgerald,EMS,2.683,20
2022,24Q211,Elm Tree Elementary School,EMS,2.7655,20
2022,24Q229,P.S. 229 Emanuel Kaplan,EMS,2.5755,20
2022,24Q236,International High School for Health Sciences,HS,3.32,20
2022,24Q239,P.S. 239,EMS,2.361666666666667,18
2022,24Q264,Academy of Finance and Enterprise,HS,3.5153846153846153,26
2022,24Q267,High School of Applied Communication,HS,3.2084,25
2022,24Q290,A.C.E. Academy for Scholars at the Geraldine Ferraro Campus,EMS,2.966875,16
2022,24Q293,Civic Leadership Academy,HS,3.348846153846154,26
2022,24Q296,Pan American International High School,HS,3.712,20
2022,24Q299,Bard High School Early College Queens,HS,3.8904761904761904,21
2022,24Q305,Learners and Leaders,EMS,3.006842105263158,19
2022,24Q307,Pioneer Academy,EMS,2.746,20
2022,24Q311,Corona Arts & Sciences Academy,EMS,2.724,25
2022,24Q330,Helen M. Marshall School,EMS,2.875,20
2022,24Q343,The Children's Lab School,EMS,2.8925,16
2022,24Q419,New 2021 D.24 MS in Building Q419,EMS,2.8743478260869564,23
2022,24Q455,Newtown High School,HS,2.8196153846153846,26
2022,24Q485,Grover Cleveland High School,HS,2.885,26
2022,24Q520,Middle College High School at LaGuardia Community College,HS,3.628888888888889,18
2022,24Q530,International High School at LaGuardia Community College,HS,4.212631578947368,19
2022,24Q550,High School for Arts and Business,HS,3.727692307692308,26
2022,24Q560,"Robert F. Wagner, Jr. Secondary School for Arts and Technology",EMS,3.411,20
2022,24Q560,"Robert F. Wagner, Jr. Secondary School for Arts and Technology",HS,3.370416666666667,24
2022,24Q585,Maspeth High School,HS,3.694230769230769,26
2022,24Q600,Queens Technical High School,HS,2.688076923076923,26
2022,24Q610,Aviation Career & Technical Education High School,HS,3.9976923076923074,26
2022,24Q744,VOYAGES Preparatory,HST,2.5070833333333336,24
2022,25Q020,P.S. 020 John Bowne,EMS,2.543888888888889,18
2022,25Q021,P.S. 021 Edward Hart,EMS,2.7395,20
2022,25Q022,P.S. 022 Thomas Jefferson,EMS,3.436111111111111,18
2022,25Q024,P.S. 024 Andrew Jackson,EMS,3.253888888888889,18
2022,25Q025,I.S. 025 Adrien Block,EMS,3.054,25
2022,25Q029,P.S. 029 Queens,EMS,2.6127777777777776,18
2022,25Q032,P.S. 032 State Street,EMS,3.0644444444444443,18
2022,25Q079,P.S. 079 Francis Lewis,EMS,3.27875,16
2022,25Q107,P.S. 107 Thomas A Dooley,EMS,2.694736842105263,19
2022,25Q120,P.S. 120 Queens,EMS,3.0031578947368422,19
2022,25Q129,P.S. 129 Patricia Larkin,EMS,2.8489473684210527,19
2022,25Q130,P.S. 130,EMS,3.537857142857143,14
2022,25Q154,P.S. 154 Queens,EMS,2.680625,16
2022,25Q163,P.S. 163 Flushing Heights,EMS,3.0205555555555557,18
2022,25Q164,P.S. 164 Queens Valley,EMS,2.9223809523809523,21
2022,25Q165,P.S. 165 Edith K. Bergtraum,EMS,2.8733333333333335,18
2022,25Q169,P.S. 169 Bay Terrace,EMS,2.9966666666666666,15
2022,25Q184,P.S. 184 Flushing Manor,EMS,3.1225,16
2022,25Q185,J.H.S. 185 Edward Bleeker,EMS,2.8776,25
2022,25Q189,J.H.S. 189 Daniel Carter Beard,EMS,2.6536,25
2022,25Q193,P.S. 193 Alfred J. Kennedy,EMS,3.14375,16
2022,25Q194,J.H.S. 194 William Carr,EMS,2.9316666666666666,24
2022,25Q200,P.S./M.S. 200 - The Magnet School of Global Studies and Leadership,EMS,3.0436,25
2022,25Q201,P.S. 201 The Discovery School for Inquiry and Research,EMS,2.7244444444444444,18
2022,25Q209,P.S. 209 Clearview Gardens,EMS,3.092857142857143,14
2022,25Q214,P.S. 214 Cadwallader Colden,EMS,2.8925,16
2022,25Q219,P.S. 219 Paul Klapper,EMS,3.3428,25
2022,25Q237,I.S. 237,EMS,2.9072,25
2022,25Q240,Veritas Academy,HS,2.835769230769231,26
2022,25Q241,Queens High School for Language Studies,HS,3.607083333333333,24
2022,25Q242,P.S. 242 Leonard P. Stavisky Early Childhood School,EC,3.3499999999999996,2
2022,25Q244,The Active Learning Elementary School,EC,3.975,2
2022,25Q250,I.S. 250 The Robert F. Kennedy Community Middle School,EMS,2.6165217391304347,23
2022,25Q252,"Queens School of Inquiry, The",EMS,2.5142105263157895,19
2022,25Q252,"Queens School of Inquiry, The",HS,3.426,20
2022,25Q263,Flushing International High School,HS,3.573,20
2022,25Q281,East-West School of International Studies,EMS,3.689,20
2022,25Q281,East-West School of International Studies,HS,3.8805,20
2022,25Q285,World Journalism Preparatory: A College Board School,EMS,3.3970588235294117,17
2022,25Q285,World Journalism Preparatory: A College Board School,HS,3.6914285714285713,21
2022,25Q294,BELL Academy,EMS,4.044444444444444,18
2022,25Q379,College Point Collaborative,EMS,2.6064,25
2022,25Q425,John Bowne High School,HS,2.7834615384615384,26
2022,25Q460,Flushing High School,HS,3.0584615384615383,26
2022,25Q499,"The Queens College School for Math, Science and Technology",EMS,3.429047619047619,21
2022,25Q525,Townsend Harris High School,HS,4.256666666666667,21
2022,25Q540,Queens Academy High School,HST,3.0795833333333333,24
2022,25Q670,Robert F. Kennedy Community High School,HS,3.1826923076923075,26
2022,25Q792,North Queens Community High School,HST,2.4766666666666666,18
2022,26Q018,P.S. 018 Winchester,EMS,2.8986666666666667,15
2022,26Q026,P.S. 026 Rufus King,EMS,2.5611111111111113,18
2022,26Q031,P.S. 031 Bayside,EMS,3.30375,16
2022,26Q041,P.S. 041 Crocheron,EMS,3.551875,16
2022,26Q046,P.S. 046 Alley Pond,EMS,3.2346666666666666,15
2022,26Q067,J.H.S. 067 Louis Pasteur,EMS,3.716086956521739,23
2022,26Q074,J.H.S. 074 Nathaniel Hawthorne,EMS,3.4969565217391305,23
2022,26Q094,P.S. 094 David D. Porter,EMS,4.036428571428571,14
2022,26Q098,P.S. 098 The Douglaston School,EMS,3.4854545454545454,11
2022,26Q115,The James J. Ambrose School,EMS,3.2157142857142857,14
2022,26Q133,P.S. 133 Queens,EMS,2.805,18
2022,26Q158,M.S. 158 Marie Curie,EMS,3.511304347826087,23
2022,26Q159,P.S. 159,EMS,3.316875,16
2022,26Q162,P.S. 162 John Golden,EMS,2.7866666666666666,18
2022,26Q172,Irwin Altman Middle School 172,EMS,3.144,25
2022,26Q173,P.S. 173 Fresh Meadows,EMS,2.877222222222222,18
2022,26Q178,P.S./ IS 178 Holliswood,EMS,2.4757142857142855,21
2022,26Q186,P.S. 186 Castlewood,EMS,3.1816666666666666,12
2022,26Q188,P.S. 188 Kingsbury,EMS,3.682142857142857,14
2022,26Q191,P.S. 191 Mayflower,EMS,3.0284615384615385,13
2022,26Q203,P.S. 203 Oakland Gardens,EMS,3.7978571428571426,14
2022,26Q205,P.S. 205 Alexander Graham Bell,EMS,3.222,10
2022,26Q213,P.S. 213 The Carl Ullman School,EMS,2.9258333333333333,12
2022,26Q216,J.H.S. 216 George J. Ryan,EMS,3.3669230769230767,26
2022,26Q221,P.S. 221 The North Hills School,EMS,3.2840000000000003,15
2022,26Q266,P.S./I.S. 266,EMS,3.28,20
2022,26Q315,Business Technology Early College High School,HS,3.7704,25
2022,26Q376,P.S. 376,EMS,3.2253846153846153,13
2022,26Q415,Benjamin N. Cardozo High School,HS,3.182692307692308,26
2022,26Q430,Francis Lewis High School,HS,3.3365384615384617,26
2022,26Q435,Martin Van Buren High School,HS,2.9253846153846155,26
2022,26Q495,Bayside High School,HS,3.7788461538461537,26
2022,26Q566,"Queens High School of Teaching, Liberal Arts and the Sciences",HS,3.0648,25
2022,27Q042,P.S./M.S 042 R. Vernam,EMS,1.9331818181818181,22
2022,27Q043,P.S. 043,EMS,2.222608695652174,23
2022,27Q045,P.S. 045 Clarence Witherspoon,EMS,2.2745454545454544,11
2022,27Q047,P.S. 047 Chris Galas,EMS,3.3453333333333335,15
2022,27Q051,P.S. 051,EC,1.75,2
2022,27Q053,M.S. 053 Brian Piccolo,EMS,3.3754545454545455,22
2022,27Q056,P.S. 056 Harry Eichler,EMS,2.3126315789473684,19
2022,27Q060,P.S. 060 Woodhaven,EMS,3.0385,20
2022,27Q062,P. S. 62 - Chester Park School,EMS,2.649,20
2022,27Q063,P.S. 063 Old South,EMS,2.6710526315789473,19
2022,27Q064,P.S. 064 Joseph P. Addabbo,EMS,2.205,18
2022,27Q065,P.S. 65 - The Raymond York Elementary School,EMS,2.539375,16
2022,27Q066,P.S. 066 Jacqueline Kennedy Onassis,EMS,3.6775,16
2022,27Q090,P.S. 090 Horace Mann,EMS,2.576842105263158,19
2022,27Q096,P.S. 096,EMS,2.8575,12
2022,27Q097,P.S. 097 Forest Park,EMS,2.4655555555555555,18
2022,27Q100,P.S. 100 Glen Morris,EMS,2.7416666666666667,18
2022,27Q104,P.S. 104 The Bays Water,EMS,2.3715,20
2022,27Q105,P.S. 105 The Bay School,EMS,2.3504,25
2022,27Q106,Lighthouse Elementary School,EMS,2.199,10
2022,27Q108,P.S. 108 Captain Vincent G. Fowler,EMS,2.759,20
2022,27Q114,P.S./M.S. 114 Belle Harbor,EMS,2.8842857142857143,21
2022,27Q123,P.S. 123,EMS,2.8105555555555557,18
2022,27Q124,P.S. 124 Osmond A Church,EMS,2.6724,25
2022,27Q137,M.S. 137 America's School of Heroes,EMS,2.9932,25
2022,27Q146,P.S. 146 Howard Beach,EMS,3.08,21
2022,27Q155,P.S. 155,EMS,2.751,10
2022,27Q183,P.S. 183 Dr. Richard R. Green,EMS,2.3584,25
2022,27Q197,P.S. 197 The Ocean School,EMS,2.8850000000000002,20
2022,27Q202,J.H.S. 202 Robert H. Goddard,EMS,2.9892,25
2022,27Q207,P.S. 207 Rockwood Park,EMS,3.1365,20
2022,27Q210,J.H.S. 210 Elizabeth Blackwell,EMS,3.078148148148148,27
2022,27Q223,P.S. 223 Lyndon B. Johnson,EMS,1.895,20
2022,27Q226,J.H.S. 226 Virgil I. Grissom,EMS,2.5096296296296297,27
2022,27Q232,P.S. 232 Lindenwood,EMS,2.6788,25
2022,27Q253,The Randolph Holder School for Social Justice,EMS,1.9195,20
2022,27Q254,P.S. 254 - The Rosa Parks School,EMS,2.796666666666667,12
2022,27Q260,Frederick Douglass Academy VI High School,HS,2.644615384615385,26
2022,27Q261,Voyages Prep - South Queens,HST,3.5029166666666667,24
2022,27Q262,Channel View School for Research,EMS,2.6848,25
2022,27Q262,Channel View School for Research,HS,3.6228,25
2022,27Q273,P.S. 273,EMS,2.7223076923076923,13
2022,27Q282,Knowledge and Power Preparatory Academy VI,EMS,2.9066666666666667,24
2022,27Q297,Hawtree Creek Middle School,EMS,3.054761904761905,21
2022,27Q302,"Queens High School for Information, Research, and Technology",HS,3.4046153846153846,26
2022,27Q306,New York City Academy for Discovery,EMS,2.2872222222222223,18
2022,27Q308,Robert H. Goddard High School of Communication Arts and Technology,HS,3.5912,25
2022,27Q309,Academy of Medical Technology: A College Board School,EMS,2.6192,25
2022,27Q309,Academy of Medical Technology: A College Board School,HS,2.94,26
2022,27Q314,Epic High School - South,HS,2.891153846153846,26
2022,27Q316,Queens Explorers Elementary School,EMS,2.855,16
2022,27Q317,Waterside Children's Studio School,EMS,2.894375,16
2022,27Q318,Waterside School For Leadership,EMS,3.4119047619047618,21
2022,27Q319,Village Academy,EMS,3.4108695652173915,23
2022,27Q323,Scholars' Academy,EMS,3.6422222222222222,18
2022,27Q323,Scholars' Academy,HS,4.2445,20
2022,27Q324,Rockaway Park High School for Environmental Sustainability,HS,2.892,25
2022,27Q333,Goldie Maple Academy,EMS,2.3813636363636363,22
2022,27Q334,Epic High School - North,HS,3.4156,25
2022,27Q351,Rockaway Collegiate High School,HS,2.8134615384615387,26
2022,27Q362,Wave Preparatory Elementary School,EMS,3.47,10
2022,27Q377,S.T.A.R. Leadership Academy,EMS,2.55875,16
2022,27Q400,August Martin High School,HS,3.622692307692308,26
2022,27Q475,Richmond Hill High School,HS,2.9261538461538463,26
2022,27Q480,John Adams High School,HS,3.088076923076923,26
2022,27Q650,"High School for Construction Trades, Engineering and Architecture",HS,3.894,25
2022,28Q008,J.H.S. 008 Richard S. Grossley,EMS,2.9716666666666667,24
2022,28Q040,P.S. 040 Samuel Huntington,EMS,3.319,10
2022,28Q048,David N. Dinkins School,EMS,2.6444444444444444,18
2022,28Q050,P.S. 050 Talfourd Lawn Elementary School,EMS,2.799,20
2022,28Q054,P.S. 054 Hillside,EMS,2.6533333333333333,18
2022,28Q055,P.S. 055 Maure,EMS,2.495,10
2022,28Q072,Catherine & Count Basie Middle School 72,EMS,2.94875,24
2022,28Q080,PS 80  The Thurgood Marshall Magnet School of Multimedia and Communication,EMS,2.3693333333333335,15
2022,28Q082,P.S. 082 Hammond,EMS,2.3125,20
2022,28Q086,P.S. Q086,EMS,2.5225,16
2022,28Q099,P.S. 099 Kew Gardens,EMS,2.763333333333333,18
2022,28Q101,P.S. 101 School in the Gardens,EMS,3.708333333333333,12
2022,28Q117,P.S. 117 J. Keld / Briarwood School,EMS,2.5255555555555556,18
2022,28Q121,P.S. 121 Queens,EMS,3.703,10
2022,28Q139,P.S. 139 Rego Park,EMS,2.984,15
2022,28Q140,P.S. 140 Edward K Ellington,EMS,2.882222222222222,9
2022,28Q144,P.S. 144 Col Jeromus Remsen,EMS,3.03625,16
2022,28Q157,J.H.S. 157 Stephen A. Halsey,EMS,3.296,25
2022,28Q157,J.H.S. 157 Stephen A. Halsey,HS,3.92,4
2022,28Q160,P.S. 160 Walter Francis Bishop,EMS,2.6966666666666668,18
2022,28Q161,P.S. 161 Arthur Ashe School,EMS,2.39375,16
2022,28Q167,Metropolitan Expeditionary Learning School,EMS,2.487142857142857,21
2022,28Q167,Metropolitan Expeditionary Learning School,HS,3.6576,25
2022,28Q174,P.S. 174 William Sidney Mount,EMS,3.135625,16
2022,28Q175,P.S. 175 The Lynn Gross Discovery School,EMS,2.4725,16
2022,28Q182,P.S. 182 Samantha Smith,EMS,2.2244444444444444,18
2022,28Q190,J.H.S. 190 Russell Sage,EMS,2.8983333333333334,24
2022,28Q196,P.S. 196 Grand Central Parkway,EMS,4.194285714285714,14
2022,28Q206,P.S. 206 The Horace Harding School,EMS,2.6546666666666665,15
2022,28Q217,J.H.S. 217 Robert A. Van Wyck,EMS,2.714,25
2022,28Q220,P.S. 220 Edward Mandel,EMS,2.22375,16
2022,28Q284,York Early College Academy,EMS,2.836,20
2022,28Q284,York Early College Academy,HS,4.062222222222222,18
2022,28Q287,The Emerson School,EMS,2.423636363636364,22
2022,28Q303,The Academy for Excellence through the Arts,EMS,3.9844444444444442,9
2022,28Q310,Queens Collegiate: A College Board School,EMS,2.8283333333333336,24
2022,28Q310,Queens Collegiate: A College Board School,HS,3.1866666666666665,24
2022,28Q312,Jamaica Children's School,EMS,2.472,10
2022,28Q325,Hillside Arts & Letters Academy,HS,3.625384615384615,26
2022,28Q328,High School for Community Leadership,HS,3.8776,25
2022,28Q332,Redwood Middle School,EMS,2.9695238095238095,21
2022,28Q338,Queens Satellite High School for Opportunity,HST,2.491578947368421,19
2022,28Q349,The Queens School for Leadership and Excellence,EMS,2.2875,20
2022,28Q350,Jamaica Gateway to the Sciences,HS,3.544230769230769,26
2022,28Q354,The Jermaine L. Green STEM Institute of Queens,EMS,2.357647058823529,17
2022,28Q358,M.S. 358,EMS,3.128260869565217,23
2022,28Q440,Forest Hills High School,HS,3.1807692307692306,26
2022,28Q505,Hillcrest High School,HS,3.000384615384615,26
2022,28Q620,Thomas A. Edison Career and Technical Education High School,HS,3.331153846153846,26
2022,28Q680,Queens Gateway to Health Sciences Secondary School,EMS,3.0435,20
2022,28Q680,Queens Gateway to Health Sciences Secondary School,HS,3.6855,20
2022,28Q686,Queens Metropolitan High School,HS,3.255,26
2022,28Q687,Queens High School for the Sciences at York College,HS,4.756111111111111,18
2022,28Q690,High School for Law Enforcement and Public Safety,HS,2.822,25
2022,28Q896,"Young Women's Leadership School, Queens",EMS,2.539047619047619,21
2022,28Q896,"Young Women's Leadership School, Queens",HS,3.6285,20
2022,29Q015,P.S. 015 Jackie Robinson,EMS,3.0715384615384616,13
2022,29Q033,P.S. 033 Edward M. Funk,EMS,2.1589473684210527,19
2022,29Q034,P.S. 034 John Harvard,EMS,2.51,17
2022,29Q035,P.S. 035 Nathaniel Woodhull,EMS,2.456470588235294,17
2022,29Q036,P.S. 036 Saint Albans School,EMS,2.1794444444444445,18
2022,29Q037,Cynthia Jenkins School,EMS,2.037692307692308,13
2022,29Q038,P.S. 038 Rosedale,EMS,3.0085714285714285,7
2022,29Q052,P.S. 052 Queens,EMS,1.8147368421052632,19
2022,29Q059,I.S. 059 Springfield Gardens,EMS,3.0768,25
2022,29Q095,P.S. 095 Eastwood,EMS,2.8736363636363635,11
2022,29Q109,Jean Nuzzi Intermediate School,EMS,3.04,25
2022,29Q116,P.S./I.S. 116 William C. Hughley,EMS,2.5576923076923075,26
2022,29Q118,P.S. 118 Lorraine Hansberry,EMS,2.474,15
2022,29Q131,P.S. 131 Abigail Adams,EMS,2.7944444444444443,18
2022,29Q132,P.S. 132 Ralph Bunche,EMS,2.98,15
2022,29Q134,P.S. 134 Hollis,EMS,2.1686666666666667,15
2022,29Q135,The Bellaire School,EMS,2.2145,20
2022,29Q136,P.S. 136 Roy Wilkins,EMS,2.172142857142857,14
2022,29Q138,P.S./M.S. 138 Sunrise,EMS,2.6524,25
2022,29Q147,P.S./M.S. 147 Ronald McNair,EMS,2.3764,25
2022,29Q156,P.S. 156 Laurelton,EMS,2.6485714285714286,7
2022,29Q176,P.S. 176 Cambria Heights,EMS,3.2336363636363634,11
2022,29Q181,P.S. 181 Brookfield,EMS,2.947142857142857,7
2022,29Q192,I.S. 192 The Linden,EMS,2.8312,25
2022,29Q195,P.S. 195 William Haberle,EMS,2.4116666666666666,12
2022,29Q208,P.S./I.S. 208,EMS,2.479047619047619,21
2022,29Q238,I.S. 238 - Susan B. Anthony Academy,EMS,3.0292,25
2022,29Q243,Institute for Health Professions at Cambria Heights,HS,3.4576190476190476,21
2022,29Q248,Queens Preparatory Academy,HS,3.0186956521739132,23
2022,29Q251,P.S. 251 Queens,EMS,2.724285714285714,7
2022,29Q259,Pathways College Preparatory School: A College Board School,EMS,3.361111111111111,18
2022,29Q259,Pathways College Preparatory School: A College Board School,HS,3.6841666666666666,24
2022,29Q265,Excelsior Preparatory High School,HS,3.1632,25
2022,29Q268,P.S./I.S. 268,EMS,2.6216,25
2022,29Q270,The Gordon Parks School,EMS,2.309,20
2022,29Q272,George Washington Carver High School for the Sciences,HS,2.8454166666666665,24
2022,29Q283,Preparatory Academy for Writers: A College Board School,EMS,3.227777777777778,18
2022,29Q283,Preparatory Academy for Writers: A College Board School,HS,3.0256521739130435,23
2022,29Q289,Queens United Middle School,EMS,3.1254545454545455,22
2022,29Q295,P.S./I.S. 295,EMS,2.9454545454545453,22
2022,29Q313,Benjamin Franklin High School for Finance & Information Technology,HS,3.288076923076923,26
2022,29Q326,Cambria Heights Academy,HS,3.2,25
2022,29Q327,Eagle Academy for Young Men III,EMS,2.914090909090909,22
2022,29Q327,Eagle Academy for Young Men III,HS,3.0775,24
2022,29Q355,Collaborative Arts Middle School,EMS,2.544761904761905,21
2022,29Q356,Community Voices Middle School,EMS,2.9556,25
2022,29Q360,P.S. 360,EMS,3.247,10
2022,29Q492,"Mathematics, Science Research and Technology Magnet High School",HS,2.956,25
2022,29Q498,"Health, Arts, Robotics, and Technology High School",HS,3.5068,25
2022,30Q002,P.S. 002 Alfred Zimberg,EMS,2.863888888888889,18
2022,30Q010,I.S. 010 Horace Greeley,EMS,2.9948,25
2022,30Q011,P.S. 011 Kathryn Phelan,EMS,2.6125,20
2022,30Q017,P.S. 017 Henry David Thoreau,EMS,2.688421052631579,19
2022,30Q069,P.S. 069 Jackson Heights,EMS,2.8315,20
2022,30Q070,P.S. 070,EMS,2.618333333333333,18
2022,30Q076,P.S. 076 William Hallet,EMS,2.615625,16
2022,30Q078,P.S./I.S. 78Q,EMS,3.2385714285714284,21
2022,30Q084,P.S. 084 Steinway,EMS,3.19,12
2022,30Q085,P.S. 085 Judge Charles Vallone,EMS,2.9892857142857143,14
2022,30Q092,P.S. 092 Harry T. Stewart Sr.,EMS,2.4985,20
2022,30Q111,P.S. 111 Jacob Blackwell,EMS,2.144,25
2022,30Q112,P.S. 112 Dutch Kills,EMS,2.3388235294117647,17
2022,30Q122,P.S. 122 Mamie Fay,EMS,3.3452380952380953,21
2022,30Q126,Albert Shanker School for Visual and Performing Arts,EMS,3.2412,25
2022,30Q127,P.S. 127 Aerospace Science Magnet School,EMS,2.6588,25
2022,30Q141,I.S. 141 The Steinway,EMS,3.0877777777777777,27
2022,30Q145,I.S. 145 Joseph Pulitzer,EMS,3.2088888888888887,27
2022,30Q148,P.S. 148 Queens,EMS,2.632,20
2022,30Q149,P.S. 149 Christa McAuliffe,EMS,2.8535,20
2022,30Q150,P.S. 150 Queens,EMS,3.276875,16
2022,30Q151,P.S. 151 Mary D. Carter,EMS,2.4926315789473685,19
2022,30Q152,P.S. 152 Gwendoline N. Alleyne School,EMS,3.05,19
2022,30Q166,P.S. 166 Henry Gradstein,EMS,2.948125,16
2022,30Q171,P.S. 171 Peter G. Van Alst,EMS,2.5325,20
2022,30Q204,I.S. 204 Oliver W. Holmes,EMS,2.9496,25
2022,30Q212,P.S. 212,EMS,3.2757894736842106,19
2022,30Q222,P.S. Q222 - Fire Fighter Christopher A. Santora School,EC,2.6799999999999997,2
2022,30Q227,I.S. 227 Louis Armstrong,EMS,3.807777777777778,27
2022,30Q228,The Ivan Lafayette Early Childhood School of the Arts,EC,3.4699999999999998,2
2022,30Q230,I.S. 230,EMS,3.1892,25
2022,30Q234,P.S. 234,EMS,3.8653333333333335,15
2022,30Q235,Academy for New Americans,EMS,3.2164285714285716,14
2022,30Q258,Energy Tech High School,HS,3.6758333333333333,24
2022,30Q280,PS280Q: Home of the Lionhearts,EMS,2.6966666666666668,18
2022,30Q286,"Young Women's Leadership School, Astoria",EMS,3.0585714285714287,21
2022,30Q286,"Young Women's Leadership School, Astoria",HS,3.7675,20
2022,30Q291,Hunters Point Community Middle School,EMS,3.037391304347826,23
2022,30Q300,The 30th Avenue School (G&T Citywide),EMS,4.519285714285714,14
2022,30Q301,Academy for Careers in Television and Film,HS,3.7368,25
2022,30Q329,East Elmhurst Community School,EMS,2.8605555555555555,18
2022,30Q361,The Woodside Community School,EMS,3.035,16
2022,30Q384,Hunters Point Elementary School,EMS,3.29125,8
2022,30Q417,Gotham Tech High School,HS,3.3533333333333335,6
2022,30Q445,William Cullen Bryant High School,HS,2.940384615384615,26
2022,30Q450,Long Island City High School,HS,2.5246153846153847,26
2022,30Q501,Frank Sinatra School of the Arts High School,HS,3.9554545454545456,22
2022,30Q502,Information Technology High School,HS,3.088076923076923,26
2022,30Q555,Newcomers High School,HS,2.8156,25
2022,30Q575,Academy of American Studies,HS,3.58375,24
2022,30Q580,Baccalaureate School for Global Education,EMS,4.9025,12
2022,30Q580,Baccalaureate School for Global Education,HS,3.9465,20
2022,31R001,P.S. 001 Tottenville,EMS,2.7214285714285715,14
2022,31R002,I.S. R002 George L. Egbert,EMS,2.5296,25
2022,31R003,P.S. 003 The Margaret Gioiosa School,EMS,3.5185714285714287,14
2022,31R004,P.S. 004 Maurice Wollin,EMS,2.698125,16
2022,31R005,P.S. 005 Huguenot,EMS,4.106363636363636,11
2022,31R006,P.S. 6 Corporal Allan F. Kivlehan School,EMS,3.1964285714285716,14
2022,31R007,I.S. 007 Elias Bernstein,EMS,3.208695652173913,23
2022,31R008,P.S. 8 Shirlee Solomon,EMS,3.7664285714285715,14
2022,31R009,Naples Street Elementary School,EMS,4.083636363636364,11
2022,31R010,Fort Hill Collaborative Elementary School,EMS,2.4657142857142857,14
2022,31R011,P.S. 11 Thomas Dongan School,EMS,2.085,16
2022,31R013,P.S. 013 M. L. Lindemeyer,EMS,2.8994444444444443,18
2022,31R016,P.S. 016 John J. Driscoll,EMS,2.1765,20
2022,31R018,P.S. 018 John G. Whittier,EMS,2.11,20
2022,31R019,P.S. 019 The Curtis School,EMS,2.548421052631579,19
2022,31R020,P.S. 020 Port Richmond,EMS,1.8705,20
2022,31R021,P.S. 21 Margaret Emery-Elm Park,EMS,3.1284615384615386,13
2022,31R022,P.S. 022 Graniteville,EMS,2.5075,20
2022,31R023,P.S. 023 Richmondtown,EMS,3.248125,16
2022,31R024,I.S. 024 Myra S. Barnes,EMS,3.0204347826086955,23
2022,31R026,P.S. 026 The Carteret School,EMS,3.067142857142857,14
2022,31R027,I.S. 027 Anning S. Prall,EMS,2.4272,25
2022,31R028,The Eagle Academy for Young Men of Staten Island,EMS,3.0829166666666667,24
2022,31R028,The Eagle Academy for Young Men of Staten Island,HS,2.933333333333333,21
2022,31R029,P.S. 029 Bardwell,EMS,2.820625,16
2022,31R030,P.S. 030 Westerleigh,EMS,3.1313333333333335,15
2022,31R031,P.S. 031 William T. Davis,EMS,1.9268750000000001,16
2022,31R032,P.S. 032 The Gifford School,EMS,3.1418749999999998,16
2022,31R034,I.S. 034 Tottenville,EMS,3.3552173913043477,23
2022,31R035,P.S. 35 The Clove Valley School,EMS,4.036923076923077,13
2022,31R036,P.S. 036 J. C. Drumgoole,EMS,2.514375,16
2022,31R038,P.S. 038 George Cromwell,EMS,2.669375,16
2022,31R039,P.S. 39 Francis J. Murphy Jr.,EMS,2.9094444444444445,18
2022,31R041,The Stephanie A. Vierno School,EMS,2.572222222222222,18
2022,31R042,P.S. 042 Eltingville,EMS,2.546111111111111,18
2022,31R044,P.S. 044 Thomas C. Brown,EMS,1.951,20
2022,31R045,P.S. 045 John Tyler,EMS,2.5,20
2022,31R046,P.S. 046 Albert V. Maniscalco,EMS,2.138,15
2022,31R047,CSI High School for International Studies,HS,4.031428571428571,21
2022,31R048,P.S. 048 William G. Wilcox,EMS,2.858695652173913,23
2022,31R049,I.S. 49 Berta A. Dreyfus,EMS,2.5796,25
2022,31R050,P.S. 050 Frank Hankinson,EMS,3.5764285714285715,14
2022,31R051,I.S. 051 Edwin Markham,EMS,2.7876,25
2022,31R052,P.S. 052 John C. Thompson,EMS,2.9766666666666666,15
2022,31R053,The Barbara Esselborn School,EMS,3.272,15
2022,31R054,P.S. 054 Charles W. Leng,EMS,2.8022222222222224,18
2022,31R055,P.S. 055 Henry M. Boehm,EMS,2.882857142857143,14
2022,31R056,P.S. 56 The Louis Desario School,EMS,2.943888888888889,18
2022,31R057,P.S. 057 Hubert H. Humphrey,EMS,2.454,20
2022,31R058,Space Shuttle Columbia School,EMS,2.6955555555555555,18
2022,31R059,The Harbor View School,EMS,2.635,10
2022,31R060,P.S. 060 Alice Austen,EMS,2.3344444444444443,18
2022,31R061,I.S. 061 William A Morris,EMS,2.6356,25
2022,31R062,The Kathleen Grimm School for Leadership and Sustainability,EMS,3.0508333333333333,12
2022,31R063,Marsh Avenue School for Expeditionary Learning,EMS,2.950869565217391,23
2022,31R064,Gaynor McCown Expeditionary Learning School,HS,3.404166666666667,24
2022,31R065,P.S. 65 The Academy of Innovative Learning,EMS,2.9873333333333334,15
2022,31R068,Port Richmond School for Visionary Learning,EMS,2.0242105263157897,19
2022,31R069,P.S. 069 Daniel D. Tompkins,EMS,2.385,16
2022,31R072,I.S. 072 Rocco Laurie,EMS,3.0204,25
2022,31R074,P.S. 74 Future Leaders Elementary School,EMS,2.101875,16
2022,31R075,I.S. 075 Frank D. Paulo,EMS,3.15,23
2022,31R078,P.S. 78,EMS,2.385,20
2022,31R080,The Michael J. Petrides School,EMS,2.7523999999999997,25
2022,31R080,The Michael J. Petrides School,HS,3.2779166666666666,24
2022,31R085,The Young Women's Leadership School of Staten Island,EMS,2.305833333333333,12
2022,31R440,New Dorp High School,HS,2.988076923076923,26
2022,31R445,Port Richmond High School,HS,2.881923076923077,26
2022,31R450,Curtis High School,HS,2.7096153846153848,26
2022,31R455,Tottenville High School,HS,3.3253846153846154,26
2022,31R460,Susan E. Wagner High School,HS,3.128846153846154,26
2022,31R470,Concord High School,HST,3.1160869565217393,23
2022,31R600,Ralph R. McKee Career and Technical Education High School,HS,2.8449999999999998,26
2022,31R605,Staten Island Technical High School,HS,4.582105263157895,19
2022,31R861,Staten Island School of Civic Leadership,EMS,3.0514814814814812,27
2022,32K045,P.S./I.S. 045 Horace E. Greene,EMS,2.70625,24
2022,32K075,P.S. 075 Mayda Cortiella,EMS,2.453684210526316,19
2022,32K086,P.S. 086 The Irvington,EMS,2.232666666666667,15
2022,32K106,P.S. 106 Edward Everett Hale,EMS,2.0616666666666665,18
2022,32K116,P.S. 116 Elizabeth L Farrell,EMS,2.1855555555555557,18
2022,32K123,P.S. 123 Suydam,EMS,2.2429411764705884,17
2022,32K145,P.S. 145 Andrew Jackson,EMS,2.090588235294118,17
2022,32K151,P.S. 151 Lyndon B. Johnson,EMS,2.7216666666666667,12
2022,32K162,J.H.S. 162 The Willoughby,EMS,2.9883333333333333,24
2022,32K168,The Brooklyn School for Math and Research,HS,3.6230434782608696,23
2022,32K274,P.S. 274 Kosciusko,EMS,2.267,10
2022,32K291,J.H.S. 291 Roland Hayes,EMS,2.9696,25
2022,32K299,P.S. 299 Thomas Warren Field,EMS,2.608,10
2022,32K347,I.S. 347 School of Humanities,EMS,2.5949999999999998,22
2022,32K349,"I.S. 349 Math, Science & Tech.",EMS,2.7516,25
2022,32K376,P.S. 376,EMS,3.2608333333333333,12
2022,32K377,P.S. 377 Alejandrina B. De Gautier,EMS,2.194,10
2022,32K383,J.H.S. 383 Philippa Schuyler,EMS,2.88,25
2022,32K384,P.S. /I.S. 384 Frances E. Carter,EMS,2.82875,24
2022,32K403,Academy for Excellence in Leadership,HS,2.8870833333333334,24
2022,32K545,EBC High School for Public Service - Bushwick,HS,2.915769230769231,26
2022,32K549,The Brooklyn School for Social Justice,HS,3.097826086956522,23
2022,32K552,The Academy of Urban Planning and Engineering,HS,3.2492,25
2022,32K554,All City Leadership Secondary School,EMS,3.3166666666666664,18
2022,32K554,All City Leadership Secondary School,HS,3.9655,20
2022,32K556,Bushwick Leaders High School for Academic Excellence,HS,2.8184615384615386,26
2022,32K562,Evergreen Middle School for Urban Exploration,EMS,3.0776,25
2022,32K564,Bushwick Community High School,HST,3.002105263157895,19
2022,75K004,P.S. K004,D75,3.8466666666666667,3
2022,75K036,P.S. 36,D75,4.033333333333333,3
2022,75K053,P.S. K053,D75,3.81,3
2022,75K077,P.S. K077,D75,3.4633333333333334,3
2022,75K140,P.S. K140,D75,4.663333333333333,3
2022,75K141,P.S. K141,D75,3.3266666666666667,3
2022,75K231,P.S. K231,D75,3.916666666666667,3
2022,75K368,P.S. 368,D75,3.9966666666666666,3
2022,75K369,P.S. K369 - Coy L. Cox School,D75,3.67,3
2022,75K370,P.S. 370,D75,3.716666666666667,3
2022,75K371,P.S. 371 - Lillian L. Rashkis,D75,3.0566666666666666,3
2022,75K372,P.S. 372 -The Children's School,D75,4.193333333333333,3
2022,75K373,P.S. 373 - Brooklyn Transition Center,D75,2.6866666666666665,3
2022,75K396,Sid Miller Academy,D75,3.18,3
2022,75K721,P.S. K721 - Brooklyn Occupational Training Center,D75,2.8966666666666665,3
2022,75K753,P.S. K753 - School for Career Development,D75,3.21,3
2022,75K771,P.S. K771,D75,3.4699999999999998,3
2022,75K811,P.S. K811 Connie Lekas School,D75,3.7133333333333334,3
2022,75M035,P.S. 035,D75,3.5300000000000002,3
2022,75M079,P.S. M079 - Horan School,D75,3.3066666666666666,3
2022,75M094,P.S. M094,D75,3.65,3
2022,75M138,P.S. 138,D75,3.55,3
2022,75M169,P.S. M169 - Robert F. Kennedy,D75,4.7,3
2022,75M226,P.S. M226,D75,3.4066666666666667,3
2022,75M721,P.S. M721 - Manhattan Occupational Training Center,D75,2.63,3
2022,75M751,Manhattan School for Career Development,D75,4.263333333333334,3
2022,75M811,P.S. M811 - Mickey Mantle School,D75,4.493333333333333,3
2022,75Q004,P.S. Q004,D75,3.8333333333333335,3
2022,75Q009,P.S. 009,D75,3.4899999999999998,3
2022,75Q023,P.S. Q023 @ Queens Children Center,D75,4.3133333333333335,3
2022,75Q075,Robert E. Peary School,D75,3.96,3
2022,75Q177,P.S. Q177,D75,3.8466666666666667,3
2022,75Q224,P.S. Q224,D75,3.796666666666667,3
2022,75Q233,P.S. Q233,D75,2.8833333333333333,3
2022,75Q255,P.S. Q255,D75,3.3633333333333333,3
2022,75Q256,P.S. Q256,D75,2.9766666666666666,3
2022,75Q277,The Riverview School,D75,3.2933333333333334,3
2022,75Q721,John F. Kennedy Jr. School,D75,3.0366666666666666,3
2022,75Q752,Queens Transition Center,D75,2.6999999999999997,3
2022,75Q811,P.S. Q811,D75,3.5799999999999996,3
2022,75Q993,P.S. Q993,D75,3.546666666666667,3
2022,75R025,South Richmond High School I.S./P.S. 25,D75,3.8633333333333333,3
2022,75R037,The David Marquis School of the Arts,D75,4.03,3
2022,75R373,P.S. R373,D75,4.316666666666666,3
2022,75R721,The Richard H. Hungerford School,D75,3.38,3
2022,75X010,P.S. X010,D75,3.4966666666666666,3
2022,75X012,P.S. X012 Lewis and Clark School,D75,3.47,3
2022,75X017,P.S. X017,D75,4.093333333333334,3
2022,75X168,P.S. 168,D75,3.55,3
2022,75X176,P.S. X176,D75,3.25,3
2022,75X186,P186X Walter J. Damrosch School,D75,4.053333333333334,3
2022,75X188,P.S. X188,D75,3.8566666666666665,3
2022,75X352,The Vida Bogart School for All Children,D75,3.7466666666666666,3
2022,75X469,The Bronx School for Continuous Learners,D75,4.373333333333333,3
2022,75X596,P.S. X596,D75,4.77,1
2022,75X721,P.S. X721 - Stephen McSweeney School,D75,2.9433333333333334,3
2022,75X723,P.S. 723,D75,4.236666666666666,3
2022,75X754,J. M. Rapport School Career Development,D75,2.9466666666666668,3
2022,75X811,P.S. X811,D75,3.0966666666666667,3
2022,84K037,Beginning with Children Charter School II,EMS,2.3344444444444443,18
2022,84K037,Beginning with Children Charter School II,HS,2.394,5
2022,84K125,Success Academy Charter School - Bed Stuy 2,EMS,3.6078571428571427,14
2022,84K129,Success Academy Charter School - Cobble Hill,EMS,3.5963636363636367,11
2022,84K182,Success Academy Charter School - Williamsburg,EMS,3.8284615384615384,13
2022,84K333,Explore Exceed Charter School,EMS,3.03375,24
2022,84K355,Williamsburg Collegiate Charter School,EMS,3.0933333333333333,15
2022,84K356,Achievement First Crown Heights Charter School,EMS,2.8791304347826085,23
2022,84K356,Achievement First Crown Heights Charter School,HS,3.004736842105263,19
2022,84K357,KIPP Always Mentally Prepared Charter School,EMS,2.6375,16
2022,84K358,Achievement First East New York Charter School,EMS,3.2186363636363637,22
2022,84K358,Achievement First East New York Charter School,HS,3.002,20
2022,84K360,Launch Expeditionary Learning Charter School,EMS,3.206,20
2022,84K362,Hellenic Classical Charter School,EMS,2.896818181818182,22
2022,84K367,Success Academy Charter School - Bed Stuy 1,EMS,4.007857142857143,14
2022,84K367,Success Academy Charter School - Bed Stuy 1,HS,4.02,1
2022,84K379,Explore Excel Charter School,EMS,3.0228,25
2022,84K395,New Visions AIM Charter High School I,HST,1.9614285714285715,21
2022,84K406,"EMBER Charter School for Mindful Education, Innovation and Transformation",EMS,3.3666666666666667,15
2022,84K406,"EMBER Charter School for Mindful Education, Innovation and Transformation",HS,2.667,10
2022,84K417,Urban Dove Team Charter School,HST,2.3804761904761906,21
2022,84K473,Williamsburg Charter High School,HS,2.3275,24
2022,84K486,New Dawn Charter High School,HST,2.4658333333333333,24
2022,84K508,Achievement First Endeavor Charter School,EMS,2.8415,20
2022,84K517,Leadership Preparatory Bedford Stuyvesant Charter School,EMS,2.574736842105263,19
2022,84K517,Leadership Preparatory Bedford Stuyvesant Charter School,HS,2.6744444444444446,18
2022,84K536,Community Roots Charter School,EMS,3.1165,20
2022,84K538,Achievement First Bushwick Charter School,EMS,2.7544,25
2022,84K593,Excellence Boys Charter School of Bedford Stuyvesant,EMS,2.5205555555555557,18
2022,84K608,Kings Collegiate Charter School,EMS,2.840526315789474,19
2022,84K608,Kings Collegiate Charter School,HS,2.41875,16
2022,84K626,Achievement First Brownsville Charter School,EMS,2.995909090909091,22
2022,84K626,Achievement First Brownsville Charter School,HS,2.755238095238095,21
2022,84K648,Bedford Stuyvesant Collegiate Charter School,EMS,3.120952380952381,21
2022,84K649,La Cima Charter School,EMS,2.7215384615384615,13
2022,84K651,PAVE Academy Charter School,EMS,2.261304347826087,23
2022,84K652,Brooklyn Ascend Charter School,EMS,2.9085,20
2022,84K652,Brooklyn Ascend Charter School,HS,2.3682608695652174,23
2022,84K680,Achievement First Aspire Charter School,EMS,2.205217391304348,23
2022,84K680,Achievement First Aspire Charter School,HS,3.526,5
2022,84K693,Northside Charter High School,HS,2.492,20
2022,84K701,Brooklyn Charter School,EMS,2.7836363636363637,11
2022,84K702,Community Partnership Charter School,EMS,2.7283333333333335,12
2022,84K704,Explore Charter School,EMS,3.2604761904761905,21
2022,84K710,Brownsville Collegiate Charter School,EMS,2.4066666666666667,9
2022,84K711,Leadership Preparatory Brownsville Charter School,EMS,2.6805,20
2022,84K712,Excellence Girls Charter School,EMS,2.287857142857143,14
2022,84K712,Excellence Girls Charter School,HS,2.5285714285714285,21
2022,84K724,Leadership Preparatory Canarsie Charter School,EMS,2.6010526315789475,19
2022,84K730,Summit Academy Charter School,EMS,3.5258333333333334,12
2022,84K730,Summit Academy Charter School,HS,2.780952380952381,21
2022,84K731,Brooklyn Excelsior Charter School,EMS,2.8404347826086958,23
2022,84K733,"Math, Engineering, and Science Academy Charter High School",HS,3.0664,25
2022,84K736,New American Academy Charter School,EMS,2.8385714285714285,14
2022,84K737,Brownsville Ascend Charter School,EMS,1.8527272727272728,22
2022,84K738,New Visions Charter High School for Advanced Math and Science III,HS,3.28875,24
2022,84K739,New Visions Charter High School for the Humanities III,HS,2.7683333333333335,6
2022,84K740,Brooklyn Scholars Charter School,EMS,2.743913043478261,23
2022,84K741,Success Academy Charter School - Crown Heights,EMS,3.482307692307692,13
2022,84K742,Explore Empower Charter School,EMS,3.043913043478261,23
2022,84K744,Coney Island Preparatory Public Charter School,EMS,2.4785185185185186,27
2022,84K744,Coney Island Preparatory Public Charter School,HS,3.1369565217391306,23
2022,84K746,Hebrew Language Academy Charter School,EMS,2.5189473684210526,19
2022,84K752,Success Academy Charter School - Fort Greene,EMS,3.4472727272727273,11
2022,84K756,Success Academy Charter School - Prospect Heights,EMS,3.40875,8
2022,84K757,Unity Preparatory Charter School of Brooklyn,EMS,3.211818181818182,22
2022,84K757,Unity Preparatory Charter School of Brooklyn,HS,2.9408695652173913,23
2022,84K758,Brooklyn Urban Garden Charter School,EMS,3.4923529411764704,17
2022,84K759,Canarsie Ascend Charter School,EMS,2.5843478260869563,23
2022,84K766,Brooklyn Prospect Charter School - CSD 13.2,EMS,3.2581818181818183,11
2022,84K769,Hyde Leadership Charter School - Brooklyn,EMS,1.8276190476190477,21
2022,84K772,Success Academy Charter School - Bensonhurst,EMS,3.9215384615384616,13
2022,84K774,Achievement First Apollo Charter School,EMS,2.647391304347826,23
2022,84K775,Leadership Preparatory Ocean Hill Charter School,EMS,2.6005555555555557,18
2022,84K775,Leadership Preparatory Ocean Hill Charter School,HS,2.751,20
2022,84K777,Ocean Hill Collegiate Charter School,EMS,2.564,15
2022,84K780,Brooklyn East Collegiate Charter School,EMS,2.8766666666666665,6
2022,84K781,Success Academy Charter School - Bergen Beach,EMS,3.3425,16
2022,84K782,Bedford Stuyvesant New Beginnings Charter School,EMS,3.3395652173913044,23
2022,84K784,Achievement First North Brooklyn Preparatory Charter School,EMS,2.663913043478261,23
2022,84K785,Imagine Me Leadership Charter School,EMS,2.1414285714285715,7
2022,84K788,Achievement First Linden Charter School,EMS,2.5220000000000002,20
2022,84K789,Compass Charter School,EMS,3.070909090909091,11
2022,84K790,Central Brooklyn Ascend Charter School,EMS,3.601304347826087,23
2022,84K791,Brooklyn Dreams Charter School,EMS,2.840869565217391,23
2022,84K792,Cultural Arts Academy Charter School At Spring Creek,EMS,2.6472727272727274,11
2022,84K793,Bushwick Ascend Charter School,EMS,2.783913043478261,23
2022,84K803,Brooklyn Laboratory Charter School,EMS,3.3842857142857143,14
2022,84K803,Brooklyn Laboratory Charter School,HS,2.6504761904761907,21
2022,84K807,Collegiate Academy for Mathematics and Personal Awareness Charter School,EMS,4.006666666666667,9
2022,84K876,Achievement First Voyager Charter School,EMS,3.6217647058823528,17
2022,84K879,Brooklyn Prospect Charter School - CSD 13,EMS,3.0235,20
2022,84K882,Success Academy Charter School - Bushwick,EMS,4.168461538461538,13
2022,84K883,Success Academy Charter School - Bed Stuy 3,EMS,3.275,12
2022,84K886,Success Academy Charter School - Flatbush,EMS,3.485,14
2022,84K892,Brooklyn Emerging Leaders Academy Charter School,HS,2.818888888888889,18
2022,84K895,Hebrew Language Academy Charter School 2,EMS,2.694,15
2022,84K910,Cypress Hills Ascend Charter School,EMS,2.8466666666666667,15
2022,84K911,Edmund W. Gordon Brooklyn Laboratory Charter School,EMS,3.5325,12
2022,84K911,Edmund W. Gordon Brooklyn Laboratory Charter School,HS,2.84,12
2022,84K927,Ivy Hill Preparatory Charter School,EMS,3.2083333333333335,6
2022,84K928,Brooklyn Prospect Charter School - CSD 15.2,EMS,3.3994117647058824,17
2022,84K928,Brooklyn Prospect Charter School - CSD 15.2,HS,3.6210526315789475,19
2022,84K930,LEEP Dual Language Academy Charter School,EMS,3.0627272727272725,11
2022,84K933,Flatbush Ascend Charter School,EMS,2.9283333333333332,6
2022,84K934,East Flatbush Ascend Charter School,EMS,3.27,7
2022,84K937,Brooklyn RISE Charter School,EMS,3.169090909090909,11
2022,84K956,Lamad Academy Charter School,EMS,2.5723529411764705,17
2022,84M065,Democracy Preparatory Endurance Charter School,EMS,2.7190909090909092,22
2022,84M065,Democracy Preparatory Endurance Charter School,HS,2.898695652173913,23
2022,84M068,KIPP NYC Washington Heights Academy Charter School,EMS,2.763888888888889,18
2022,84M080,Manhattan Charter School II,EMS,2.2071428571428573,7
2022,84M085,Global Community Charter School,EMS,2.486111111111111,18
2022,84M100,Neighborhood Charter School of Harlem,EMS,2.873684210526316,19
2022,84M168,East Harlem Scholars Academy Charter School II,EMS,2.2594444444444446,18
2022,84M170,Success Academy Charter School - Hell's Kitchen,EMS,4.266153846153847,13
2022,84M174,Success Academy Charter School - Union Square,EMS,3.466,15
2022,84M186,Harlem Hebrew Language Academy Charter School,EMS,1.938421052631579,19
2022,84M202,Great Oaks Charter School,EMS,2.9379999999999997,15
2022,84M202,Great Oaks Charter School,HS,2.3755555555555556,9
2022,84M204,Capital Preparatory Harlem Charter School,EMS,3.3346153846153848,13
2022,84M204,Capital Preparatory Harlem Charter School,HS,2.189583333333333,24
2022,84M263,New York City Charter School of the Arts,EMS,3.0215384615384617,13
2022,84M265,Success Academy Charter School - Washington Heights,EMS,3.836923076923077,13
2022,84M279,Opportunity Charter School,EMS,2.593,20
2022,84M279,Opportunity Charter School,HS,2.8524,25
2022,84M284,Harlem Children's Zone Promise Academy Charter School,EMS,3.507391304347826,23
2022,84M284,Harlem Children's Zone Promise Academy Charter School,HS,3.5,20
2022,84M295,School in the Square Public Charter School,EMS,2.5430434782608695,23
2022,84M320,Manhattan Charter School,EMS,2.251,10
2022,84M329,Harlem Link Charter School,EMS,2.69125,16
2022,84M330,Girls Preparatory Charter School of New York,EMS,2.5621428571428573,14
2022,84M330,Girls Preparatory Charter School of New York,HS,2.37,1
2022,84M335,Harlem Village Academy East Charter School,EMS,3.593157894736842,19
2022,84M335,Harlem Village Academy East Charter School,HS,2.78,15
2022,84M336,KIPP Infinity Charter School,EMS,2.4870588235294115,17
2022,84M336,KIPP Infinity Charter School,HS,2.9371428571428573,21
2022,84M337,NYC Autism Charter School East Harlem,D75,2.995,2
2022,84M338,WHIN Music Community Charter School,EMS,2.288666666666667,15
2022,84M341,Harlem Children's Zone Promise Academy II Charter School,EMS,3.134782608695652,23
2022,84M341,Harlem Children's Zone Promise Academy II Charter School,HS,3.3545000000000003,20
2022,84M350,Democracy Preparatory Charter School,EMS,3.44,23
2022,84M350,Democracy Preparatory Charter School,HS,2.8477272727272727,22
2022,84M351,Success Academy Charter School - Harlem 1,EMS,3.184,15
2022,84M351,Success Academy Charter School - Harlem 1,HS,2.52,11
2022,84M353,New Heights Academy Charter School,EMS,2.9569565217391305,23
2022,84M353,New Heights Academy Charter School,HS,3.2691304347826087,23
2022,84M357,Success Academy Charter School - Harlem 6,EMS,3.429,10
2022,84M358,Success Academy Charter School - Hudson Yards,EMS,3.836153846153846,13
2022,84M373,Zeta Charter Schools - Inwood,EMS,3.6,12
2022,84M380,Harlem Village Academy West 2 Charter School,EMS,3.6066666666666665,6
2022,84M382,DREAM Charter School,EMS,3.3278260869565215,23
2022,84M382,DREAM Charter School,HS,3.4383333333333335,24
2022,84M383,Storefront Academy Harlem Charter School,EMS,2.316666666666667,6
2022,84M384,Success Academy Charter School - Harlem 2,EMS,3.8492307692307692,13
2022,84M385,Success Academy Charter School - Harlem 3,EMS,3.3886666666666665,15
2022,84M386,Success Academy Charter School - Harlem 4,EMS,3.9845454545454544,11
2022,84M388,St. HOPE Leadership Academy Charter School,EMS,3.064782608695652,23
2022,84M389,KIPP Beyond Charter School,EMS,3.727272727272727,11
2022,84M430,The Equity Project Charter School,EMS,3.1788,25
2022,84M433,Innovation Charter High School,HS,2.4795238095238097,21
2022,84M478,Inwood Academy for Leadership Charter School,EMS,2.8720833333333333,24
2022,84M478,Inwood Academy for Leadership Charter School,HS,2.8086363636363636,22
2022,84M481,Democracy Preparatory Harlem Charter School,EMS,2.4948,25
2022,84M481,Democracy Preparatory Harlem Charter School,HS,2.838,25
2022,84M482,Success Academy Charter School - Harlem 5,EMS,3.1344444444444446,18
2022,84M483,New York French-American Charter School,EMS,2.88375,16
2022,84M518,East Harlem Scholars Academy Charter School,EMS,1.6777777777777778,18
2022,84M518,East Harlem Scholars Academy Charter School,HS,2.558,15
2022,84M522,Broome Street Academy Charter High School,HS,2.1343478260869566,23
2022,84M523,Success Academy Charter School - Upper West,EMS,3.4473333333333334,15
2022,84M702,Sisulu-Walker Charter School of Harlem,EMS,2.8883333333333336,6
2022,84M704,Harbor Science and Arts Charter School,EMS,2.1966666666666668,15
2022,84M705,Amber Charter School East Harlem,EMS,2.8170588235294116,17
2022,84M707,John V. Lindsay Wildcat Academy Charter School,HST,2.416190476190476,21
2022,84M708,Harlem Prep Charter School,EMS,2.712,25
2022,84M708,Harlem Prep Charter School,HS,2.876818181818182,22
2022,84M709,Harlem Village Academy West Charter School,EMS,3.375294117647059,17
2022,84M709,Harlem Village Academy West Charter School,HS,3.388,15
2022,84M726,KIPP S.T.A.R. College Preparatory Charter School,EMS,2.623125,16
2022,84M861,Future Leaders Institute Charter School,EMS,2.8245454545454547,22
2022,84Q083,Central Queens Academy Charter School,EMS,3.571578947368421,19
2022,84Q170,Peninsula Preparatory Academy Charter School,EMS,3.2684615384615383,13
2022,84Q298,Middle Village Preparatory Charter School,EMS,3.303888888888889,18
2022,84Q304,VOICE Charter School of New York,EMS,2.2773684210526315,19
2022,84Q320,New Visions Charter High School for Advanced Math and Science IV,HS,3.2488,25
2022,84Q321,Growing Up Green Charter School,EMS,2.5252173913043476,23
2022,84Q337,Success Academy Charter School - Rosedale,EMS,3.541818181818182,11
2022,84Q339,Success Academy Charter School - Springfield Gardens - New York 6,EMS,3.512,15
2022,84Q340,Challenge Preparatory Charter School,EMS,1.9411111111111112,18
2022,84Q340,Challenge Preparatory Charter School,HS,2.8975,8
2022,84Q341,Riverton Street Charter School,EMS,3.2245454545454546,22
2022,84Q342,Rochdale Early Advantage Charter School,EMS,2.249285714285714,14
2022,84Q359,Academy of the City Charter School,EMS,2.259047619047619,21
2022,84Q372,Growing Up Green Charter School II,EMS,2.624090909090909,22
2022,84Q373,New Visions Charter High School for the Humanities IV,HS,3.0888,25
2022,84Q374,Success Academy Charter School - South Jamaica,EMS,3.8154545454545454,11
2022,84Q375,Success Academy Charter School - Far Rockaway,EMS,3.8945454545454545,11
2022,84Q380,Forte Preparatory Academy Charter School,EMS,3.68,21
2022,84Q385,Elm Community Charter School,EMS,2.855,14
2022,84Q386,Our World Neighborhood Charter School 2,EMS,2.1923076923076925,13
2022,84Q387,Valence College Preparatory Charter School,EMS,3.7613636363636362,22
2022,84Q388,New Dawn Charter High School II,HST,1.8694736842105264,19
2022,84Q704,Merrick Academy - Queens Public Charter School,EMS,2.751176470588235,17
2022,84Q705,Renaissance Charter School,EMS,2.966666666666667,21
2022,84Q705,Renaissance Charter School,HS,3.1005000000000003,20
2022,84Q706,Our World Neighborhood Charter School,EMS,2.5842105263157893,19
2022,84R012,New Ventures Charter School,HST,3.039047619047619,21
2022,84R067,John W. Lavelle Preparatory Charter School,EMS,2.1092,25
2022,84R067,John W. Lavelle Preparatory Charter School,HS,3.3055,20
2022,84R070,Lois and Richard Nicotra Early College Charter School,EMS,2.5366666666666666,12
2022,84R070,Lois and Richard Nicotra Early College Charter School,HS,3.271176470588235,17
2022,84R073,New World Preparatory Charter School,EMS,2.6384,25
2022,84R076,Bridge Preparatory Charter School,EMS,1.842,15
2022,84R077,Hellenic Classical Charter School - Staten Island,EMS,3.02,8
2022,84R083,Richmond Preparatory Charter School,EMS,2.4089473684210527,19
2022,84X124,Children's Aid College Preparatory Charter School,EMS,2.4342105263157894,19
2022,84X133,Icahn Charter School 6,EMS,3.8869230769230767,13
2022,84X165,Grand Concourse Academy Charter School,EMS,2.3976470588235292,17
2022,84X177,Mott Hall Charter School,EMS,2.03,16
2022,84X185,Pharos Academy Charter School,EMS,3.5054545454545454,22
2022,84X185,Pharos Academy Charter School,HS,2.757083333333333,24
2022,84X200,New Visions AIM Charter High School II,HST,1.9727272727272727,22
2022,84X202,New Visions Charter High School for Advanced Math and Science II,HS,3.537692307692308,26
2022,84X208,New Visions Charter High School for the Humanities II,HS,3.023076923076923,26
2022,84X233,Family Life Academy Charter School II,EMS,2.488,25
2022,84X255,Bronx Charter School for Excellence,EMS,3.1205882352941177,17
2022,84X309,South Bronx Charter School for International Cultures and the Arts,EMS,2.622,15
2022,84X309,South Bronx Charter School for International Cultures and the Arts,HS,3.63,4
2022,84X345,Leaders In Our Neighborhood Charter School,EMS,3.0347826086956524,23
2022,84X345,Leaders In Our Neighborhood Charter School,HS,2.9108695652173915,23
2022,84X346,South Bronx Classical Charter School,EMS,3.5966666666666667,15
2022,84X347,International Leadership Charter High School,HS,3.0323809523809526,21
2022,84X362,Icahn Charter School 7,EMS,3.3086666666666664,15
2022,84X364,South Bronx Classical Charter School II,EMS,3.765,14
2022,84X378,Icahn Charter School 2,EMS,3.4370000000000003,10
2022,84X380,Success Academy Charter School - Bronx 3,EMS,3.3494444444444444,18
2022,84X380,Success Academy Charter School - Bronx 3,HS,2.23,3
2022,84X387,Brilla College Preparatory Charter School,EMS,2.9668,25
2022,84X387,Brilla College Preparatory Charter School,HS,2.81,2
2022,84X389,Bronx Global Learning Institute for Girls Charter School,EMS,2.4523529411764704,17
2022,84X393,University Prep Charter High School,HS,3.7896,25
2022,84X394,Mott Haven Charter School,EMS,2.3017391304347825,23
2022,84X395,"NYC Charter High School for Architecture, Engineering and Construction Industries",HS,3.4604,25
2022,84X398,Bronx Community Charter School,EMS,2.6908695652173913,23
2022,84X407,Bronx Charter School for Children,EMS,2.2472222222222222,18
2022,84X419,Bronx Academy of Promise Charter School,EMS,2.5376470588235294,17
2022,84X422,Icahn Charter School 3,EMS,3.16125,8
2022,84X429,Charter High School for Law and Social Justice,HS,2.6086363636363634,22
2022,84X460,Atmosphere Academy Public Charter School,EMS,3.2600000000000002,25
2022,84X460,Atmosphere Academy Public Charter School,HS,2.915,8
2022,84X461,Nuasin Next Generation Charter School,EMS,3.3117391304347827,23
2022,84X461,Nuasin Next Generation Charter School,HS,2.535263157894737,19
2022,84X464,Success Academy Charter School - Bronx 4,EMS,3.8814285714285717,14
2022,84X465,Boys Preparatory Charter School of New York,EMS,2.060952380952381,21
2022,84X465,Boys Preparatory Charter School of New York,HS,2.72,1
2022,84X471,American Dream Charter School,EMS,2.823478260869565,23
2022,84X471,American Dream Charter School,HS,3.4425,24
2022,84X472,Family Life Academy Charter School III,EMS,2.65,12
2022,84X482,Dr. Richard Izquierdo Health and Science Charter School,EMS,1.9817647058823529,17
2022,84X482,Dr. Richard Izquierdo Health and Science Charter School,HS,3.1065,20
2022,84X484,Bronx Charter School for Better Learning II,EMS,2.5126666666666666,15
2022,84X486,Rosalyn Yalow Charter School,EMS,2.7688888888888887,18
2022,84X487,Girls Preparatory Charter School of the Bronx,EMS,2.802941176470588,17
2022,84X488,The Equality Charter School,EMS,2.727777777777778,18
2022,84X488,The Equality Charter School,HS,2.8204,25
2022,84X489,South Bronx Classical Charter School III,EMS,3.5,14
2022,84X491,Academic Leadership Charter School,EMS,3.3378260869565217,23
2022,84X492,South Bronx Early College Academy Charter School,EMS,2.6684,25
2022,84X493,Success Academy Charter School - Bronx 1,EMS,3.6376923076923076,13
2022,84X494,Success Academy Charter School - Bronx 2,EMS,3.263157894736842,19
2022,84X496,Icahn Charter School 4,EMS,4.249,10
2022,84X497,Storefront Academy Charter School,EMS,3.383125,16
2022,84X538,Icahn Charter School 5,EMS,3.433333333333333,12
2022,84X539,New Visions Charter High School for Advanced Math and Science,HS,3.2680000000000002,25
2022,84X553,New Visions Charter High School for the Humanities,HS,3.2108,25
2022,84X554,Choice Charter School,EMS,2.257857142857143,14
2022,84X579,Bronx Charter School for Excellence 2,EMS,4.2459999999999996,15
2022,84X581,South Bronx Community Charter High School,HS,2.733913043478261,23
2022,84X585,Legacy College Preparatory Charter School,EMS,3.1247826086956523,23
2022,84X585,Legacy College Preparatory Charter School,HS,2.6275,8
2022,84X586,Brilla Veritas Charter School,EMS,2.7005882352941177,17
2022,84X587,NYC Autism Charter School Bronx,D75,2.1100000000000003,2
2022,84X588,South Bronx Classical Charter School IV,EMS,4.306363636363637,11
2022,84X589,Bronx Charter School for Excellence 3,EMS,3.277142857142857,14
2022,84X592,Amber Charter School Kingsbridge,EMS,2.6957142857142857,21
2022,84X597,Urban Assembly Charter School for Computer Science,HS,3.6282352941176472,17
2022,84X598,KIPP Freedom Charter School,EMS,2.5555555555555554,18
2022,84X599,Cardinal McCloskey Community Charter School,EMS,2.7094117647058824,17
2022,84X606,Emblaze Academy Charter School,EMS,3.1559090909090908,22
2022,84X608,Bronx Charter School for Excellence 4,EMS,3.4,11
2022,84X609,Zeta Charter Schools - South Bronx,EMS,3.8114285714285714,14
2022,84X610,Urban Dove Team Charter School II,HST,2.62,17
2022,84X611,AECI II: NYC Charter High School for Computer Engineering and Innovation,HS,3.03125,16
2022,84X612,Creo College Preparatory Charter School,EMS,2.9205,20
2022,84X613,Bold Charter School,EMS,3.3307142857142855,14
2022,84X614,Dream Charter School Mott Haven,EMS,3.8027777777777776,18
2022,84X615,University Prep Charter Middle School,EMS,2.596842105263158,19
2022,84X616,KIPP Bronx Charter School II,EMS,3.5952941176470588,17
2022,84X617,KIPP Bronx Charter School III,EMS,2.6555555555555554,18
2022,84X617,KIPP Bronx Charter School III,HS,3.45,5
2022,84X619,Bronx Arts and Science Charter School,EMS,1.91,14
2022,84X620,Bronx Charter School for Excellence 5,EMS,3.5954545454545457,11
2022,84X623,Neighborhood Charter School: Bronx,EMS,3.8586666666666667,15
2022,84X627,Capital Preparatory Bronx Charter School,EMS,3.439,20
2022,84X627,Capital Preparatory Bronx Charter School,HS,2.7775000000000003,4
2022,84X635,Earl Monroe New Renaissance Basketball Charter School,HS,2.6083333333333334,6
2022,84X640,Family Life Academy Charter Schools High School,HS,3.25,3
2022,84X703,Bronx Preparatory Charter School,EMS,3.5960869565217393,23
2022,84X703,Bronx Preparatory Charter School,HS,2.8364,25
2022,84X704,KIPP Academy Charter School,EMS,2.592,20
2022,84X704,KIPP Academy Charter School,HS,3.251875,16
2022,84X705,Family Life Academy Charter School,EMS,2.624705882352941,17
2022,84X706,Harriet Tubman Charter School,EMS,2.9994736842105265,19
2022,84X717,Icahn Charter School 1,EMS,3.685,12
2022,84X718,Bronx Charter School for Better Learning,EMS,2.703846153846154,13
2022,84X730,Bronx Charter School for the Arts,EMS,2.7331578947368422,19
2024,01M015,P.S. 015 Roberto Clemente,EMS,3.6072727272727274,11
2024,01M020,P.S. 020 Anna Silver,EMS,1.782142857142857,14
2024,01M034,P.S. 034 Franklin D. Roosevelt,EMS,2.6133333333333333,21
2024,01M063,The STAR Academy - P.S.63,EMS,2.44625,8
2024,01M064,P.S. 064 Robert Simon,EMS,2.475714285714286,7
2024,01M110,P.S. 110 Florence Nightingale,EMS,2.937,10
2024,01M134,P.S. 134 Henrietta Szold,EMS,2.46125,8
2024,01M140,P.S. 140 Nathan Straus,EMS,2.30125,24
2024,01M142,P.S. 142 Amalia Castro,EMS,2.8655555555555554,9
2024,01M184,P.S. 184m Shuang Wen,EMS,3.847142857142857,21
2024,01M188,P.S. 188 The Island School,EMS,3.938,25
2024,01M292,Orchard Collegiate Academy,HS,2.7445833333333334,24
2024,01M315,The East Village Community School,EMS,3.9954545454545456,11
2024,01M332,University Neighborhood Middle School,EMS,3.7621739130434784,23
2024,01M361,The Children's Workshop School,EMS,2.732727272727273,11
2024,01M363,Neighborhood School,EMS,2.7800000000000002,3
2024,01M364,Earth School,EMS,2.334,5
2024,01M378,School for Global Leaders,EMS,4.171304347826087,23
2024,01M448,University Neighborhood High School,HS,4.8124,25
2024,01M450,East Side Community School,EMS,3.46,19
2024,01M450,East Side Community School,HS,4.6930000000000005,20
2024,01M458,Forsyth Satellite Academy,HST,4.204285714285715,21
2024,01M515,Lower East Side Preparatory High School,HST,3.9334615384615383,26
2024,01M539,"New Explorations into Science, Technology and Math High School",EMS,4.506,20
2024,01M539,"New Explorations into Science, Technology and Math High School",HS,4.765416666666667,24
2024,01M650,Cascades High School,HST,3.2838461538461536,26
2024,01M696,Bard High School Early College,HS,4.5988,25
2024,01M839,Tompkins Square Middle School,EMS,2.6236363636363635,22
2024,02M001,P.S. 001 Alfred E. Smith,EMS,2.146153846153846,13
2024,02M002,P.S. 002 Meyer London,EMS,2.9885714285714284,14
2024,02M003,P.S. 003 Charrette School,EMS,2.9461538461538463,13
2024,02M006,P.S. 006 Lillie D. Blake,EMS,4.541538461538462,13
2024,02M011,P.S. 011: The Sarah J. Garnet Elementary School,EMS,4.041428571428572,14
2024,02M033,P.S. 033 Chelsea Prep,EMS,2.259375,16
2024,02M040,P.S. 040 Augustus Saint-Gaudens,EMS,4.3730769230769235,13
2024,02M041,P.S. 041 Greenwich Village,EMS,4.3790000000000004,10
2024,02M042,P.S. 042 Benjamin Altman,EMS,3.8792857142857144,14
2024,02M047,47 The American Sign Language and English Secondary School,HS,4.2075000000000005,24
2024,02M051,P.S. 051 Elias Howe,EMS,2.5964285714285715,14
2024,02M059,P.S. 059 Beekman Hill International,EMS,4.12,12
2024,02M077,P.S. 77 Lower Lab School,EMS,4.876666666666667,6
2024,02M089,P.S. 89,EMS,4.691111111111111,9
2024,02M104,J.H.S. 104 Simon Baruch,EMS,4.135652173913043,23
2024,02M111,P.S. 111 Adolph S. Ochs,EMS,2.307142857142857,14
2024,02M114,East Side Middle School,EMS,4.43,20
2024,02M116,P.S. 116 Mary Lindley Murray,EMS,2.3316666666666666,12
2024,02M124,P.S. 124 Yung Wing,EMS,4.335,12
2024,02M126,P.S. 126 Jacob August Riis,EMS,3.1817391304347824,23
2024,02M130,P.S. 130 Hernando De Soto,EMS,3.338125,16
2024,02M131,M.S. 131,EMS,3.252,25
2024,02M135,The Urban Assembly Early College High School of Emergency Medicine,HS,3.13375,24
2024,02M139,Stephen T. Mather Building Arts & Craftsmanship High School,HS,2.5416,25
2024,02M150,P.S. 150,EMS,4.604285714285714,7
2024,02M151,Yorkville Community School,EMS,3.540909090909091,11
2024,02M158,P.S. 158 Bayard Taylor,EMS,4.193846153846154,13
2024,02M167,J.H.S. 167 Robert F. Wagner,EMS,3.898695652173913,23
2024,02M177,Yorkville East Middle School,EMS,4.5845,20
2024,02M183,P.S. 183 Robert L. Stevenson,EMS,4.639166666666667,12
2024,02M198,P.S. 198 Isidor E. Ida Straus,EMS,3.5472727272727274,11
2024,02M212,P.S. 212 Midtown West,EMS,2.289230769230769,13
2024,02M217,P.S./I.S. 217 Roosevelt Island,EMS,3.5757142857142856,21
2024,02M225,Ella Baker School,EMS,2.959,20
2024,02M234,P.S. 234 Independence School,EMS,4.050909090909091,11
2024,02M255,M.S. 255 Salk School of Science,EMS,4.342777777777778,18
2024,02M260,The Clinton School,EMS,4.268888888888889,18
2024,02M260,The Clinton School,HS,4.685833333333333,24
2024,02M267,"East Side Elementary School, PS 267",EMS,4.524,10
2024,02M276,Battery Park City School,EMS,3.8676190476190477,21
2024,02M280,Manhattan Early College School for Advertising,HS,3.1712000000000002,25
2024,02M281,The River School,EMS,4.577500000000001,12
2024,02M282,Urban Assembly Maker Academy,HS,3.6104,25
2024,02M288,Food and Finance High School,HS,3.3652,25
2024,02M289,I.S. 289,EMS,4.225238095238096,21
2024,02M290,P.S. 290 Manhattan New School,EMS,4.666,10
2024,02M294,Essex Street Academy,HS,4.073,20
2024,02M296,High School of Hospitality Management,HS,2.194166666666667,24
2024,02M297,M.S. 297,EMS,2.459090909090909,22
2024,02M298,Pace High School,HS,1.9844,25
2024,02M300,"Urban Assembly School of Design and Construction, The",HS,2.5343999999999998,25
2024,02M303,"Facing History School, The",EMS,2.047,20
2024,02M303,"Facing History School, The",HS,2.9119047619047618,21
2024,02M305,"Urban Assembly Academy of Government and Law, The",HS,2.660833333333333,24
2024,02M308,Lower Manhattan Arts Academy,HS,2.0224,25
2024,02M312,New York City Lab Middle School for Collaborative Studies,EMS,4.561,20
2024,02M313,"James Baldwin School, The: A School for Expeditionary Learning",HST,4.437777777777778,18
2024,02M316,"Urban Assembly School of Business for Young Women, the",HS,2.602,20
2024,02M340,Sixth Avenue Elementary School,EMS,3.674,10
2024,02M343,The Peck Slip School,EMS,2.643333333333333,12
2024,02M347,The 47 American Sign Language & English Lower School,EMS,3.2905555555555557,18
2024,02M374,Gramercy Arts High School,HS,3.9124,25
2024,02M376,NYC iSchool,HS,4.6072,25
2024,02M392,Manhattan Business Academy,HS,4.0676,25
2024,02M393,Business Of Sports School,HS,2.458,25
2024,02M394,Emma Lazarus High School,HST,4.414,25
2024,02M395,A School Without Walls,HS,3.623846153846154,13
2024,02M397,Spruce Street School,EMS,3.461578947368421,19
2024,02M399,The High School For Language And Diplomacy,HS,2.5081818181818183,22
2024,02M400,High School for Environmental Studies,HS,3.1696153846153847,26
2024,02M407,Institute for Collaborative Education,EMS,4.262857142857143,7
2024,02M407,Institute for Collaborative Education,HS,4.781666666666666,18
2024,02M408,Professional Performing Arts High School,EMS,4.211875,16
2024,02M408,Professional Performing Arts High School,HS,4.6564000000000005,25
2024,02M411,Baruch College Campus High School,HS,4.8224,25
2024,02M412,N.Y.C. Lab School for Collaborative Studies,HS,4.7668,25
2024,02M413,School of the Future High School,EMS,3.3805,20
2024,02M413,School of the Future High School,HS,4.7205,20
2024,02M414,N.Y.C. Museum School,HS,4.6872,25
2024,02M416,Eleanor Roosevelt High School,HS,4.7812,25
2024,02M418,Millennium High School,HS,4.682,25
2024,02M419,Landmark High School,HS,2.444,20
2024,02M420,High School for Health Professions and Human Services,HS,3.5907692307692307,26
2024,02M422,Quest to Learn,EMS,1.9963636363636363,22
2024,02M422,Quest to Learn,HS,2.3644,25
2024,02M425,Leadership and Public Service High School,HS,2.2583333333333333,24
2024,02M427,Manhattan Academy For Arts & Language,HS,2.880909090909091,22
2024,02M432,Murray Hill Academy,HS,2.966666666666667,24
2024,02M437,Hudson High School of Learning Technologies,HS,2.99,24
2024,02M438,International High School at Union Square,HS,3.74,20
2024,02M439,Manhattan Village Academy,HS,4.6876,25
2024,02M442,"Ballet Tech, NYC Public School for Dance",EMS,4.086153846153846,13
2024,02M449,Vanguard High School,HS,3.222857142857143,21
2024,02M459,Manhattan International High School,HS,3.5957894736842104,19
2024,02M475,Stuyvesant High School,HS,4.812083333333334,24
2024,02M489,High School of Economics and Finance,HS,3.362,25
2024,02M500,Unity Center for Urban Technologies,HS,4.07,24
2024,02M507,Urban Assembly Gateway School for Technology,HS,3.94,25
2024,02M519,Talent Unlimited High School,HS,3.8407999999999998,25
2024,02M520,Murry Bergtraum High School for Business Careers,HS,1.805263157894737,19
2024,02M527,P.S. 527 - East Side School for Social Action,EMS,4.148,10
2024,02M529,Jacqueline Kennedy Onassis High School,HS,2.6548,25
2024,02M531,Repertory Company High School for Theatre Arts,HS,4.5224,25
2024,02M533,Union Square Academy for Health Sciences,HS,3.3124,25
2024,02M534,Harvest Collegiate High School,HS,2.7515,20
2024,02M542,Manhattan Bridges High School,HS,4.406538461538462,26
2024,02M543,New Design High School,HS,3.2452,25
2024,02M544,Independence High School,HST,2.4614814814814814,27
2024,02M545,High School for Dual Language and Asian Studies,HS,4.8044,25
2024,02M546,Academy for Software Engineering,HS,3.1503846153846156,26
2024,02M550,Liberty High School Academy for Newcomers,HST,3.7529166666666667,24
2024,02M551,Urban Assembly New York Harbor School,HS,2.818,25
2024,02M560,High School M560 - City As School,HST,2.2376190476190474,21
2024,02M565,Urban Academy Laboratory High School,HST,4.619166666666667,12
2024,02M570,Satellite Academy High School,HST,2.6895000000000002,20
2024,02M575,Manhattan Comprehensive Night and Day High School,HST,2.7492592592592593,27
2024,02M580,Richard R. Green High School of Teaching,HS,2.7536,25
2024,02M586,Harvey Milk High School,HST,2.023846153846154,13
2024,02M600,The High School of Fashion Industries,HS,3.5046153846153847,26
2024,02M605,Humanities Preparatory Academy,HS,3.647,20
2024,02M615,Chelsea Career and Technical Education High School,HS,2.8232,25
2024,02M630,Art and Design High School,HS,4.5384,25
2024,02M655,The High School for Climate Justice,HS,2.1752,25
2024,02M896,Lower Manhattan Community Middle School,EMS,4.292380952380952,21
2024,03M009,P.S. 009 Sarah Anderson,EMS,4.567692307692307,13
2024,03M054,J.H.S. 054 Booker T. Washington,EMS,4.155,24
2024,03M075,P.S. 075 Emily Dickinson,EMS,2.8605882352941174,17
2024,03M076,P.S. 076 A. Philip Randolph,EMS,1.904736842105263,19
2024,03M084,P.S. 084 Lillian Weber,EMS,3.819375,16
2024,03M087,P.S. 087 William Sherman,EMS,3.9253846153846155,13
2024,03M145,"P.S. 145, The Bloomingdale School",EMS,2.097777777777778,18
2024,03M149,P.S. 149 Sojourner Truth,EMS,3.3752173913043477,23
2024,03M163,P.S. 163 Alfred E. Smith,EMS,2.4464285714285716,14
2024,03M165,P.S. 165 Robert E. Simon,EMS,2.123125,16
2024,03M166,P.S. 166 The Richard Rodgers School of The Arts and Technology,EMS,4.473636363636364,11
2024,03M180,P.S. 180 Hugo Newman,EMS,2.2177272727272728,22
2024,03M185,The Locke School of Arts and Engineering,EMS,2.3316666666666666,12
2024,03M191,The Riverside School for Makers and Artists,EMS,1.9708,25
2024,03M199,P.S. 199 Jessie Isador Straus,EMS,4.178571428571429,14
2024,03M241,STEM Institute of Manhattan,EMS,2.126,10
2024,03M242,P.S. 242 - The Young Diplomats Magnet Academy,EMS,2.322857142857143,7
2024,03M243,M.S. 243 Center School,EMS,4.5344444444444445,18
2024,03M245,M.S. M245 The Computer School,EMS,4.579090909090909,22
2024,03M247,M.S. M247 Dual Language Middle School,EMS,3.4,21
2024,03M256,Lafayette Academy,EMS,3.6313636363636363,22
2024,03M258,Community Action School - MS 258,EMS,2.874090909090909,22
2024,03M291,West End Secondary School,EMS,4.455238095238095,21
2024,03M291,West End Secondary School,HS,4.5448,25
2024,03M307,"Urban Assembly School for Media Studies, The",HS,2.805,24
2024,03M333,P.S. 333 Manhattan School for Children,EMS,2.5921739130434784,23
2024,03M334,The Anderson School,EMS,4.334375,16
2024,03M402,The Urban Assembly School for Green Careers,HS,2.5741666666666667,24
2024,03M403,The Global Learning Collaborative,HS,2.749615384615385,26
2024,03M404,Innovation Diploma Plus,HST,2.0530434782608697,23
2024,03M415,Wadleigh Secondary School for the Performing & Visual Arts,EMS,2.9363636363636365,11
2024,03M415,Wadleigh Secondary School for the Performing & Visual Arts,HS,4.315833333333334,24
2024,03M417,Frank McCourt High School,HS,3.7264,25
2024,03M421,West Prep Academy,EMS,2.7504,25
2024,03M452,P.S. 452,EMS,3.39375,8
2024,03M479,Beacon High School,HS,4.118,20
2024,03M485,Fiorello H. LaGuardia High School of Music & Art and Performing Arts,HS,4.66,25
2024,03M492,"High School for Law, Advocacy and Community Justice",HS,2.3661538461538463,26
2024,03M494,High School of Arts and Technology,HS,2.3712,25
2024,03M541,Manhattan / Hunter Science High School,HS,4.6368,25
2024,03M610,Young Women's Leadership School,EMS,1.9794444444444443,18
2024,03M610,Young Women's Leadership School,HS,4.22,25
2024,03M859,Special Music School,EMS,4.4225,12
2024,03M859,Special Music School,HS,4.8741666666666665,24
2024,03M860,Frederick Douglass Academy II Secondary School,EMS,2.9635714285714285,14
2024,03M860,Frederick Douglass Academy II Secondary School,HS,2.9120833333333334,24
2024,03M862,Mott Hall II,EMS,2.0216,25
2024,04M007,P.S. 007 Samuel Stern,EMS,2.3456,25
2024,04M012,Tag Young Scholars,EMS,4.443333333333333,18
2024,04M037,River East Elementary,EMS,2.8175,12
2024,04M038,P.S. 38 Roberto Clemente,EMS,2.294,10
2024,04M057,James Weldon Johnson,EMS,2.9216,25
2024,04M072,The Lexington Academy,EMS,2.0192,25
2024,04M083,P.S. 083 Luis Munoz Rivera,EMS,4.0721428571428575,14
2024,04M096,P.S. 096 Joseph Lanzetta,EMS,2.5827999999999998,25
2024,04M102,P.S. 102 Jacques Cartier,EMS,2.466,10
2024,04M108,P.S. 108 Assemblyman Angelo Del Toro Educational Complex,EMS,2.4708,25
2024,04M112,P.S. 112 Jose Celso Barbosa,EC,2.085,2
2024,04M146,P.S. 146 Ann M. Short,EMS,2.567222222222222,18
2024,04M155,P.S. 155 William Paca,EMS,2.1141666666666667,12
2024,04M171,P.S. 171 Patrick Henry,EMS,4.050476190476191,21
2024,04M182,The Bilingual Bicultural School,EMS,4.145714285714286,14
2024,04M206,P.S. 206 Jose Celso Barbosa,EMS,2.8588,25
2024,04M224,M.S. 224 Manhattan East School for Arts & Academics,EMS,2.6770833333333335,24
2024,04M310,The Judith S. Kaye School,HST,3.9484615384615385,26
2024,04M372,Esperanza Preparatory Academy,EMS,2.8417391304347825,23
2024,04M372,Esperanza Preparatory Academy,HS,2.8396153846153847,26
2024,04M375,Mosaic Preparatory Academy,EMS,2.045714285714286,14
2024,04M377,Renaissance School of the Arts,EMS,2.9304,25
2024,04M435,Manhattan Center for Science and Mathematics,HS,4.614230769230769,26
2024,04M495,Park East High School,HS,4.9048,25
2024,04M497,Central Park East I,EMS,3.944,5
2024,04M505,Edward A. Reynolds West Side High School,HST,1.9946153846153847,26
2024,04M555,Central Park East High School,HS,4.7608,25
2024,04M680,"Heritage School, The",HS,2.549166666666667,24
2024,04M825,Isaac Newton Middle School for Math & Science,EMS,2.8869565217391306,23
2024,04M964,Central Park East II,EMS,2.2925,20
2024,05M030,P.S. 030 Hernandez/Hughes,EMS,2.9385714285714286,7
2024,05M036,P.S. 036 Margaret Douglas,EMS,3.1113333333333335,15
2024,05M046,P.S. 046 Arthur Tappan,EMS,3.4008,25
2024,05M092,P.S. 092 Mary McLeod Bethune,EMS,3.307777777777778,9
2024,05M123,P.S. 123 Mahalia Jackson,EMS,2.5208,25
2024,05M125,P.S. 125 Ralph Bunche,EMS,4.425,6
2024,05M129,P.S. 129 John H. Finley,EMS,2.2815384615384615,13
2024,05M133,P.S. 133 Fred R Moore,EMS,4.1571428571428575,7
2024,05M148,Eagle Academy for Young Men of Harlem,EMS,2.693125,16
2024,05M148,Eagle Academy for Young Men of Harlem,HS,3.3571999999999997,25
2024,05M154,P.S. 154 Harriet Tubman,EMS,2.98,11
2024,05M157,The Urban Assembly School for Global Commerce,HS,1.8466666666666667,24
2024,05M161,P.S. 161 Pedro Albizu Campos,EMS,3.3447999999999998,25
2024,05M175,P.S. 175 Henry H Garnet,EMS,2.4433333333333334,12
2024,05M194,P.S. 194 Countee Cullen,EMS,1.6836363636363636,11
2024,05M197,P.S. 197 John B. Russwurm,EMS,1.948,10
2024,05M200,P.S. 200- The James McCune Smith School,EMS,2.053888888888889,18
2024,05M285,Harlem Renaissance High School,HST,2.698888888888889,27
2024,05M286,Urban Assembly Academy for Future Leaders,EMS,3.065,22
2024,05M304,Mott Hall High School,HS,3.3472,25
2024,05M318,Thurgood Marshall Academy Lower School,EMS,2.4375,8
2024,05M362,Columbia Secondary School,EMS,4.0678947368421055,19
2024,05M362,Columbia Secondary School,HS,4.638333333333334,24
2024,05M369,Urban Assembly School for the Performing Arts,HS,2.5095833333333335,24
2024,05M371,School of Earth Exploration and Discovery Harlem (SEED Harlem),EMS,2.5933333333333333,18
2024,05M499,Frederick Douglass Academy,EMS,2.998181818181818,22
2024,05M499,Frederick Douglass Academy,HS,2.1832000000000003,25
2024,05M514,New Design Middle School,EMS,2.33375,24
2024,05M517,Teachers College Community School,EMS,2.8294444444444444,18
2024,05M670,Thurgood Marshall Academy for Learning and Social Change,EMS,3.122,20
2024,05M670,Thurgood Marshall Academy for Learning and Social Change,HS,2.8072,25
2024,05M692,"High School for Mathematics, Science and Engineering at City College",HS,4.832083333333333,24
2024,06M004,P.S. 004 Duke Ellington,EMS,3.026666666666667,15
2024,06M005,P.S. 005 Ellen Lurie,EMS,2.6466666666666665,18
2024,06M008,P.S. 008 Luis Belliard,EMS,2.4292307692307693,13
2024,06M018,P.S. 018 Park Terrace,EMS,2.4188,25
2024,06M028,P.S. 028 Wright Brothers,EMS,2.988888888888889,18
2024,06M048,P.S. 048 P.O. Michael J. Buczek,EMS,2.4144444444444444,18
2024,06M052,Harold O. Levy School,EMS,3.3634782608695653,23
2024,06M098,P.S. 098 Shorac Kappock,EMS,2.2079999999999997,15
2024,06M103,Dos Puentes Elementary School,EMS,3.8475,16
2024,06M115,P.S. 115 Alexander Humboldt,EMS,3.097777777777778,18
2024,06M128,P.S. 128 Audubon,EMS,2.908125,16
2024,06M132,P.S. 132 Juan Pablo Duarte,EMS,4.547142857142857,14
2024,06M143,J.H.S. 143 Eleanor Roosevelt,EMS,3.2130434782608694,23
2024,06M152,P.S. 152 Dyckman Valley,EMS,2.935,16
2024,06M153,P.S. 153 Adam Clayton Powell,EMS,2.265,16
2024,06M173,P.S./I.S. 173 Fort Washington School in the Heights,EMS,2.7330434782608695,23
2024,06M178,Professor Juan Bosch Public School,EMS,3.376,10
2024,06M187,P.S./I.S. 187 Hudson Cliffs,EMS,3.4918181818181817,22
2024,06M189,P.S. 189,EMS,3.884,15
2024,06M192,P.S. 192 Jacob H. Schiff,EMS,4.175,8
2024,06M209,Hamilton Grange Middle School,EMS,2.8,23
2024,06M210,P.S./I.S. 210 - Twenty-first Century Academy for Community Leadership,EMS,3.533478260869565,23
2024,06M211,Inwood Early College for Health and Information Technologies,HS,2.641153846153846,26
2024,06M223,The Mott Hall School,EMS,3.3529166666666668,24
2024,06M278,Paula Hedbavny School,EMS,3.022608695652174,23
2024,06M293,City College Magnet School of the Arts,EMS,2.6382608695652174,23
2024,06M293,City College Magnet School of the Arts,HS,4.1812,25
2024,06M311,Amistad Dual Language School,EMS,3.9543478260869565,23
2024,06M314,Muscota,EMS,3.7577777777777777,9
2024,06M319,M.S. 319 - Maria Teresa,EMS,3.9924,25
2024,06M322,Middle School 322,EMS,3.2552,25
2024,06M324,M.S. 324 - Patria Mirabal,EMS,3.7444,25
2024,06M328,Community Math & Science Prep,EMS,3.641304347826087,23
2024,06M346,Community Health Academy of the Heights,EMS,2.7336,25
2024,06M346,Community Health Academy of the Heights,HS,2.7584615384615385,26
2024,06M348,Washington Heights Expeditionary Learning School,EMS,2.8748,25
2024,06M348,Washington Heights Expeditionary Learning School,HS,3.249615384615385,26
2024,06M366,Washington Heights Academy,EMS,3.970909090909091,22
2024,06M368,The William Lynch School,EMS,2.7573333333333334,15
2024,06M423,High School for Excellence and Innovation,HST,4.3341666666666665,24
2024,06M462,The College Academy,HS,4.2636,25
2024,06M463,High School for Media and Communications,HS,3.0507692307692307,26
2024,06M467,High School for Law and Public Service,HS,2.6988,25
2024,06M468,High School for Health Careers and Sciences,HS,2.975769230769231,26
2024,06M513,Castle Bridge School,EMS,3.1166666666666667,6
2024,06M528,I.S. 528 Bea Fuller Rodgers School,EMS,4.197826086956522,23
2024,06M540,A. Philip Randolph Campus High School,HS,2.164230769230769,26
2024,06M552,Gregorio Luperon High School for Science and Mathematics,HS,4.392,25
2024,07X001,P.S. 001 Courtlandt School,EMS,2.27,14
2024,07X005,P.S. 5 Port Morris,EMS,2.9572,25
2024,07X018,P.S. 018 John Peter Zenger,EMS,1.9766666666666666,15
2024,07X025,P.S. 025 Bilingual School,EMS,3.82875,16
2024,07X029,P.S./M.S. 029 Melrose School,EMS,2.534,25
2024,07X030,P.S. 030 Wilton,EMS,1.8822222222222222,18
2024,07X031,P.S./M.S. 031 The William Lloyd Garrison,EMS,2.5816,25
2024,07X043,P.S. 043 Jonas Bronck,EMS,2.728125,16
2024,07X049,P.S. 049 Willis Avenue,EMS,3.753529411764706,17
2024,07X065,P.S. 065 Mother Hale Academy,EMS,2.5075,12
2024,07X154,P.S. 154 Jonathan D. Hyatt,EMS,3.145,10
2024,07X157,P.S. 157 Grove Hill,EMS,2.56,16
2024,07X161,P.S. 161 Juan Ponce De Leon School,EMS,2.36375,16
2024,07X179,P.S. 179,EMS,2.537777777777778,9
2024,07X221,South Bronx Preparatory: A College Board School,EMS,3.0844,25
2024,07X221,South Bronx Preparatory: A College Board School,HS,3.8164,25
2024,07X223,The Laboratory School of Finance and Technology: X223,EMS,2.840869565217391,23
2024,07X223,The Laboratory School of Finance and Technology: X223,HS,4.236315789473684,19
2024,07X224,P.S./I.S. 224,EMS,2.374,25
2024,07X259,"H.E.R.O. High (Health, Education, and Research Occupations High School)",HS,2.4939999999999998,25
2024,07X277,P.S. 277,EMS,3.7736363636363635,11
2024,07X296,South Bronx Academy for Applied Media,EMS,2.0770833333333334,24
2024,07X298,Academy of Public Relations,EMS,1.5856000000000001,25
2024,07X334,International Community High School,HS,3.4395238095238096,21
2024,07X343,Academy of Applied Mathematics and Technology,EMS,3.7544,25
2024,07X359,"Leaders of Excellence, Advocacy and Discovery",EMS,4.702222222222223,9
2024,07X369,Young Leaders Elementary School,EMS,3.0246153846153847,13
2024,07X379,Jill Chaifetz Transfer High School,HST,2.3125925925925928,27
2024,07X381,Bronx Haven High School,HST,2.2064,25
2024,07X427,Community School for Social Justice,HS,2.098,20
2024,07X473,Mott Haven Village Preparatory High School,HS,2.413333333333333,24
2024,07X495,University Heights Secondary School,HS,4.944500000000001,20
2024,07X500,Hostos-Lincoln Academy of Science,EMS,2.4065217391304348,23
2024,07X500,Hostos-Lincoln Academy of Science,HS,3.7363999999999997,25
2024,07X522,Bronx Design and Construction Academy,HS,2.3670833333333334,24
2024,07X527,Bronx Leadership Academy II High School,HS,2.6746153846153846,26
2024,07X548,Careers in Sports High School,HS,2.4115384615384614,26
2024,07X551,The Urban Assembly Bronx Academy of Letters,EMS,2.1382608695652174,23
2024,07X551,The Urban Assembly Bronx Academy of Letters,HS,2.7408,25
2024,07X557,Mott Haven Community High School,HST,4.322592592592593,27
2024,07X584,I.S. 584,EMS,2.2963999999999998,25
2024,07X600,Alfred E. Smith Career and Technical Education High School,HS,2.984,25
2024,07X625,Bronx Legacy High School,HS,2.413157894736842,19
2024,07X642,South Bronx Literacy Academy,EMS,2.0771428571428574,7
2024,07X670,Health Opportunities High School,HS,2.3125,24
2024,08X014,P.S. X014 Senator John Calandra,EMS,2.9894444444444446,18
2024,08X036,P.S. 036 Unionport,EMS,2.918888888888889,18
2024,08X048,P.S. 048 Joseph R. Drake,EMS,2.292222222222222,18
2024,08X062,P.S. 062 Inocensio Casanova,EMS,3.0211111111111113,18
2024,08X069,P.S. 069 Journey Prep School,EMS,2.45,18
2024,08X071,P.S. 071 Rose E. Scala,EMS,3.0432,25
2024,08X072,P.S. 072 Dr. William Dorney,EMS,2.425,18
2024,08X075,P.S. 75 School of Research and Discovery,EMS,3.9631250000000002,16
2024,08X093,P.S. 093 Albert G. Oliver,EMS,2.2407142857142857,14
2024,08X100,P.S. 100 Isaac Clason,EMS,2.7488888888888887,18
2024,08X101,M.S. X101 Edward R. Byrne,EMS,3.5872,25
2024,08X107,P.S. 107,EMS,2.756111111111111,18
2024,08X119,The Dr. Emmett W. Bassett School,EMS,2.9683333333333333,18
2024,08X123,J.H.S. 123 James M. Kieran,EMS,2.1404,25
2024,08X130,P.S. 130 Abram Stevens Hewitt,EMS,3.06,15
2024,08X131,J.H.S. 131 Albert Einstein,EMS,2.632,25
2024,08X138,P.S. 138 Samuel Randall,EMS,2.628125,16
2024,08X140,P.S. X140 The Eagle School,EMS,2.561875,16
2024,08X146,P.S. 146 Edward Collins,EMS,3.0193333333333334,15
2024,08X152,P.S. 152 Evergreen,EMS,2.7605555555555554,18
2024,08X182,P.S. 182,EMS,2.51375,16
2024,08X269,Bronx Studio School for Writers and Artists,EMS,2.1764,25
2024,08X269,Bronx Studio School for Writers and Artists,HS,2.944166666666667,24
2024,08X282,Women's Academy of Excellence,HS,3.115,24
2024,08X293,Renaissance High School for Musical Theater and the Arts,HS,3.4736000000000002,25
2024,08X301,M.S. 301 Paul L. Dunbar,EMS,1.8496,25
2024,08X302,M.S. 302 Luisa Dessus Cruz,EMS,3.688,25
2024,08X304,P.S. 304 Early Childhood School,EMS,4.17,16
2024,08X312,Millennium Art Academy,HS,3.516,25
2024,08X320,Pelham Lab High School,HS,2.4392,25
2024,08X333,The Longwood Academy of Discovery,EMS,2.1133333333333333,18
2024,08X337,The School for Inquiry and Social Justice,EMS,2.614,25
2024,08X348,Schuylerville Preparatory High School,HS,2.4004,25
2024,08X349,Bronx River High School,HS,4.051923076923077,26
2024,08X367,"Archimedes Academy for Math, Science and Technology Applications",EMS,2.292,25
2024,08X367,"Archimedes Academy for Math, Science and Technology Applications",HS,2.52,25
2024,08X371,Urban Institute of Mathematics,EMS,4.2608,25
2024,08X375,The Bronx Mathematics Preparatory School,EMS,2.1404,25
2024,08X376,Antonia Pantoja Preparatory Academy: A College Board School,EMS,3.4721739130434783,23
2024,08X376,Antonia Pantoja Preparatory Academy: A College Board School,HS,2.878,25
2024,08X377,Bronx Community High School,HST,3.4937037037037038,27
2024,08X392,Bronx Delta School,EMS,2.7485714285714287,14
2024,08X405,Herbert H. Lehman High School,HS,2.273846153846154,26
2024,08X424,Bronx Academy for Multi-Media,EMS,3.914,25
2024,08X432,Bronx Bridges High School,HS,3.662,25
2024,08X448,Soundview Academy for Culture and Scholarship,EMS,3.244,25
2024,08X452,Gotham Collaborative High School,HS,2.8212,25
2024,08X467,Mott Hall Community School,EMS,2.5356,25
2024,08X530,Longwood Preparatory Academy,HS,2.8203846153846155,26
2024,08X537,Bronx Arena High School,HST,3.15125,24
2024,08X558,Westchester Square Academy,HS,2.7611538461538463,26
2024,08X561,Bronx Compass High School,HS,2.618076923076923,26
2024,08X562,Pugsley Preparatory Academy,EMS,2.1032,25
2024,08X583,P.S. 583,EMS,3.393076923076923,13
2024,08X636,Virtual Innovators Academy,HS,2.5076923076923077,13
2024,09X004,P.S./M.S. 004 Crotona Park West,EMS,4.2495652173913046,23
2024,09X011,P.S. 011 Highbridge,EMS,2.278125,16
2024,09X022,J.H.S. 022 Jordan L. Mott,EMS,2.1959999999999997,25
2024,09X028,P.S. 028 Mount Hope,EMS,3.1844444444444444,18
2024,09X035,P.S. 035 Franz Siegel,EMS,2.3644444444444446,18
2024,09X042,P.S. 042 Claremont,EMS,2.6016666666666666,18
2024,09X053,P.S. 053 Basheer Quisim,EMS,3.1355555555555554,18
2024,09X055,P.S. 055 Benjamin Franklin,EMS,1.87625,16
2024,09X058,P.S. 058,EMS,2.6028571428571428,14
2024,09X063,P.S. 063 Author's Academy,EMS,3.2483333333333335,18
2024,09X070,P.S. 070 Max Schoenfeld,EMS,2.9905555555555554,18
2024,09X073,P.S. 073 Bronx,EMS,2.626923076923077,13
2024,09X088,P.S. X088 - S. Silverstein Little Sparrow School,EMS,2.7225,4
2024,09X109,P.S. 109 Sedgwick,EMS,1.968888888888889,18
2024,09X110,P.S. 110 Theodore Schoenfeld,EMS,2.74,17
2024,09X114,P.S. X114 - Luis Llorens Torres Schools,EMS,1.9416666666666667,18
2024,09X117,I.S. 117 Joseph H. Wade,EMS,2.7916,25
2024,09X126,P.S. 126 Dr Marjorie H Dunbar,EMS,2.715,18
2024,09X128,Mott Hall III,EMS,2.9596,25
2024,09X132,P.S. 132 Garret A. Morgan,EMS,2.6127777777777776,18
2024,09X163,P.S. 163 Arthur A. Schomburg,EMS,2.8966666666666665,15
2024,09X170,P.S. 170,EC,3.295,2
2024,09X199,P.S. 199X - The Shakespeare School,EMS,2.926875,16
2024,09X204,P.S. 204 Morris Heights,EMS,4.5055555555555555,18
2024,09X215,Kappa,EMS,3.1433333333333335,24
2024,09X218,P.S./I.S. 218 Rafael Hernandez Dual Language Magnet School,EMS,2.6495652173913045,23
2024,09X219,I.S. 219 New Venture School,EMS,2.9591304347826086,23
2024,09X227,Bronx Collegiate Academy,HS,3.3624,25
2024,09X229,I.S. 229 Roland Patterson,EMS,2.69375,24
2024,09X231,Eagle Academy for Young Men,EMS,3.9705263157894737,19
2024,09X231,Eagle Academy for Young Men,HS,3.0888,25
2024,09X232,I.S. 232,EMS,3.4176,25
2024,09X236,P.S. 236 Langston Hughes,EMS,2.7025,16
2024,09X241,"Urban Assembly School for Applied Math and Science, The",EMS,2.1076,25
2024,09X241,"Urban Assembly School for Applied Math and Science, The",HS,3.2832,25
2024,09X250,Eximius College Preparatory Academy: A College Board School,HS,3.5388,25
2024,09X252,Mott Hall Bronx High School,HS,2.815,26
2024,09X260,Bronx Center for Science and Mathematics,HS,4.2208,25
2024,09X263,Validus Preparatory Academy,HS,1.9658333333333333,24
2024,09X274,The New American Academy at Roberto Clemente State Park,EMS,1.7655555555555555,18
2024,09X294,The Walton Avenue School,EMS,2.6233333333333335,18
2024,09X297,Morris Academy for Collaborative Studies,HS,3.019615384615385,26
2024,09X303,I.S. X303 Leadership & Community Service,EMS,3.1572,25
2024,09X311,Lucero Elementary School,EMS,1.928,15
2024,09X313,I.S. 313 School of Leadership Development,EMS,1.9191304347826088,23
2024,09X323,Bronx Writing Academy,EMS,3.4484,25
2024,09X324,Bronx Early College Academy for Teaching & Learning,EMS,2.4681818181818183,22
2024,09X324,Bronx Early College Academy for Teaching & Learning,HS,3.9404166666666667,24
2024,09X327,Comprehensive Model School Project M.S. 327,EMS,3.2244,25
2024,09X327,Comprehensive Model School Project M.S. 327,HS,3.4753846153846153,26
2024,09X328,New Millennium Bronx Academy of the Arts,EMS,2.975833333333333,24
2024,09X329,DreamYard Preparatory School,HS,3.2004,25
2024,09X339,I.S. 339,EMS,3.7069565217391305,23
2024,09X350,New Directions Secondary School,HST,3.755,20
2024,09X361,The Highbridge Green School,EMS,3.256,25
2024,09X365,Academy for Language and Technology,HS,4.808,25
2024,09X403,Bronx International High School,HS,4.015789473684211,19
2024,09X412,Bronx High School of Business,HS,2.106153846153846,26
2024,09X413,Bronx High School for Medical Science,EMS,2.584761904761905,21
2024,09X413,Bronx High School for Medical Science,HS,3.31625,24
2024,09X443,The Family School,EMS,4.25625,16
2024,09X449,Grant Avenue Elementary School,EMS,3.4411111111111112,18
2024,09X454,Science and Technology Academy: A Mott Hall School,EMS,4.2572,25
2024,09X457,Sheridan Academy for Young Leaders,EMS,2.7058823529411766,17
2024,09X505,"Bronx School for Law, Government and Justice",EMS,2.8212,25
2024,09X505,"Bronx School for Law, Government and Justice",HS,2.93,26
2024,09X517,Frederick Douglass Academy III Secondary School,HS,3.5473076923076925,26
2024,09X525,Bronx Leadership Academy High School,HS,2.9476923076923076,26
2024,09X543,High School for Violin and Dance,HS,2.4834782608695654,23
2024,09X555,Mount Eden Children's Academy,EMS,3.848125,16
2024,09X564,Claremont International HS,HS,4.2195238095238095,21
2024,09X568,Young Women's Leadership School of the Bronx,EMS,2.9704761904761905,21
2024,09X568,Young Women's Leadership School of the Bronx,HS,3.4572000000000003,25
2024,09X593,South Bronx International Middle School,EMS,4.4882608695652175,23
2024,09X594,New Pathways Academy,EMS,3.44,25
2024,09X644,Bronx Debate Academy,EMS,1.7810526315789474,19
2024,10X003,P.S. 3 Raul Julia Micro Society,EMS,3.4316,25
2024,10X007,Milton Fein School,EMS,3.7925,12
2024,10X008,P.S. 008 Isaac Varian,EMS,2.8533333333333335,18
2024,10X009,P.S. 9 Ryer Avenue Elementary School,EMS,3.468125,16
2024,10X015,P.S. X015 Institute for Environmental Learning,EMS,3.4195652173913045,23
2024,10X020,"PS/MS 20 P.O.George J. Werdann, III",EMS,2.844,25
2024,10X023,P.S. 023 The New Children's School,EMS,2.125,16
2024,10X024,P.S. 024 Spuyten Duyvil,EMS,4.6375,12
2024,10X032,P.S. 032 Belmont,EMS,2.073888888888889,18
2024,10X033,P.S. 033 Timothy Dwight,EMS,2.1661111111111113,18
2024,10X037,P.S. X037 - Multiple Intelligence School,EMS,2.8584,25
2024,10X045,Thomas C. Giordano Middle School 45,EMS,2.596,25
2024,10X046,P.S. 046 Edgar Allan Poe,EMS,2.8494444444444444,18
2024,10X051,The Bronx STEM and Arts Academy,EMS,3.2283333333333335,6
2024,10X054,P.S./I.S. 54,EMS,2.1675,16
2024,10X056,P.S. 056 Norwood Heights,EMS,2.0877777777777777,18
2024,10X059,P.S. 059 The Community School of Technology,EMS,2.105,18
2024,10X077,Bedford Park Elementary School,EMS,2.3361111111111112,18
2024,10X080,J.H.S. 080 The Mosholu Parkway,EMS,3.4216,25
2024,10X081,P.S. 081 Robert J. Christen,EMS,4.464166666666666,12
2024,10X085,P.S. 085 Great Expectations,EMS,2.8983333333333334,18
2024,10X086,P.S. 086 Kingsbridge Heights,EMS,3.053,20
2024,10X091,P.S. 091 Bronx,EMS,2.1875,16
2024,10X094,P.S. 094 Kings College School,EMS,1.7616666666666667,18
2024,10X095,P.S. 095 Sheila Mencher,EMS,2.8388,25
2024,10X118,J.H.S. 118 William W. Niles,EMS,2.8952,25
2024,10X141,Riverdale / Kingsbridge Academy (Middle School / High School 141),EMS,3.0816,25
2024,10X141,Riverdale / Kingsbridge Academy (Middle School / High School 141),HS,3.8964,25
2024,10X159,P.S. 159 Luis Munoz Marin Biling,EMS,3.166153846153846,13
2024,10X205,P.S. 205 Fiorello LaGuardia,EMS,2.7911111111111113,18
2024,10X206,I.S. 206 Ann Mersereau,EMS,3.18,23
2024,10X207,P.S. 207,EMS,3.5464285714285717,14
2024,10X209,P.S. 209,EC,3.465,2
2024,10X213,Bronx Engineering and Technology Academy,HS,3.435769230769231,26
2024,10X225,Theatre Arts Production Company School,EMS,3.601875,16
2024,10X225,Theatre Arts Production Company School,HS,2.916,25
2024,10X226,P.S. 226,EMS,3.5784615384615384,13
2024,10X228,Jonas Bronck Academy,EMS,3.132727272727273,22
2024,10X228,Jonas Bronck Academy,HS,4.098,10
2024,10X237,"The Marie Curie High School for Medicine, Nursing, and Health Professions",HS,2.223076923076923,26
2024,10X243,West Bronx Academy for the Future,EMS,2.1132,25
2024,10X243,West Bronx Academy for the Future,HS,2.7084615384615387,26
2024,10X244,The New School for Leadership and Journalism,EMS,4.1708,25
2024,10X246,P.S. 246 Poe Center,EMS,2.23125,16
2024,10X254,I.S. 254,EMS,2.916,25
2024,10X264,Bronx Academy for Software Engineering (BASE),HS,3.026,25
2024,10X268,Kingsbridge International High School,HS,2.6563636363636363,22
2024,10X279,"P.S. 279 Captain Manuel Rivera, Jr.",EMS,3.5228,25
2024,10X280,P.S./M.S. 280 Mosholu Parkway,EMS,3.1056,25
2024,10X284,Bronx School of Law and Finance,HS,2.999615384615385,26
2024,10X291,P.S. 291,EMS,3.115,16
2024,10X306,P.S. 306,EMS,2.6916666666666664,18
2024,10X308,Bronx Dance Academy School,EMS,4.4616,25
2024,10X310,P.S. 310 Marble Hill,EMS,2.864375,16
2024,10X315,P.S. 315 Lab School,EMS,2.6686363636363635,22
2024,10X319,Providing Urban Learners Success In Education High School,HST,2.42,25
2024,10X331,The Bronx School of Young Leaders,EMS,2.5982608695652174,23
2024,10X340,P.S. 340,EMS,2.7655555555555558,18
2024,10X342,International School for Liberal Arts,EMS,3.7115,20
2024,10X342,International School for Liberal Arts,HS,3.4648,25
2024,10X344,Ampark Neighborhood,EMS,4.016923076923077,13
2024,10X351,Bronx Collaborative High School,HS,2.7314285714285713,21
2024,10X353,World View High School,HS,4.152692307692308,26
2024,10X360,P.S. 360,EMS,2.24625,16
2024,10X363,Academy For Personal Leadership And Excellence,EMS,2.6992,25
2024,10X368,In-Tech Academy (M.S. / High School 368),EMS,3.2216,25
2024,10X368,In-Tech Academy (M.S. / High School 368),HS,3.7912,25
2024,10X374,Knowledge and Power Preparatory Academy International High School (Kappa),HS,3.6942307692307694,26
2024,10X386,School for Environmental Citizenship,EMS,2.680625,16
2024,10X390,M.S. 390,EMS,3.4172,25
2024,10X391,The Angelo Patri Middle School,EMS,3.2732,25
2024,10X396,P.S. 396,EMS,4.145625,16
2024,10X397,English Language Learners and International Support Preparatory Academy (ELLIS),HST,4.4936842105263155,19
2024,10X433,High School for Teaching and the Professions,HS,3.2026923076923075,26
2024,10X434,Belmont Preparatory High School,HS,3.1708333333333334,24
2024,10X437,Fordham High School for the Arts,HS,4.8376,25
2024,10X438,Fordham Leadership Academy,HS,3.55625,24
2024,10X439,Bronx High School for Law and Community Service,HS,3.993076923076923,26
2024,10X440,DeWitt Clinton High School,HS,3.7434615384615384,26
2024,10X442,"Celia Cruz Bronx High School of Music, The",HS,4.5316,25
2024,10X445,The Bronx High School of Science,HS,4.93125,24
2024,10X447,Creston Academy,EMS,3.2072,25
2024,10X477,Marble Hill High School for International Studies,HS,4.627307692307692,26
2024,10X524,Crotona International High School,HS,3.9972222222222222,18
2024,10X546,Bronx Theatre High School,HS,2.5536,25
2024,10X549,Discovery High School,HS,3.8203846153846155,26
2024,10X565,High School for Energy and Technology,HS,3.44875,24
2024,10X696,High School of American Studies at Lehman College,HS,4.939565217391304,23
2024,11X016,P.S. 016 Wakefield,EMS,2.095833333333333,12
2024,11X019,P.S. 019 Judith K. Weiss,EMS,3.070869565217391,23
2024,11X021,P.S. 021 Philip H. Sheridan,EMS,3.698,10
2024,11X041,P.S. 041 Gun Hill Road,EMS,2.1055555555555556,18
2024,11X068,P.S. 068 Bronx,EMS,4.076875,16
2024,11X076,P.S. 076 The Bennington School,EMS,3.183125,16
2024,11X078,P.S. 078 Anne Hutchinson,EMS,2.513888888888889,18
2024,11X083,P.S. 083 Donald Hertz,EMS,2.893076923076923,26
2024,11X087,P.S. 087 Bronx,EMS,2.5060000000000002,10
2024,11X089,P.S. 089 Bronx,EMS,3.1431999999999998,25
2024,11X096,P.S. 096 Richard Rodgers,EMS,4.410714285714286,14
2024,11X097,P.S. 097 Bronx,EMS,2.505625,16
2024,11X103,P.S. 103 Hector Fontanez,EMS,3.2071428571428573,14
2024,11X105,P.S. 105 Sen Abraham Bernstein,EMS,2.705,16
2024,11X106,P.S. 106 Parkchester,EMS,2.675,18
2024,11X108,P.S. 108 Philip J. Abinanti,EMS,4.12,13
2024,11X111,P.S. 111 Seton Falls,EMS,2.1615384615384614,13
2024,11X112,P.S. 112 Bronxwood,EMS,2.6283333333333334,18
2024,11X121,P.S. 121 Throop,EMS,2.2394444444444446,18
2024,11X127,J.H.S. 127 The Castle Hill,EMS,3.198,25
2024,11X144,J.H.S. 144 Michelangelo,EMS,4.048,25
2024,11X153,P.S. 153 Helen Keller,EMS,3.8645454545454547,11
2024,11X160,P.S. 160 Walt Disney,EMS,3.4253846153846155,13
2024,11X169,Baychester Academy,EMS,3.2822222222222224,9
2024,11X175,P.S. 175 City Island,EMS,2.6094736842105264,19
2024,11X178,P.S. 178 - Dr. Selman Waksman,EMS,3.3408333333333333,12
2024,11X180,M.S. 180 Dr. Daniel Hale Williams,EMS,2.41,25
2024,11X181,I.S. 181 Pablo Casals,EMS,4.4508,25
2024,11X189,Cornerstone Academy for Social Action,EMS,2.464,15
2024,11X194,P.S./M.S. 194,EMS,2.8216,25
2024,11X249,Bronx Health Sciences High School,HS,4.0275,24
2024,11X265,Bronx Lab School,HS,2.868095238095238,21
2024,11X270,Academy for Scholarship and Entrepreneurship: A College Board School,HS,3.1083333333333334,24
2024,11X275,High School of Computers and Technology,HS,2.6572,25
2024,11X287,North Bronx School of Empowerment,EMS,2.6784,25
2024,11X288,Collegiate Institute for Math and Science,HS,3.4208,25
2024,11X290,Bronx Academy of Health Careers,HS,2.5712,25
2024,11X299,Astor Collegiate Academy,HS,2.4853846153846155,26
2024,11X326,Bronx Green Middle School,EMS,2.6241666666666665,24
2024,11X355,Bronx Alliance Middle School,EMS,2.7958333333333334,24
2024,11X357,Young Voices Academy of the Bronx,EMS,2.776153846153846,13
2024,11X370,Leaders of Tomorrow,EMS,2.314,25
2024,11X418,Bronx High School for the Visual Arts,HS,3.1064,25
2024,11X455,Harry S Truman High School,HS,2.7588461538461537,26
2024,11X462,Cornerstone Academy for Social Action Middle School (CASA),EMS,2.1325,20
2024,11X468,Pelham Academy of Academics and Community Engagement,EMS,2.621739130434783,23
2024,11X481,The STEAM Bridge School,EMS,3.558,10
2024,11X483,The Matilda Avenue School,EMS,2.3766666666666665,12
2024,11X498,P.S./M.S. 11X498 - Van Nest Academy,EMS,3.3152,25
2024,11X508,Bronxdale High School,HS,2.5464,25
2024,11X509,High School of Language and Innovation,HS,4.110416666666667,24
2024,11X513,New World High School,HS,4.2488,25
2024,11X514,The Bronxwood Preparatory Academy,HS,3.5244,25
2024,11X529,One World Middle School at Edenwald,EMS,3.2595833333333335,24
2024,11X532,Baychester Middle School,EMS,2.4148,25
2024,11X542,Pelham Preparatory Academy,HS,3.4108,25
2024,11X544,High School for Contemporary Arts,HS,2.5507692307692307,26
2024,11X545,Bronx Aerospace High School,HS,3.1992307692307693,26
2024,11X556,Bronx Park Middle School,EMS,2.957826086956522,23
2024,11X566,Pelham Gardens Middle School,EMS,3.2288,25
2024,11X567,Linden Tree Elementary School,EMS,2.645,16
2024,12X006,P.S. 006 West Farms,EMS,2.334375,16
2024,12X044,P.S. 044 David C. Farragut,EMS,3.3144444444444447,9
2024,12X047,P.S. 047 John Randolph,EMS,2.102777777777778,18
2024,12X057,P.S. 057 Crescent,EMS,2.177777777777778,18
2024,12X061,P.S. 061 Francisco Oller,EMS,3.152727272727273,11
2024,12X066,P.S. 066 School of Higher Expectations,EMS,4.472142857142857,14
2024,12X067,P.S. 067 Mohegan School,EMS,3.8729999999999998,10
2024,12X129,M.S. 129 Academy for Independent Learning and Leadership,EMS,4.2824,25
2024,12X134,P.S. 134 George F. Bristow,EMS,1.6822222222222223,18
2024,12X150,P.S. 150 Charles James Fox,EMS,2.856666666666667,18
2024,12X190,E.S.M.T- I.S. 190,EMS,2.4795652173913045,23
2024,12X195,P.S. 195,EMS,2.338888888888889,18
2024,12X196,P.S. 196,EMS,2.151111111111111,18
2024,12X211,P.S. 211,EMS,2.7255555555555557,9
2024,12X214,P.S. 214,EMS,2.2096,25
2024,12X217,School of Performing Arts,EMS,3.3224,25
2024,12X242,Mott Hall V,EMS,3.3024,25
2024,12X242,Mott Hall V,HS,3.495769230769231,26
2024,12X248,"Metropolitan High School, The",HS,2.9292,25
2024,12X251,Explorations Academy H.S.,HS,3.061923076923077,26
2024,12X267,Bronx Latin,EMS,2.5472,25
2024,12X267,Bronx Latin,HS,3.7908,25
2024,12X271,East Bronx Academy for the Future,EMS,2.6848,25
2024,12X271,East Bronx Academy for the Future,HS,2.9834615384615386,26
2024,12X273,Frederick Douglass Academy V. Middle School,EMS,3.2616,25
2024,12X286,Fannie Lou Hamer Middle School,EMS,2.2604,25
2024,12X300,The School of Science and Applied Learning,EMS,2.2694444444444444,18
2024,12X314,Fairmont Neighborhood School,EMS,2.535625,16
2024,12X316,Kappa III,EMS,3.0148,25
2024,12X318,"I.S. X318 Math, Science & Technology Through Arts",EMS,2.1004,25
2024,12X341,Accion Academy,EMS,3.3308333333333335,24
2024,12X383,Emolior Academy,EMS,3.1052,25
2024,12X388,Pan American International High School at Monroe,HS,4.01,19
2024,12X446,Arturo A. Schomburg Satellite Academy Bronx,HST,3.778095238095238,21
2024,12X458,Samara Community School,EMS,3.5771428571428574,14
2024,12X463,Urban Scholars Community School,EMS,2.9964285714285714,14
2024,12X478,The Cinema School,HS,2.2428,25
2024,12X479,Bronx Career and College Preparatory High School,HS,1.7786363636363636,22
2024,12X480,Bronx Regional High School,HST,2.8964,25
2024,12X511,Bronx Envision Academy,HS,3.045769230769231,26
2024,12X521,The Metropolitan Soundview High School,HS,2.5353846153846153,26
2024,12X531,Archer Elementary School,EMS,2.86125,16
2024,12X536,P.S. 536,EMS,2.5284615384615385,13
2024,12X550,High School of World Cultures,HS,3.975,24
2024,12X595,P.S. 595,EMS,2.4025,16
2024,12X641,Bard High School Early College Bronx,HS,4.82,17
2024,12X682,Fannie Lou Hamer Freedom High School,HS,4.0633333333333335,21
2024,12X684,Wings Academy,HS,2.6604,25
2024,12X691,Bronx Little School,EMS,2.9707142857142856,14
2024,13K003,P.S. 003 The Bedford Village,EMS,2.2575,8
2024,13K008,The Emily Warren Roebling School,EMS,4.1,8
2024,13K009,Public School 9 The Sarah Smith Garnet School,EMS,2.9366666666666665,12
2024,13K011,P.S. 011 Purvis J. Behan,EMS,4.397142857142858,7
2024,13K020,P.S. 020 Clinton Hill,EMS,3.0892307692307694,13
2024,13K044,P.S. 044 Marcus Garvey,EMS,2.83875,8
2024,13K046,P.S. 046 Edward C. Blum,EMS,2.8593333333333333,15
2024,13K054,P.S. 54 The Detective Rafael Ramos School,EMS,2.8433333333333333,6
2024,13K056,P.S. 056 Lewis H. Latimer,EMS,2.73,9
2024,13K067,P.S. 067 Charles A. Dorsey,EMS,2.8545454545454545,11
2024,13K093,P.S. 093 William H. Prescott,EMS,2.275714285714286,7
2024,13K113,M.S. 113 Ronald Edmonds Learning Center,EMS,2.43,25
2024,13K133,P.S. 133 William A. Butler,EMS,3.3411764705882354,17
2024,13K256,P.S. 256 Benjamin Banneker,EMS,1.8284615384615384,13
2024,13K265,Dr. Susan S. McKinney Secondary School of the Arts,HS,2.4864,25
2024,13K266,M.S. K266 - Park Place Community Middle School,EMS,2.823,20
2024,13K270,P.S. 270 Johann DeKalb,EMS,2.002,5
2024,13K282,P.S. 282 Park Slope,EMS,2.7592307692307694,13
2024,13K287,P.S. 287 Bailey K. Ashford,EMS,1.696,5
2024,13K301,Restoration Academy,EMS,2.320869565217391,23
2024,13K307,P.S. 307 Daniel Hale Williams,EMS,2.01,14
2024,13K313,Dock Street School for STEAM Studies,EMS,2.5136363636363637,22
2024,13K350,Urban Assembly School of Music and Art,HS,2.9683333333333333,24
2024,13K351,The Urban Assembly Unison School,EMS,2.899583333333333,24
2024,13K412,Brooklyn Community Arts & Media High School (BCAM),HS,3.2964,25
2024,13K419,"Science Skills Center High School for Science, Technology and the Creative Arts",HS,4.4112,25
2024,13K430,Brooklyn Technical High School,HS,4.7928,25
2024,13K439,Brooklyn International High School,HS,3.58,19
2024,13K483,The Urban Assembly School for Law and Justice,HS,3.5788,25
2024,13K492,Academy of Arts and Letters,EMS,3.005217391304348,23
2024,13K527,Urban Assembly Institute of Math and Science for Young Women,EMS,2.7894444444444444,18
2024,13K527,Urban Assembly Institute of Math and Science for Young Women,HS,3.8075,24
2024,13K553,Brooklyn Academy High School,HST,2.3620833333333335,24
2024,13K594,Gotham Professional Arts Academy,HS,3.288,20
2024,13K595,Bedford Academy High School,HS,4.079583333333334,24
2024,13K605,George Westinghouse Career and Technical Education High School,HS,3.3824,25
2024,13K616,Brooklyn High School for Leadership and Community Service,HST,3.0115384615384615,26
2024,13K670,Benjamin Banneker Academy,HS,3.48375,24
2024,13K674,"City Polytechnic High School of Engineering, Architecture, and Technology",HS,2.7936,25
2024,13K691,Fort Greene Preparatory Academy,EMS,2.5875,24
2024,13K915,Bridges: A School for Exploration and Equity,EMS,3.8545,20
2024,13K963,Design Works High School,HS,4.214545454545455,11
2024,14K016,P.S. 016 Leonard Dunkly,EMS,3.07375,8
2024,14K017,P.S. 017 Henry D. Woodworth,EMS,4.1984615384615385,13
2024,14K018,P.S. 018 Edward Bush,EMS,2.5733333333333333,9
2024,14K023,P.S. 023 Carter G. Woodson,EMS,2.942857142857143,14
2024,14K031,P.S. 031 Samuel F. Dupont,EMS,4.614444444444445,9
2024,14K034,P.S. 034 Oliver H. Perry,EMS,4.3012500000000005,8
2024,14K050,J.H.S. 050 John D. Wells,EMS,4.3216,25
2024,14K059,P.S. 059 The Dawn Best School,EMS,2.560625,16
2024,14K071,Juan Morel Campos Secondary School,EMS,2.6018181818181816,22
2024,14K071,Juan Morel Campos Secondary School,HS,2.8153846153846156,26
2024,14K084,P.S. 084 Jose De Diego,EMS,2.9652,25
2024,14K110,P.S. 110 The Monitor,EMS,3.76625,8
2024,14K120,P.S. 120 Carlos Tapia,EMS,3.242777777777778,18
2024,14K126,John Ericsson Middle School 126,EMS,3.7528,25
2024,14K132,P.S. 132 The Conselyea School,EMS,4.109166666666667,12
2024,14K147,P.S. 147 Isaac Remsen,EMS,3.881666666666667,6
2024,14K157,P.S./I.S. 157 The Benjamin Franklin Health & Science Academy,EMS,2.4704347826086956,23
2024,14K196,P.S. 196 Ten Eyck,EMS,2.424166666666667,12
2024,14K250,P.S. 250 George H. Lindsay,EMS,2.7672222222222222,18
2024,14K257,P.S. 257 John F. Hylan,EMS,4.525,18
2024,14K297,P.S. 297 Abraham Stockton,EMS,4.33,13
2024,14K318,I.S. 318 Eugenio Maria De Hostos,EMS,3.987391304347826,23
2024,14K319,P.S. 319,EC,1.0,2
2024,14K380,P.S. 380 John Wayne Elementary,EMS,3.0111764705882353,17
2024,14K414,Brooklyn Arbor Elementary School,EMS,3.355,14
2024,14K449,"Brooklyn Latin School, The",HS,4.920434782608695,23
2024,14K454,The Williamsburg High School of Art and Technology,HS,3.6580769230769232,26
2024,14K474,PROGRESS High School for Professional Careers,HS,3.022307692307692,26
2024,14K477,East Williamsburg Scholars Academy,HS,3.0446153846153847,26
2024,14K478,"The High School for Enterprise, Business and Technology",HS,2.852307692307692,26
2024,14K488,Brooklyn Preparatory High School,HS,2.9172,25
2024,14K558,Williamsburg High School for Architecture and Design,HS,4.35,25
2024,14K561,Williamsburg Preparatory School,HS,3.3052,25
2024,14K577,Conselyea Preparatory School,EMS,3.318,25
2024,14K582,M.S. 582,EMS,4.390740740740741,27
2024,14K586,Lyons Community School,EMS,2.458421052631579,19
2024,14K586,Lyons Community School,HS,2.197,20
2024,14K610,A-Tech High School,HS,3.6688,25
2024,14K614,Young Women's Leadership School of Brooklyn,EMS,2.0555555555555554,18
2024,14K614,Young Women's Leadership School of Brooklyn,HS,3.2941666666666665,24
2024,14K685,El Puente Academy for Peace and Justice,HS,2.8773684210526316,19
2024,15K001,P.S. 001 The Bergen,EMS,2.355,18
2024,15K010,"Magnet School of Math, Science and Design Technology",EMS,4.081428571428572,14
2024,15K015,P.S. 015 Patrick F. Daly,EMS,2.1375,16
2024,15K024,P.S. 024,EMS,2.719375,16
2024,15K029,P.S. 029 John M. Harrigan,EMS,4.391538461538461,13
2024,15K032,P.S. 032 Samuel Mills Sprole,EMS,3.59,12
2024,15K038,P.S. 038 The Pacific,EMS,3.3,10
2024,15K039,P.S. 039 Henry Bristow,EMS,4.44125,8
2024,15K051,M.S. 51 William Alexander,EMS,3.477037037037037,27
2024,15K058,P.S. 058 The Carroll,EMS,4.195384615384615,13
2024,15K088,J.H.S. 088 Peter Rouget,EMS,3.0232,25
2024,15K094,P.S. 094 The Henry Longfellow,EMS,2.9366666666666665,18
2024,15K107,P.S. 107 John W. Kimball,EMS,4.511111111111111,9
2024,15K118,The Maurice Sendak Community School,EMS,3.98625,8
2024,15K124,P.S. 124 Silas B. Dutcher,EMS,2.047142857142857,14
2024,15K130,P.S. 130 The Parkside,EMS,2.9635714285714285,14
2024,15K131,P.S. 131 Brooklyn,EMS,3.450555555555556,18
2024,15K136,I.S. 136 Charles O. Dewey,EMS,2.7868,25
2024,15K146,"The Brooklyn New School, P.S. 146",EMS,3.9775,4
2024,15K154,The Windsor Terrace School,EMS,3.9588888888888887,9
2024,15K169,P.S. 169 Sunset Park,EMS,3.2214285714285715,14
2024,15K172,P.S. 172 Beacon School of Excellence,EMS,4.4575000000000005,12
2024,15K230,P.S. 230 Doris L. Cohen,EMS,3.382857142857143,14
2024,15K261,P.S. 261 Zipporiah Mills,EMS,2.5554545454545456,11
2024,15K295,P.S. 295,EMS,3.0075000000000003,12
2024,15K321,P.S. 321 William Penn,EMS,4.556153846153846,13
2024,15K418,The Children's School,EMS,3.2657142857142856,7
2024,15K423,Brooklyn Frontiers High School,HST,3.648076923076923,26
2024,15K428,Global Innovators Academy,EMS,3.473333333333333,15
2024,15K429,Digital Arts and Cinema Technology High School,HS,4.5424,25
2024,15K442,M.S. 442 Carroll Gardens School for Innovation,EMS,4.608095238095238,21
2024,15K443,New Voices School of Academic & Creative Arts,EMS,4.482608695652174,23
2024,15K447,The Exploratory School,EMS,4.553181818181818,22
2024,15K448,Brooklyn Collaborative Studies,EMS,2.3605882352941174,17
2024,15K448,Brooklyn Collaborative Studies,HS,3.3515,20
2024,15K462,John Jay School for Law,HS,2.8488,25
2024,15K463,Cyberarts Studio Academy,HS,3.8115384615384613,26
2024,15K464,Park Slope Collegiate,EMS,2.5127777777777776,18
2024,15K464,Park Slope Collegiate,HS,3.0732,25
2024,15K497,The Boerum Hill School for International Studies,EMS,3.1313636363636363,22
2024,15K497,The Boerum Hill School for International Studies,HS,3.1616,25
2024,15K516,Sunset Park Avenues Elementary School,EMS,2.7512499999999998,16
2024,15K519,Cobble Hill School of American Studies,HS,3.086,25
2024,15K529,West Brooklyn Community High School,HST,4.381923076923077,26
2024,15K592,Khalil Gibran International Academy,HS,2.6791666666666667,24
2024,15K656,Brooklyn High School of the Arts,HS,3.8,25
2024,15K667,Sunset Park High School,HS,3.3657692307692306,26
2024,15K676,Red Hook Neighborhood School,EMS,3.2676470588235293,17
2024,15K684,Millennium Brooklyn HS,HS,4.7964,25
2024,15K698,South Brooklyn Community High School,HST,3.9645833333333336,24
2024,15K821,Sunset Park Prep,EMS,2.8648,25
2024,15K839,M.S. 839,EMS,3.0982608695652174,23
2024,15K896,The School of Creativity and Innovation,EMS,3.7853333333333334,15
2024,16K005,P.S. 005 Dr. Ronald McNair,EMS,3.7133333333333334,6
2024,16K021,P.S. 021 Crispus Attucks,EMS,4.295,12
2024,16K025,P.S. 025 Eubie Blake School,EMS,2.46,5
2024,16K026,P.S. 026 Jesse Owens,EMS,3.2392307692307694,13
2024,16K035,M.S. 035 Stephen Decatur,EMS,4.586818181818182,22
2024,16K040,P.S. 040 George W. Carver,EMS,4.359,10
2024,16K057,Whitelaw Reid Academy of Arts and Business,EMS,2.595,20
2024,16K081,P.S. 081 Thaddeus Stevens,EMS,2.3666666666666667,9
2024,16K243,P.S. 243K- The Weeksville School,EMS,2.062222222222222,9
2024,16K262,P.S. 262 El Hajj Malik El Shabazz Elementary School,EMS,3.54,5
2024,16K267,"M.S. 267 Math, Science & Technology",EMS,4.1353333333333335,15
2024,16K308,P.S. 308 Clara Cardwell,EMS,1.9088888888888889,18
2024,16K309,P.S. 309 The George E. Wibecan Preparatory Academy,EMS,3.185,6
2024,16K335,P.S. 335 Granville T. Woods,EMS,3.6942857142857144,7
2024,16K455,Boys and Girls High School,HS,1.6704,25
2024,16K498,Brooklyn High School for Law and Technology,HS,2.5153846153846153,26
2024,16K627,Brighter Choice Community School,EMS,2.415,8
2024,16K628,Brooklyn Brownstone School,EMS,4.367142857142857,7
2024,16K669,Research and Service High School,HST,1.8157692307692308,26
2024,16K681,Madiba Prep Middle School,EMS,3.6979166666666665,24
2024,16K688,The Brooklyn Academy of Global Finance,HS,2.6975,24
2024,16K765,Nelson Mandela High School,HS,2.277083333333333,24
2024,16K898,The Brooklyn Green School,EMS,3.475,22
2024,17K002,Parkside Preparatory Academy,EMS,3.4884,25
2024,17K006,Norma Adams Clemons Academy,EMS,2.6377777777777776,18
2024,17K012,Dr. Jacqueline Peek-Davis School,EMS,2.7842857142857143,7
2024,17K061,M.S. 061 Dr. Gladstone H. Atwell,EMS,2.6221739130434782,23
2024,17K091,P.S. 091 The Albany Avenue School,EMS,3.486,10
2024,17K092,P.S. 092 Adrian Hegeman,EMS,3.450833333333333,12
2024,17K122,Pathways in Technology Early College High School (P-Tech),HS,2.8452,25
2024,17K138,P.S. 138 Brooklyn,EMS,3.0357142857142856,21
2024,17K161,P.S. 161 The Crown,EMS,2.9386666666666668,15
2024,17K181,P.S. 181 Brooklyn,EMS,2.7824,25
2024,17K189,P.S. 189 The Bilingual Center,EMS,3.029259259259259,27
2024,17K191,P.S. 191 Paul Robeson,EMS,3.3583333333333334,6
2024,17K221,P.S. 221 Toussaint L'Ouverture,EMS,2.6140000000000003,5
2024,17K241,P.S. 241 Emma L. Johnston,EMS,4.263846153846154,13
2024,17K246,M.S. 246 Walt Whitman,EMS,2.7856,25
2024,17K249,P.S. 249 The Caton,EMS,4.7152631578947375,19
2024,17K289,P.S. 289 George V. Brower,EMS,4.096363636363637,11
2024,17K316,P.S. 316 Elijah Stroud,EMS,4.0746153846153845,13
2024,17K340,I.S. 340,EMS,2.37,22
2024,17K352,Ebbets Field Middle School,EMS,4.451304347826087,23
2024,17K353,Elijah Stroud Middle School,EMS,3.265,22
2024,17K354,The School of Integrated Learning,EMS,4.3533333333333335,21
2024,17K375,P.S. 375 Jackie Robinson School,EMS,4.124545454545455,11
2024,17K382,Academy for College Preparation and Career Exploration: A College Board School,EMS,3.19,22
2024,17K382,Academy for College Preparation and Career Exploration: A College Board School,HS,3.1904166666666667,24
2024,17K394,M.S. K394,EMS,2.783157894736842,19
2024,17K397,P.S. 397 Foster-Laurie,EMS,3.156,5
2024,17K398,P.S. 398 Walter Weaver,EMS,2.3971428571428572,14
2024,17K399,P.S. 399 Stanley Eugene Clark,EMS,2.07,6
2024,17K408,Academy of Hospitality and Tourism,HS,2.941153846153846,26
2024,17K484,Ronald Edmonds Learning Center II,EMS,4.118666666666667,15
2024,17K524,International High School at Prospect Heights,HS,3.7775,20
2024,17K528,The High School for Global Citizenship,HS,2.9295833333333334,24
2024,17K532,New Bridges Elementary,EMS,3.4657142857142857,14
2024,17K537,High School for Youth and Community Development at Erasmus,HS,3.4923076923076923,26
2024,17K539,High School for Service & Learning at Erasmus,HS,3.3848000000000003,25
2024,17K543,"Science, Technology and Research Early College High School at Erasmus",EMS,4.515294117647059,17
2024,17K543,"Science, Technology and Research Early College High School at Erasmus",HS,4.7672,25
2024,17K546,High School for Public Service: Heroes of Tomorrow,HS,3.05375,24
2024,17K547,Brooklyn Academy of Science and the Environment,HS,3.4188,25
2024,17K548,Brooklyn School for Music & Theatre,HS,3.07125,24
2024,17K568,Brownsville Academy High School,HST,3.4295652173913043,23
2024,17K590,Medgar Evers College Preparatory School,EMS,3.93,15
2024,17K590,Medgar Evers College Preparatory School,HS,4.11625,24
2024,17K600,Clara Barton High School,HS,2.1792307692307693,26
2024,17K646,Aspirations Diploma Plus High School,HST,2.9032,25
2024,17K705,Brooklyn Arts and Science Elementary School,EMS,2.990666666666667,15
2024,17K722,New Heights Middle School,EMS,2.396,25
2024,17K745,Brooklyn Institute for Liberal Arts,HS,3.0008,25
2024,17K751,Academy for Health Careers,HS,1.9329166666666666,24
2024,17K770,P.S. 770 New American Academy,EMS,3.67375,8
2024,18K066,P.S. 66,EMS,3.0725,24
2024,18K068,I.S. 068 Isaac Bildersee,EMS,2.6585714285714284,21
2024,18K114,P.S. 114 Ryder Elementary,EMS,4.1850000000000005,18
2024,18K115,P.S. 115 Daniel Mucatel School,EMS,2.8594444444444447,18
2024,18K135,P.S. 135 Sheldon A. Brookner,EMS,2.723125,16
2024,18K208,P.S. 208 Elsa Ebeling,EMS,4.1466666666666665,9
2024,18K211,I.S. 211 John Wilson,EMS,3.2612,25
2024,18K219,P.S. 219 Kennedy-King,EMS,2.739333333333333,15
2024,18K233,P.S. 233 Langston Hughes,EMS,3.908,10
2024,18K235,P.S. 235 Janice Marie Knight School,EMS,2.78,15
2024,18K244,P.S. 244 Richard R. Green,EMS,3.947777777777778,9
2024,18K268,P.S. 268 Emma Lazarus,EMS,3.479,10
2024,18K272,P.S. 272 Curtis Estabrook,EMS,2.74125,16
2024,18K276,P.S. 276 Louis Marshall,EMS,4.24,10
2024,18K279,P.S. 279 Herman Schreiber,EMS,3.2044444444444444,9
2024,18K285,I.S. 285 Meyer Levin,EMS,2.6321739130434785,23
2024,18K366,The Science And Medicine Middle School,EMS,2.456,25
2024,18K563,It Takes a Village Academy,HS,2.9188,25
2024,18K566,Brooklyn Community High School for Excellence and Equity,HS,2.7252,25
2024,18K567,Brooklyn Theatre Arts High School,HS,3.162916666666667,24
2024,18K569,Kurt Hahn Expeditionary Learning School,HS,3.4026315789473687,19
2024,18K576,Victory Collegiate High School,HS,2.899583333333333,24
2024,18K578,Brooklyn Bridge Academy,HST,4.1657692307692304,26
2024,18K581,"The Middle School of Media, Law and Fine Arts",EMS,3.7973913043478262,23
2024,18K588,Middle School for Art and Philosophy,EMS,2.463913043478261,23
2024,18K617,High School for Innovation in Advertising and Media,HS,3.072,25
2024,18K629,Cultural Academy for the Arts and Sciences,HS,3.6968,25
2024,18K633,High School for Medical Professions,HS,2.8416,25
2024,18K635,Olympus Academy,HST,3.5904166666666666,24
2024,18K637,Academy for Conservation and the Environment,HS,3.2324,25
2024,18K642,Urban Action Academy,HS,1.8183333333333334,24
2024,18K673,East Brooklyn Community High School,HST,3.0753846153846154,26
2024,18K763,Brooklyn Science and Engineering Academy,EMS,4.1525,24
2024,18K961,Lenox Academy M. S. 961,EMS,4.284285714285715,21
2024,19K007,P.S. 007 Abraham Lincoln,EMS,2.8005555555555555,18
2024,19K013,P.S. 013 Roberto Clemente,EMS,3.2611764705882353,17
2024,19K065,P.S. 065,EMS,4.177142857142857,14
2024,19K089,P.S. 089 Cypress Hills,EMS,2.8217391304347825,23
2024,19K108,P.S. 108 Sal Abbracciamento,EMS,4.698888888888889,18
2024,19K149,P.S. 149 Danny Kaye,EMS,4.46,18
2024,19K158,P.S. 158 Warwick,EMS,2.737142857142857,14
2024,19K159,P.S. 159 Isaac Pitkin,EMS,2.555,18
2024,19K171,I.S. 171 Abraham Lincoln,EMS,2.9684,25
2024,19K190,P.S. 190 Sheffield,EMS,3.592,5
2024,19K202,P.S. 202 Ernest S. Jenkyns,EMS,2.41,12
2024,19K213,P.S. 213 New Lots,EMS,2.777,10
2024,19K214,P.S. 214 Michael Friedsam,EMS,2.557777777777778,18
2024,19K218,J.H.S. 218 James P. Sinnott,EMS,2.5,25
2024,19K224,P.S. 224 Hale A. Woodruff,EMS,2.757857142857143,14
2024,19K273,P.S. 273 Wortman,EMS,2.079230769230769,13
2024,19K290,P.S. 290 Juan Morel Campos,EMS,2.48625,16
2024,19K292,J.H.S. 292 Margaret S. Douglas,EMS,2.1152,25
2024,19K306,P.S. 306 Ethan Allen,EMS,4.180714285714286,14
2024,19K325,The Fresh Creek School,EMS,3.934,10
2024,19K328,P.S. 328 Phyllis Wheatley,EMS,3.985,10
2024,19K345,P.S. 345 Patrolman Robert Bolden,EMS,2.7,16
2024,19K346,P.S. 346 Abe Stark,EMS,3.954375,16
2024,19K404,Academy for Young Writers,EMS,2.253,20
2024,19K404,Academy for Young Writers,HS,3.1754166666666666,24
2024,19K409,East New York Family Academy,EMS,2.113,20
2024,19K409,East New York Family Academy,HS,3.372,25
2024,19K422,Spring Creek Community School,EMS,2.09,20
2024,19K422,Spring Creek Community School,HS,2.3633333333333333,24
2024,19K452,Frederick Douglass Academy VIII Middle School,EMS,2.4095454545454547,22
2024,19K502,FDNY - Captain Vernon A. Richard High School for Fire and Life Safety,HS,2.8964,25
2024,19K507,Performing Arts and Technology High School,HS,3.710769230769231,26
2024,19K510,World Academy for Total Community Health High School,HS,1.7936,25
2024,19K557,Brooklyn Gardens Elementary School,EMS,3.90375,16
2024,19K583,Multicultural High School,HS,3.9091666666666667,24
2024,19K615,Transit Tech Career and Technical Education High School,HS,3.378,25
2024,19K618,Academy of Innovative Technology,HS,3.8408,25
2024,19K639,Brooklyn Lab School,HS,3.2112,25
2024,19K654,Van Siclen Community Middle School,EMS,3.5324,25
2024,19K659,Cypress Hills Collegiate Preparatory School,HS,4.1336,25
2024,19K660,W. H. Maxwell Career and Technical Education High School,HS,2.9642307692307694,26
2024,19K661,Vista Academy,EMS,3.2952,25
2024,19K662,Liberty Avenue Middle School,EMS,2.768,25
2024,19K663,School of the Future Brooklyn,EMS,2.8138095238095238,21
2024,19K677,East New York Elementary School of Excellence,EMS,2.220625,16
2024,19K678,East New York Middle School of Excellence,EMS,2.4936,25
2024,19K683,School for Classics High School,HS,2.7780769230769233,26
2024,19K760,Highland Park Community School,EMS,4.059565217391304,23
2024,19K764,The Urban Assembly School for Collaborative Healthcare,HS,2.7441666666666666,24
2024,19K907,Legacy School of the Arts,EMS,1.7921739130434782,23
2024,19K935,M.S. 935,EMS,1.9076,25
2024,19K938,P.S. 938,EMS,2.546,5
2024,19K953,The East New York Arts and Civics High School,HS,2.67,23
2024,19K965,Bard High School Early College Brooklyn,HS,3.9875,8
2024,20K030,P.S./I.S. 30 Mary White Ovington,EMS,2.9604,25
2024,20K048,P.S. 048 Mapleton,EMS,3.113888888888889,18
2024,20K062,J.H.S. 062 Ditmas,EMS,2.596,25
2024,20K069,P.S. 69 Vincent D. Grippo School,EMS,4.2907142857142855,14
2024,20K102,P.S. 102 The Bayview,EMS,3.31,14
2024,20K104,P.S./I.S. 104 The Fort Hamilton School,EMS,3.196,25
2024,20K105,P.S. 105 The Blythebourne,EMS,4.230714285714286,14
2024,20K112,P.S. 112 Lefferts Park,EMS,3.2586666666666666,15
2024,20K127,P.S. 127 McKinley Park,EMS,4.053571428571429,14
2024,20K160,P.S. 160 William T. Sampson,EMS,3.82875,16
2024,20K163,P.S. 163 Bath Beach,EMS,4.070952380952381,21
2024,20K164,P.S. 164 Caesar Rodney,EMS,4.187058823529412,17
2024,20K170,Ralph A. Fabrizio School,EMS,3.7906666666666666,15
2024,20K176,P.S. 176 Ovington,EMS,3.687222222222222,18
2024,20K179,P.S. 179 Kensington,EMS,2.643076923076923,13
2024,20K180,The SEEALL Academy,EMS,3.1264,25
2024,20K185,P.S. 185 Walter Kassenbrock,EMS,3.5542857142857143,14
2024,20K186,P.S. 186 Dr. Irving A Gladstone,EMS,4.057777777777778,18
2024,20K187,The Christa McAuliffe School\I.S. 187,EMS,4.593478260869565,23
2024,20K192,P.S. 192 - The Magnet School for Math and Science Inquiry,EMS,3.0675,24
2024,20K200,P.S. 200 Benson School,EMS,2.698125,16
2024,20K201,The Madeleine Brennan School,EMS,4.2844,25
2024,20K204,P.S. 204 Vince Lombardi,EMS,3.131111111111111,18
2024,20K205,P.S. 205 Clarion,EMS,3.357142857142857,14
2024,20K220,J.H.S. 220 John J. Pershing,EMS,3.9003703703703705,27
2024,20K223,J.H.S. 223 The Montauk,EMS,2.794,25
2024,20K227,J.H.S. 227 Edward B. Shallow,EMS,2.9352,25
2024,20K229,P.S. 229 Dyker,EMS,3.3195833333333336,24
2024,20K247,P.S. 247 Brooklyn,EMS,3.702857142857143,14
2024,20K259,J.H.S. 259 William McKinley,EMS,4.225925925925926,27
2024,20K264,P.S. 264 Bay Ridge Elementary School For The Arts,EMS,3.979285714285714,14
2024,20K310,The School For Future Leaders,EMS,3.746875,16
2024,20K407,"School of Technology, Arts, and Research",EMS,3.571111111111111,18
2024,20K445,New Utrecht High School,HS,2.3846153846153846,26
2024,20K485,High School of Telecommunication Arts and Technology,HS,3.338076923076923,26
2024,20K490,Fort Hamilton High School,HS,3.058076923076923,26
2024,20K503,P.S. 503: The School of Discovery,EMS,3.50875,16
2024,20K505,Franklin Delano Roosevelt High School,HS,2.326923076923077,26
2024,20K506,P.S. 506: The School of Journalism & Technology,EMS,2.835,18
2024,20K609,Urban Assembly School for Leadership and Empowerment,EMS,3.5876190476190475,21
2024,20K609,Urban Assembly School for Leadership and Empowerment,HS,3.5052,25
2024,20K682,The Academy of Talented Scholars,EMS,3.87,14
2024,20K686,Brooklyn School of Inquiry,EMS,4.413333333333333,18
2024,20K748,P.S. 748 Brooklyn School for Global Scholars,EMS,3.2792857142857144,14
2024,20K936,MS 936 Arts Off 3rd,EMS,4.0312,25
2024,20K939,Sunset School of Cultural Learning,EMS,3.296923076923077,13
2024,20K971,"School of Math, Science, and Healthy Living",EMS,3.0644444444444443,9
2024,21K090,P.S. 90 Edna Cohen School,EMS,4.133571428571429,14
2024,21K095,P.S. 095 The Gravesend,EMS,3.5384,25
2024,21K096,I.S. 096 Seth Low,EMS,3.2448,25
2024,21K097,P.S. 97 The Highlawn,EMS,3.3806666666666665,15
2024,21K098,I.S. 98 Bay Academy,EMS,4.562,25
2024,21K099,P.S. 099 Isaac Asimov,EMS,2.8744,25
2024,21K100,P.S. 100 The Coney Island School,EMS,3.635,16
2024,21K101,P.S. 101 The Verrazano,EMS,4.08,14
2024,21K121,P.S. 121 Nelson A. Rockefeller,EMS,3.586190476190476,21
2024,21K128,P.S. 128 Bensonhurst,EMS,2.617142857142857,14
2024,21K153,P.S. 153 Homecrest,EMS,2.2327777777777778,18
2024,21K177,P.S. 177 The Marlboro,EMS,3.657142857142857,14
2024,21K188,P.S. 188 Michael E. Berdy,EMS,2.392857142857143,14
2024,21K199,P.S. 199 Frederick Wachtel,EMS,2.814375,16
2024,21K209,P.S. 209 Margaret Mead,EMS,3.1919999999999997,25
2024,21K212,P.S. 212 Lady Deborah Moody,EMS,3.05125,16
2024,21K215,P.S. 215 Morris H. Weiss,EMS,2.744666666666667,15
2024,21K216,P.S. 216 Arturo Toscanini,EMS,3.6021428571428573,14
2024,21K225,P.S. K225 - The Eileen E. Zaglin,EMS,2.402173913043478,23
2024,21K226,P.S. 226 Alfred De B. Mason,EMS,2.8376,25
2024,21K228,I.S. 228 David A. Boody,EMS,3.8811999999999998,25
2024,21K238,P.S. 238 Anne Sullivan,EMS,2.8376,25
2024,21K239,Mark Twain I.S. 239 for the Gifted & Talented,EMS,4.674,20
2024,21K253,P.S. 253,EMS,3.70875,16
2024,21K281,I.S. 281 Joseph B Cavallaro,EMS,3.438,25
2024,21K288,P.S. 288 The Shirley Tanyhill,EMS,1.9468,25
2024,21K303,I.S. 303 Herbert S. Eisenberg,EMS,3.3104,25
2024,21K329,P.S. 329 Surfside,EMS,2.850625,16
2024,21K337,International High School at Lafayette,HS,3.9215,20
2024,21K344,Rachel Carson High School for Coastal Studies,HS,3.6353846153846154,26
2024,21K348,High School of Sports Management,HS,2.9707692307692306,26
2024,21K410,Abraham Lincoln High School,HS,2.9669230769230768,26
2024,21K468,Kingsborough Early College School,EMS,2.6717391304347826,23
2024,21K468,Kingsborough Early College School,HS,4.5068,25
2024,21K525,Edward R. Murrow High School,HS,2.581153846153846,26
2024,21K540,John Dewey High School,HS,2.5288461538461537,26
2024,21K559,Life Academy High School for Film and Music,HS,2.988,25
2024,21K572,Leaders High School,HS,3.8857142857142857,21
2024,21K620,William E. Grady Career and Technical Education High School,HS,2.231923076923077,26
2024,21K690,Brooklyn Studio Secondary School,EMS,3.0316,25
2024,21K690,Brooklyn Studio Secondary School,HS,2.88,26
2024,21K728,Liberation Diploma Plus,HST,3.64,26
2024,22K014,J.H.S. 014 Shell Bank,EMS,2.7552,25
2024,22K052,P.S. 052 Sheepshead Bay,EMS,2.48625,16
2024,22K078,J.H.S. 078 Roy H. Mann,EMS,3.5032,25
2024,22K109,P.S. 109,EMS,3.37,25
2024,22K119,P.S. 119 Amersfort,EMS,2.636111111111111,18
2024,22K134,P.S. K134,EMS,4.61,12
2024,22K139,P.S. 139 Alexine A. Fenty,EMS,2.723333333333333,18
2024,22K152,School of Science & Technology,EMS,3.09,18
2024,22K193,P.S. 193 Gil Hodges,EMS,2.8464285714285715,14
2024,22K194,P.S. 194 Raoul Wallenberg,EMS,2.4329411764705884,17
2024,22K195,P.S. 195 Manhattan Beach,EMS,4.46,11
2024,22K197,P.S. 197 - The Kings Highway Academy,EMS,3.3075,16
2024,22K198,P.S. 198 Brooklyn,EMS,3.5681818181818183,11
2024,22K203,P.S. 203 Floyd Bennett School,EMS,3.361111111111111,18
2024,22K206,P.S. 206 Joseph F Lamb,EMS,3.0668,25
2024,22K207,P.S. 207 Elizabeth G. Leary,EMS,2.924,25
2024,22K217,P.S. 217 Colonel David Marcus School,EMS,2.483888888888889,18
2024,22K222,P.S. 222 Katherine R. Snyder,EMS,3.7264285714285714,14
2024,22K234,J.H.S. 234 Arthur W. Cunningham,EMS,3.2556,25
2024,22K236,P.S. 236 Mill Basin,EMS,3.772857142857143,14
2024,22K240,Andries Hudde,EMS,2.7744,25
2024,22K245,P.S. 245,EMS,3.995,14
2024,22K251,P.S. 251 Paerdegat,EMS,2.2973333333333334,15
2024,22K254,P.S. 254 Dag Hammarskjold,EMS,3.177142857142857,14
2024,22K255,P.S. 255 Barbara Reing School,EMS,3.184285714285714,14
2024,22K277,P.S. 277 Gerritsen Beach,EMS,3.4657142857142857,14
2024,22K278,J.H.S. 278 Marine Park,EMS,2.6048,25
2024,22K312,P.S. 312 Bergen Beach,EMS,3.251176470588235,17
2024,22K315,P.S. K315,EMS,2.9094444444444445,18
2024,22K326,P.S. 326,EC,3.2199999999999998,2
2024,22K361,P.S. 361 East Flatbush Early Childhood School,EMS,2.6315384615384616,13
2024,22K381,I. S. 381,EMS,3.3836,25
2024,22K405,Midwood High School,HS,3.9123076923076923,26
2024,22K425,James Madison High School,HS,3.0488461538461538,26
2024,22K535,Leon M. Goldstein High School for the Sciences,HS,4.2057692307692305,26
2024,22K555,Brooklyn College Academy,HS,4.7664,25
2024,22K611,Origins High School,HS,3.0569230769230766,26
2024,22K630,Professional Pathways High School,HST,4.657407407407407,27
2024,22K889,P.S. 889,EMS,3.5825,12
2024,22K890,M.S. 890,EMS,3.616,25
2024,23K041,P.S. 041 Francis White,EMS,2.9514285714285715,7
2024,23K137,P.S. 137 Rachel Jean Mitchell,EMS,3.5075000000000003,8
2024,23K150,P.S. 150 Christopher,EMS,1.958,5
2024,23K155,P.S./ I.S. 155 Nicholas Herkimer,EMS,2.7595238095238095,21
2024,23K156,P.S. 156 Waverly,EMS,3.279375,16
2024,23K165,P.S. 165 Ida Posner,EMS,3.412,5
2024,23K178,P.S. 178 Saint Clair Mckelway,EMS,2.692173913043478,23
2024,23K184,P.S. 184 Newport,EMS,2.3076,25
2024,23K284,"The Gregory Jocko Jackson School of Sports, Art, and Technology",EMS,3.068888888888889,9
2024,23K298,P.S. 298 Dr. Betty Shabazz,EMS,1.9111111111111112,9
2024,23K323,P.S./I.S. 323,EMS,3.0566666666666666,9
2024,23K327,P.S. 327 Dr. Rose B. English,EMS,1.98,10
2024,23K363,Brownsville Collaborative Middle School,EMS,3.767,20
2024,23K392,I.S. 392,EMS,3.4633333333333334,24
2024,23K401,Christopher Avenue Community School,EMS,3.4475,8
2024,23K446,Riverdale Avenue Community School,EMS,3.18,13
2024,23K493,Brooklyn Collegiate: A College Board School,HS,2.8956,25
2024,23K514,Frederick Douglass Academy VII High School,HS,3.1256,25
2024,23K518,Kappa V (Knowledge and Power Preparatory Academy),EMS,3.335,14
2024,23K522,Mott Hall IV,EMS,3.166,20
2024,23K599,Brooklyn Landmark Elementary School,EMS,4.1450000000000005,12
2024,23K643,Brooklyn Democracy Academy,HST,2.997692307692308,26
2024,23K644,Eagle Academy for Young Men II,EMS,4.579,20
2024,23K644,Eagle Academy for Young Men II,HS,3.5952,25
2024,23K647,Metropolitan Diploma Plus High School,HST,2.6046153846153848,26
2024,23K664,Brooklyn Environmental Exploration School (BEES),EMS,3.040952380952381,21
2024,23K668,Riverdale Avenue Middle School,EMS,3.4275,20
2024,23K671,Mott Hall Bridges Academy,EMS,1.9620833333333334,24
2024,23K697,Teachers Preparatory High School,HS,2.4856,25
2024,24Q005,I.S. 5 - The Walter Crowley Intermediate School,EMS,3.0712,25
2024,24Q007,P.S. 007 Louis F. Simeone,EMS,4.373571428571428,14
2024,24Q012,P.S. 012 James B. Colgate,EMS,3.243333333333333,18
2024,24Q013,P.S. 013 Clement C. Moore,EMS,3.133888888888889,18
2024,24Q014,P.S. 014 Fairview,EMS,2.542222222222222,18
2024,24Q016,P.S. Q016 The Nancy DeBenedittis School,EMS,2.531111111111111,18
2024,24Q019,P.S. 019 Marino Jeantet,EMS,2.466,20
2024,24Q028,P.S. 28 - The Thomas Emanuel Early Childhood Center,EC,2.9400000000000004,2
2024,24Q049,P.S. 049 Dorothy Bonawit Kole,EMS,2.9412,25
2024,24Q058,P.S. 58 - The School of Heroes,EMS,2.785,18
2024,24Q061,I.S. 061 Leonardo Da Vinci,EMS,3.058,25
2024,24Q068,P.S. 068 Cambridge,EMS,3.897777777777778,18
2024,24Q071,P.S. 071 Forest,EMS,2.87375,16
2024,24Q073,I.S. 73 - The Frank Sansivieri Intermediate School,EMS,3.608888888888889,27
2024,24Q077,Joseph F. Quinn Intermediate School 77,EMS,2.7352,25
2024,24Q081,P.S. 81Q Jean Paul Richter,EMS,3.7800000000000002,18
2024,24Q087,P.S./I.S. 087 Middle Village,EMS,3.725,24
2024,24Q088,P.S. 088 Seneca,EMS,2.7883333333333336,18
2024,24Q089,P.S. 89Q: The Jose Peralta School of Dreamers,EMS,2.924375,16
2024,24Q091,P.S. 091 Richard Arkwright,EMS,2.4627777777777777,18
2024,24Q093,I.S. 093 Ridgewood,EMS,2.4936,25
2024,24Q102,P.S. 102 Bayview,EMS,3.1191999999999998,25
2024,24Q110,P.S. 110,EMS,3.237222222222222,18
2024,24Q113,P.S./I.S. 113 Anthony J. Pranzo,EMS,3.1644,25
2024,24Q119,P.S./I.S. 119 The Glendale,EMS,3.0008695652173913,23
2024,24Q125,I.S. 125 Thom J. McCann Woodside,EMS,2.4048148148148147,27
2024,24Q128,"P.S. 128 The Lorraine Tuzzo, Juniper Valley Elementary School",EMS,3.0252173913043476,23
2024,24Q143,P.S. 143 Louis Armstrong,EMS,2.4766666666666666,18
2024,24Q153,P.S. 153 Maspeth Elem,EMS,2.671111111111111,18
2024,24Q199,P.S. 199 Maurice A. Fitzgerald,EMS,2.8916666666666666,18
2024,24Q211,Elm Tree Elementary School,EMS,3.303888888888889,18
2024,24Q229,P.S. 229 Emanuel Kaplan,EMS,2.643,20
2024,24Q236,International High School for Health Sciences,HS,3.628,20
2024,24Q239,P.S. 239,EMS,2.4575,16
2024,24Q264,Academy of Finance and Enterprise,HS,3.826923076923077,26
2024,24Q267,High School of Applied Communication,HS,3.102692307692308,26
2024,24Q290,A.C.E. Academy for Scholars at the Geraldine Ferraro Campus,EMS,2.75375,16
2024,24Q293,Civic Leadership Academy,HS,3.8873076923076924,26
2024,24Q296,Pan American International High School,HS,4.586,20
2024,24Q299,Bard High School Early College Queens,HS,4.7636,25
2024,24Q305,Learners and Leaders,EMS,3.0277777777777777,18
2024,24Q307,Pioneer Academy,EMS,2.9466666666666668,18
2024,24Q311,Corona Arts & Sciences Academy,EMS,2.6796,25
2024,24Q330,Helen M. Marshall School,EMS,3.4594444444444443,18
2024,24Q343,The Children's Lab School,EMS,3.741111111111111,18
2024,24Q419,MS 419,EMS,2.732083333333333,24
2024,24Q455,Newtown High School,HS,2.934615384615385,26
2024,24Q485,Grover Cleveland High School,HS,2.377307692307692,26
2024,24Q520,Middle College High School at LaGuardia Community College,HS,4.248,20
2024,24Q530,International High School at LaGuardia Community College,HS,4.752105263157895,19
2024,24Q550,High School for Arts and Business,HS,4.405,26
2024,24Q560,"Robert F. Wagner, Jr. Secondary School for Arts and Technology",EMS,3.855714285714286,21
2024,24Q560,"Robert F. Wagner, Jr. Secondary School for Arts and Technology",HS,3.5992,25
2024,24Q585,Maspeth High School,HS,4.531538461538462,26
2024,24Q600,Queens Technical High School,HS,2.8238461538461537,26
2024,24Q610,Aviation Career & Technical Education High School,HS,4.526923076923077,26
2024,24Q744,VOYAGES Preparatory,HST,2.2396296296296296,27
2024,25Q020,P.S. 020 John Bowne,EMS,3.2216666666666667,18
2024,25Q021,P.S. 021 Edward Hart,EMS,3.2355555555555555,18
2024,25Q022,P.S. 022 Thomas Jefferson,EMS,4.112222222222222,18
2024,25Q024,P.S. 024 Andrew Jackson,EMS,4.004705882352941,17
2024,25Q025,I.S. 025 Adrien Block,EMS,3.7676,25
2024,25Q029,P.S. 029 Queens,EMS,3.3225000000000002,16
2024,25Q032,P.S. 032 State Street,EMS,3.6577777777777776,18
2024,25Q079,P.S. 079 Francis Lewis,EMS,4.565,14
2024,25Q107,P.S. 107 Thomas A Dooley,EMS,2.5122222222222224,18
2024,25Q120,P.S. 120 Queens,EMS,2.783333333333333,18
2024,25Q129,P.S. 129 Patricia Larkin,EMS,2.881111111111111,18
2024,25Q130,P.S. 130,EMS,4.300833333333333,12
2024,25Q154,P.S. 154 Queens,EMS,3.2218181818181817,11
2024,25Q163,P.S. 163 Flushing Heights,EMS,4.041875,16
2024,25Q164,P.S. 164 Queens Valley,EMS,3.0820833333333333,24
2024,25Q165,P.S. 165 Edith K. Bergtraum,EMS,3.395,16
2024,25Q169,P.S. 169 Bay Terrace,EMS,3.2192857142857143,14
2024,25Q184,P.S. 184 Flushing Manor,EMS,3.9057142857142857,14
2024,25Q185,J.H.S. 185 Edward Bleeker,EMS,4.1048,25
2024,25Q189,J.H.S. 189 Daniel Carter Beard,EMS,3.1444,25
2024,25Q193,P.S. 193 Alfred J. Kennedy,EMS,4.006923076923077,13
2024,25Q194,J.H.S. 194 William Carr,EMS,3.9344,25
2024,25Q200,P.S./M.S. 200 - The Magnet School of Global Studies and Leadership,EMS,3.164,25
2024,25Q201,P.S. 201 The Discovery School for Inquiry and Research,EMS,3.3644444444444446,9
2024,25Q209,P.S. 209 Clearview Gardens,EMS,4.0430769230769235,13
2024,25Q214,P.S. 214 Cadwallader Colden,EMS,2.9692857142857143,14
2024,25Q219,P.S. 219 Paul Klapper,EMS,3.6424,25
2024,25Q237,I.S. 237,EMS,3.158,25
2024,25Q240,Veritas Academy,HS,2.666153846153846,26
2024,25Q241,Queens High School for Language Studies,HS,4.6664,25
2024,25Q242,P.S. 242 Leonard P. Stavisky Early Childhood School,EC,3.08,2
2024,25Q244,The Active Learning Elementary School,EC,3.755,2
2024,25Q250,I.S. 250 The Robert F. Kennedy Community Middle School,EMS,2.2612,25
2024,25Q252,"Queens School of Inquiry, The",EMS,2.521818181818182,22
2024,25Q252,"Queens School of Inquiry, The",HS,4.385416666666667,24
2024,25Q263,Flushing International High School,HS,4.1675,20
2024,25Q281,East-West School of International Studies,EMS,4.451904761904762,21
2024,25Q281,East-West School of International Studies,HS,4.4788,25
2024,25Q285,World Journalism Preparatory: A College Board School,EMS,4.3705,20
2024,25Q285,World Journalism Preparatory: A College Board School,HS,3.896,25
2024,25Q294,BELL Academy,EMS,4.257727272727273,22
2024,25Q379,College Point Collaborative,EMS,2.5436,25
2024,25Q425,John Bowne High School,HS,2.5092307692307694,26
2024,25Q460,Flushing High School,HS,2.7953846153846156,26
2024,25Q499,"The Queens College School for Math, Science and Technology",EMS,3.83625,24
2024,25Q525,Townsend Harris High School,HS,4.8184000000000005,25
2024,25Q540,Queens Academy High School,HST,4.618518518518519,27
2024,25Q670,Robert F. Kennedy Community High School,HS,3.077692307692308,26
2024,25Q792,North Queens Community High School,HST,2.6145454545454547,22
2024,26Q018,P.S. 018 Winchester,EMS,3.7841666666666667,12
2024,26Q026,P.S. 026 Rufus King,EMS,3.235625,16
2024,26Q031,P.S. 031 Bayside,EMS,3.620769230769231,13
2024,26Q041,P.S. 041 Crocheron,EMS,4.833333333333334,12
2024,26Q046,P.S. 046 Alley Pond,EMS,3.8392857142857144,14
2024,26Q067,J.H.S. 067 Louis Pasteur,EMS,4.510909090909091,22
2024,26Q074,J.H.S. 074 Nathaniel Hawthorne,EMS,4.3408,25
2024,26Q094,P.S. 094 David D. Porter,EMS,4.654166666666667,12
2024,26Q098,P.S. 098 The Douglaston School,EMS,4.4675,8
2024,26Q115,The James J. Ambrose School,EMS,3.347142857142857,14
2024,26Q133,P.S. 133 The Bellerose School of Excellence,EMS,3.202,15
2024,26Q158,M.S. 158 Marie Curie,EMS,4.0772,25
2024,26Q159,P.S. 159,EMS,3.458125,16
2024,26Q162,P.S. 162 John Golden,EMS,3.908,15
2024,26Q172,Irwin Altman Middle School 172,EMS,4.0348,25
2024,26Q173,P.S. 173 Fresh Meadows,EMS,3.34375,16
2024,26Q178,P.S./ IS 178 Holliswood,EMS,2.952857142857143,21
2024,26Q186,P.S. 186 Castlewood,EMS,4.086666666666667,9
2024,26Q188,P.S. 188 Kingsbury,EMS,4.723571428571429,14
2024,26Q191,P.S. 191 Mayflower,EMS,3.002,10
2024,26Q203,P.S. 203 Oakland Gardens,EMS,4.509166666666666,12
2024,26Q205,P.S. 205 Alexander Graham Bell,EMS,4.2625,12
2024,26Q213,P.S. 213 The Carl Ullman School,EMS,2.9185714285714286,14
2024,26Q216,J.H.S. 216 George J. Ryan,EMS,4.507777777777778,27
2024,26Q221,P.S. 221 The North Hills School,EMS,3.960714285714286,14
2024,26Q266,P.S./I.S. 266,EMS,3.1704166666666667,24
2024,26Q315,Business Technology Early College High School,HS,4.346,25
2024,26Q376,P.S. 376,EMS,4.537857142857143,14
2024,26Q415,Benjamin N. Cardozo High School,HS,3.306923076923077,26
2024,26Q430,Francis Lewis High School,HS,3.626153846153846,26
2024,26Q435,Martin Van Buren High School,HS,3.075,26
2024,26Q495,Bayside High School,HS,4.661923076923077,26
2024,26Q566,"Queens High School of Teaching, Liberal Arts and the Sciences",HS,3.166153846153846,26
2024,27Q042,P.S./M.S 042 R. Vernam,EMS,2.694782608695652,23
2024,27Q043,P.S. 043,EMS,2.2963999999999998,25
2024,27Q045,P.S. 045 Clarence Witherspoon,EMS,1.675,12
2024,27Q047,P.S. 047 Chris Galas,EMS,3.1294117647058823,17
2024,27Q051,P.S. 051,EC,2.3899999999999997,2
2024,27Q053,M.S. 053 Brian Piccolo,EMS,3.3452,25
2024,27Q056,P.S. 056 Harry Eichler,EMS,3.1425,16
2024,27Q060,P.S. 060 Woodhaven,EMS,3.6975,16
2024,27Q062,P. S. 62 - Chester Park School,EMS,2.7344444444444447,18
2024,27Q063,P.S. 063 Old South,EMS,3.2716666666666665,18
2024,27Q064,P.S. 064 Joseph P. Addabbo,EMS,2.4892857142857143,14
2024,27Q065,P.S. 65 - The Raymond York Elementary School,EMS,3.0007142857142854,14
2024,27Q066,P.S. 066 Jacqueline Kennedy Onassis,EMS,4.500769230769231,13
2024,27Q090,P.S. 090 Horace Mann,EMS,3.4027777777777777,18
2024,27Q096,P.S. 096,EMS,3.9054545454545453,11
2024,27Q097,P.S. 097 Forest Park,EMS,2.6972222222222224,18
2024,27Q100,P.S. 100 Glen Morris,EMS,2.904375,16
2024,27Q104,P.S. 104 The Bays Water,EMS,2.8566666666666665,18
2024,27Q105,P.S. 105 The Bay School,EMS,2.4415999999999998,25
2024,27Q106,Lighthouse Elementary School,EMS,1.9862499999999998,8
2024,27Q108,P.S. 108 Captain Vincent G. Fowler,EMS,4.055555555555555,18
2024,27Q114,P.S./M.S. 114 Belle Harbor,EMS,3.345263157894737,19
2024,27Q123,P.S. 123,EMS,3.778,15
2024,27Q124,P.S. 124 Osmond A Church,EMS,2.8356,25
2024,27Q137,M.S. 137 America's School of Heroes,EMS,3.4696,25
2024,27Q146,P.S. 146 Howard Beach,EMS,3.4022727272727273,22
2024,27Q155,P.S. 155,EMS,3.98,9
2024,27Q183,P.S. 183 Dr. Richard R. Green,EMS,2.7604,25
2024,27Q197,P.S. 197 The Ocean School,EMS,3.4166666666666665,18
2024,27Q202,J.H.S. 202 Robert H. Goddard,EMS,3.2612,25
2024,27Q207,P.S. 207 Rockwood Park,EMS,3.097826086956522,23
2024,27Q210,J.H.S. 210 Elizabeth Blackwell,EMS,3.3508,25
2024,27Q223,P.S. 223 Lyndon B. Johnson,EMS,2.3183333333333334,18
2024,27Q226,J.H.S. 226 Virgil I. Grissom,EMS,2.4916,25
2024,27Q232,P.S. 232 Lindenwood,EMS,2.9752,25
2024,27Q253,The Randolph Holder School for Social Justice,EMS,2.1572222222222224,18
2024,27Q254,P.S. 254 - The Rosa Parks School,EMS,3.8266666666666667,15
2024,27Q260,Frederick Douglass Academy VI High School,HS,2.888846153846154,26
2024,27Q261,Voyages Prep - South Queens,HST,4.096666666666667,27
2024,27Q262,Channel View School for Research,EMS,2.808181818181818,22
2024,27Q262,Channel View School for Research,HS,3.7288,25
2024,27Q273,P.S. 273,EMS,2.8975,12
2024,27Q282,Knowledge and Power Preparatory Academy VI,EMS,3.6876,25
2024,27Q297,Hawtree Creek Middle School,EMS,4.1808695652173915,23
2024,27Q302,"Queens High School for Information, Research, and Technology",HS,4.203076923076924,26
2024,27Q306,New York City Academy for Discovery,EMS,2.865,18
2024,27Q308,Robert H. Goddard High School of Communication Arts and Technology,HS,4.2524,25
2024,27Q309,Academy of Medical Technology: A College Board School,EMS,2.323478260869565,23
2024,27Q309,Academy of Medical Technology: A College Board School,HS,2.436923076923077,26
2024,27Q314,Epic High School - South,HS,2.4923076923076923,26
2024,27Q316,Queens Explorers Elementary School,EMS,3.772307692307692,13
2024,27Q317,Waterside Children's Studio School,EMS,3.4614285714285713,14
2024,27Q318,Waterside School For Leadership,EMS,3.1216666666666666,24
2024,27Q319,Village Academy,EMS,4.146,25
2024,27Q323,Scholars' Academy,EMS,4.634444444444444,18
2024,27Q323,Scholars' Academy,HS,4.840833333333333,24
2024,27Q324,Rockaway Park High School for Environmental Sustainability,HS,2.2399999999999998,25
2024,27Q333,Goldie Maple Academy,EMS,1.8722727272727273,22
2024,27Q334,Epic High School - North,HS,3.9196153846153847,26
2024,27Q351,Rockaway Collegiate High School,HS,2.145,26
2024,27Q362,Wave Preparatory Elementary School,EMS,4.377,10
2024,27Q377,S.T.A.R. Leadership Academy,EMS,2.665,14
2024,27Q400,August Martin High School,HS,3.9246153846153846,26
2024,27Q475,Richmond Hill High School,HS,3.3723076923076922,26
2024,27Q480,John Adams High School,HS,3.602307692307692,26
2024,27Q650,"High School for Construction Trades, Engineering and Architecture",HS,4.8732,25
2024,28Q008,J.H.S. 008 Richard S. Grossley,EMS,2.8724,25
2024,28Q040,P.S. 040 Samuel Huntington,EMS,4.1066666666666665,12
2024,28Q048,David N. Dinkins School,EMS,3.453529411764706,17
2024,28Q050,P.S. 050 Talfourd Lawn Elementary School,EMS,2.7311111111111113,18
2024,28Q054,P.S. 054 Hillside,EMS,3.0635714285714286,14
2024,28Q055,P.S. 055 Maure,EMS,3.8766666666666665,12
2024,28Q072,Catherine & Count Basie Middle School 72,EMS,2.3976,25
2024,28Q080,PS 80  The Thurgood Marshall Magnet School of Multimedia and Communication,EMS,3.1014285714285714,14
2024,28Q082,P.S. 082 Hammond,EMS,2.511111111111111,18
2024,28Q086,P.S. Q086,EMS,3.152857142857143,14
2024,28Q099,P.S. 099 Kew Gardens,EMS,3.6975000000000002,16
2024,28Q101,P.S. 101 School in the Gardens,EMS,4.713636363636364,11
2024,28Q117,P.S. 117 J. Keld / Briarwood School,EMS,3.1385714285714283,14
2024,28Q121,P.S. 121 Queens,EMS,4.15,8
2024,28Q139,P.S. 139 Rego Park,EMS,3.3918181818181816,11
2024,28Q140,P.S. 140 Edward K Ellington,EMS,3.7541666666666664,12
2024,28Q144,P.S. 144 Col Jeromus Remsen,EMS,4.087142857142857,14
2024,28Q157,J.H.S. 157 Stephen A. Halsey,EMS,4.116,25
2024,28Q160,P.S. 160 Walter Francis Bishop,EMS,3.875,16
2024,28Q161,P.S. 161 Arthur Ashe School,EMS,2.915,14
2024,28Q167,Metropolitan Expeditionary Learning School,EMS,2.1864,25
2024,28Q167,Metropolitan Expeditionary Learning School,HS,3.744,25
2024,28Q174,P.S. 174 William Sidney Mount,EMS,3.822857142857143,14
2024,28Q175,P.S. 175 The Lynn Gross Discovery School,EMS,3.4171428571428573,14
2024,28Q182,P.S. 182 Samantha Smith,EMS,2.4338888888888888,18
2024,28Q190,J.H.S. 190 Russell Sage,EMS,3.002,25
2024,28Q196,P.S. 196 Grand Central Parkway,EMS,4.754166666666666,12
2024,28Q206,P.S. 206 The Horace Harding School,EMS,2.8984615384615386,13
2024,28Q217,J.H.S. 217 Robert A. Van Wyck,EMS,3.1372,25
2024,28Q220,P.S. 220 Edward Mandel,EMS,2.208125,16
2024,28Q284,York Early College Academy,EMS,2.1275,24
2024,28Q284,York Early College Academy,HS,4.405833333333334,24
2024,28Q287,The Emerson School,EMS,1.8519999999999999,25
2024,28Q303,The Academy for Excellence through the Arts,EMS,4.6000000000000005,9
2024,28Q310,Queens Collegiate: A College Board School,EMS,2.9936,25
2024,28Q310,Queens Collegiate: A College Board School,HS,2.9884,25
2024,28Q312,Jamaica Children's School,EMS,3.1566666666666667,12
2024,28Q325,Hillside Arts & Letters Academy,HS,3.6969230769230768,26
2024,28Q328,High School for Community Leadership,HS,4.556538461538461,26
2024,28Q332,Redwood Middle School,EMS,3.5604,25
2024,28Q338,Queens Satellite High School for Opportunity,HST,3.084736842105263,19
2024,28Q349,The Queens School for Leadership and Excellence,EMS,2.8905555555555558,18
2024,28Q350,Jamaica Gateway to the Sciences,HS,3.611923076923077,26
2024,28Q354,The Jermaine L. Green STEM Institute of Queens,EMS,3.203529411764706,17
2024,28Q358,M.S. 358,EMS,3.968695652173913,23
2024,28Q440,Forest Hills High School,HS,3.0992307692307692,26
2024,28Q505,Hillcrest High School,HS,3.2384615384615385,26
2024,28Q620,Thomas A. Edison Career and Technical Education High School,HS,4.315769230769231,26
2024,28Q680,Queens Gateway to Health Sciences Secondary School,EMS,4.529090909090909,22
2024,28Q680,Queens Gateway to Health Sciences Secondary School,HS,4.6725,24
2024,28Q686,Queens Metropolitan High School,HS,3.830769230769231,26
2024,28Q687,Queens High School for the Sciences at York College,HS,4.925454545454546,22
2024,28Q690,High School for Law Enforcement and Public Safety,HS,3.0573076923076923,26
2024,28Q896,"Young Women's Leadership School, Queens",EMS,2.318695652173913,23
2024,28Q896,"Young Women's Leadership School, Queens",HS,4.1908,25
2024,29Q015,P.S. 015 Jackie Robinson,EMS,2.8585714285714285,14
2024,29Q033,P.S. 033 Edward M. Funk,EMS,2.8027777777777776,18
2024,29Q034,P.S. 034 John Harvard,EMS,2.8575,16
2024,29Q035,P.S. 035 Nathaniel Woodhull,EMS,3.028125,16
2024,29Q036,P.S. 036 Saint Albans School,EMS,2.6776923076923076,13
2024,29Q037,Cynthia Jenkins School,EMS,2.525,12
2024,29Q038,P.S. 038 Rosedale,EMS,3.2928571428571427,7
2024,29Q052,P.S. 052 Queens,EMS,2.163333333333333,12
2024,29Q059,I.S. 059 Springfield Gardens,EMS,2.9892,25
2024,29Q095,P.S. 095 Eastwood,EMS,3.5621428571428573,14
2024,29Q109,Jean Nuzzi Intermediate School,EMS,2.882,25
2024,29Q116,P.S./I.S. 116 William C. Hughley,EMS,2.686,25
2024,29Q118,P.S. 118 Lorraine Hansberry,EMS,3.3183333333333334,18
2024,29Q131,P.S. 131 Abigail Adams,EMS,3.21875,16
2024,29Q132,P.S. 132 Ralph Bunche,EMS,3.46375,8
2024,29Q134,P.S. 134 Hollis,EMS,2.822142857142857,14
2024,29Q135,The Bellaire School,EMS,2.535,18
2024,29Q136,P.S. 136 Roy Wilkins,EMS,2.67,13
2024,29Q138,P.S./M.S. 138 Sunrise,EMS,2.8084,25
2024,29Q147,P.S./M.S. 147 Ronald McNair,EMS,2.3308,25
2024,29Q156,P.S. 156 Laurelton,EMS,3.112222222222222,9
2024,29Q176,P.S. 176 Cambria Heights,EMS,4.4030000000000005,10
2024,29Q181,P.S. 181 Brookfield,EMS,4.031818181818182,11
2024,29Q192,I.S. 192 The Linden,EMS,2.2376,25
2024,29Q195,P.S. 195 William Haberle,EMS,2.3535714285714286,14
2024,29Q208,P.S./I.S. 208,EMS,2.6683333333333334,24
2024,29Q238,I.S. 238 - Susan B. Anthony Academy,EMS,3.2248,25
2024,29Q243,Institute for Health Professions at Cambria Heights,HS,4.247894736842105,19
2024,29Q248,Queens Preparatory Academy,HS,2.2842307692307693,26
2024,29Q251,P.S. 251 Queens,EMS,3.11625,8
2024,29Q259,Pathways College Preparatory School: A College Board School,EMS,3.9052380952380954,21
2024,29Q259,Pathways College Preparatory School: A College Board School,HS,4.5,25
2024,29Q265,Excelsior Preparatory High School,HS,4.04576923076923,26
2024,29Q268,P.S./I.S. 268,EMS,2.76,25
2024,29Q270,The Gordon Parks School,EMS,2.7471428571428573,21
2024,29Q272,George Washington Carver High School for the Sciences,HS,3.0707692307692307,26
2024,29Q283,Preparatory Academy for Writers: A College Board School,EMS,2.555,16
2024,29Q283,Preparatory Academy for Writers: A College Board School,HS,3.3912,25
2024,29Q289,Queens United Middle School,EMS,2.7491666666666665,24
2024,29Q295,P.S./I.S. 295,EMS,3.3988,25
2024,29Q313,Benjamin Franklin High School for Finance & Information Technology,HS,3.8066666666666666,24
2024,29Q326,Cambria Heights Academy,HS,3.938,25
2024,29Q327,Eagle Academy for Young Men III,EMS,2.742272727272727,22
2024,29Q327,Eagle Academy for Young Men III,HS,3.33125,24
2024,29Q355,Collaborative Arts Middle School,EMS,2.598695652173913,23
2024,29Q356,Community Voices Middle School,EMS,2.787916666666667,24
2024,29Q360,P.S. 360,EMS,3.615555555555556,9
2024,29Q492,"Mathematics, Science Research and Technology Magnet High School",HS,2.9512,25
2024,29Q498,"Health, Arts, Robotics, and Technology High School",HS,3.4646153846153847,26
2024,30Q002,P.S. 002 Alfred Zimberg,EMS,3.0021428571428572,14
2024,30Q010,I.S. 010 Horace Greeley,EMS,3.4908,25
2024,30Q011,P.S. 011 Kathryn Phelan,EMS,2.908333333333333,18
2024,30Q017,P.S. 017 Henry David Thoreau,EMS,3.971111111111111,18
2024,30Q069,P.S. 069 Jackson Heights,EMS,2.736111111111111,18
2024,30Q070,P.S. 070,EMS,2.9729411764705884,17
2024,30Q076,P.S. 076 William Hallet,EMS,2.704285714285714,14
2024,30Q078,P.S./I.S. 78Q,EMS,3.570952380952381,21
2024,30Q084,P.S. 084 Steinway,EMS,3.831,10
2024,30Q085,P.S. 085 Judge Charles Vallone,EMS,3.1264285714285713,14
2024,30Q092,P.S. 092 Harry T. Stewart Sr.,EMS,3.4722222222222223,18
2024,30Q111,P.S. 111 Jacob Blackwell,EMS,2.1064,25
2024,30Q112,P.S. 112 Dutch Kills,EMS,2.3983333333333334,18
2024,30Q122,P.S. 122 Mamie Fay,EMS,3.6663636363636365,22
2024,30Q126,Albert Shanker School for Visual and Performing Arts,EMS,3.3356,25
2024,30Q127,P.S. 127 Aerospace Science Magnet School,EMS,2.9084,25
2024,30Q141,I.S. 141 The Steinway,EMS,3.4876,25
2024,30Q145,I.S. 145 Joseph Pulitzer,EMS,3.8744,25
2024,30Q148,P.S. 148 Queens,EMS,3.8961111111111113,18
2024,30Q149,P.S. 149 Christa McAuliffe,EMS,3.0172222222222222,18
2024,30Q150,P.S. 150 Queens,EMS,3.6635714285714287,14
2024,30Q151,P.S. 151 Mary D. Carter,EMS,3.6233333333333335,18
2024,30Q152,P.S. 152 Gwendoline N. Alleyne School,EMS,3.29,17
2024,30Q166,P.S. 166 Henry Gradstein,EMS,3.67125,16
2024,30Q171,P.S. 171 Peter G. Van Alst,EMS,3.0211111111111113,18
2024,30Q204,I.S. 204 Oliver W. Holmes,EMS,3.8976,25
2024,30Q212,P.S. 212,EMS,3.5341176470588236,17
2024,30Q222,P.S. Q222 - Fire Fighter Christopher A. Santora School,EC,3.05,2
2024,30Q227,I.S. 227 Louis Armstrong,EMS,4.420740740740741,27
2024,30Q228,The Ivan Lafayette Early Childhood School of the Arts,EC,2.915,2
2024,30Q230,I.S. 230,EMS,3.6036,25
2024,30Q234,P.S. 234,EMS,4.405,12
2024,30Q235,Academy for New Americans,EMS,3.6685714285714286,14
2024,30Q258,Energy Tech High School,HS,4.060833333333333,24
2024,30Q280,PS280Q: Home of the Lionhearts,EMS,2.8177777777777777,18
2024,30Q286,"Young Women's Leadership School, Astoria",EMS,4.042,20
2024,30Q286,"Young Women's Leadership School, Astoria",HS,4.5304166666666665,24
2024,30Q291,Hunters Point Community Middle School,EMS,3.4156,25
2024,30Q300,The 30th Avenue School (G&T Citywide),EMS,4.115333333333333,15
2024,30Q301,Academy for Careers in Television and Film,HS,4.6596,25
2024,30Q329,East Elmhurst Community School,EMS,3.627222222222222,18
2024,30Q361,The Woodside Community School,EMS,3.560769230769231,13
2024,30Q367,Motion Picture Technical High School,HS,3.3833333333333333,6
2024,30Q384,Hunters Point Elementary School,EMS,4.028333333333333,12
2024,30Q398,The Hector Figueroa School,EMS,4.326363636363636,11
2024,30Q417,Gotham Tech High School,HS,2.5028571428571427,14
2024,30Q429,I.S 429,EMS,4.236666666666666,21
2024,30Q445,William Cullen Bryant High School,HS,2.5484615384615386,26
2024,30Q450,Long Island City High School,HS,2.4080769230769232,26
2024,30Q501,Frank Sinatra School of the Arts High School,HS,4.7932,25
2024,30Q502,Information Technology High School,HS,3.1350000000000002,26
2024,30Q555,ATLAS,HS,2.6664,25
2024,30Q575,Academy of American Studies,HS,4.2716,25
2024,30Q580,Baccalaureate School for Global Education,EMS,4.657692307692308,13
2024,30Q580,Baccalaureate School for Global Education,HS,4.8032,25
2024,31R001,P.S. 001 Tottenville,EMS,3.476923076923077,13
2024,31R002,I.S. R002 George L. Egbert,EMS,2.1712,25
2024,31R003,P.S. 003 The Margaret Gioiosa School,EMS,4.240769230769231,13
2024,31R004,P.S. 004 Maurice Wollin,EMS,3.385625,16
2024,31R005,P.S. 005 Huguenot,EMS,4.557777777777778,9
2024,31R006,P.S. 6 Corporal Allan F. Kivlehan School,EMS,3.324666666666667,15
2024,31R007,I.S. 007 Elias Bernstein,EMS,4.41304347826087,23
2024,31R008,P.S. 8 Shirlee Solomon,EMS,4.4975000000000005,12
2024,31R009,Naples Street Elementary School,EMS,4.487777777777778,9
2024,31R010,Fort Hill Collaborative Elementary School,EMS,3.333,10
2024,31R011,P.S. 11 Thomas Dongan School,EMS,2.87,12
2024,31R013,P.S. 013 M. L. Lindemeyer,EMS,3.8706666666666667,15
2024,31R016,P.S. 016 John J. Driscoll,EMS,3.1741176470588237,17
2024,31R018,P.S. 018 John G. Whittier,EMS,2.1855555555555557,18
2024,31R019,P.S. 019 The Curtis School,EMS,3.070588235294118,17
2024,31R020,P.S. 020 Port Richmond,EMS,2.2375,16
2024,31R021,P.S. 21 Margaret Emery-Elm Park,EMS,3.213076923076923,13
2024,31R022,P.S. 022 Graniteville,EMS,2.7261111111111114,18
2024,31R023,P.S. 023 Richmondtown,EMS,4.662857142857143,14
2024,31R024,I.S. 024 Myra S. Barnes,EMS,3.818,25
2024,31R026,P.S. 026 The Carteret School,EMS,4.121666666666666,12
2024,31R027,I.S. 027 Anning S. Prall,EMS,2.3796,25
2024,31R028,The Eagle Academy for Young Men of Staten Island,EMS,3.2424,25
2024,31R028,The Eagle Academy for Young Men of Staten Island,HS,3.212083333333333,24
2024,31R029,P.S. 029 Bardwell,EMS,3.5028571428571427,14
2024,31R030,P.S. 030 Westerleigh,EMS,3.8600000000000003,14
2024,31R031,P.S. 031 William T. Davis,EMS,2.693125,16
2024,31R032,P.S. 032 The Gifford School,EMS,3.36875,16
2024,31R034,I.S. 034 Tottenville,EMS,4.466,25
2024,31R035,P.S. 35 The Clove Valley School,EMS,4.6925,12
2024,31R036,P.S. 036 J. C. Drumgoole,EMS,3.177857142857143,14
2024,31R038,P.S. 038 George Cromwell,EMS,3.145,14
2024,31R039,P.S. 39 Francis J. Murphy Jr.,EMS,3.532142857142857,14
2024,31R041,The Stephanie A. Vierno School,EMS,2.9705555555555554,18
2024,31R042,P.S. 042 Eltingville,EMS,2.999375,16
2024,31R044,P.S. 044 Thomas C. Brown,EMS,1.7638888888888888,18
2024,31R045,P.S. 045 John Tyler,EMS,2.915,18
2024,31R046,P.S. 046 Albert V. Maniscalco,EMS,2.335384615384615,13
2024,31R047,CSI High School for International Studies,HS,4.8332,25
2024,31R048,P.S. 048 William G. Wilcox,EMS,3.1076,25
2024,31R049,I.S. 49 Berta A. Dreyfus,EMS,2.3232,25
2024,31R050,P.S. 050 Frank Hankinson,EMS,4.537692307692308,13
2024,31R051,I.S. 051 Edwin Markham,EMS,2.814,25
2024,31R052,P.S. 052 John C. Thompson,EMS,3.1028571428571428,14
2024,31R053,The Barbara Esselborn School,EMS,4.3707142857142856,14
2024,31R054,P.S. 054 Charles W. Leng,EMS,4.1935714285714285,14
2024,31R055,P.S. 055 Henry M. Boehm,EMS,3.8642857142857143,14
2024,31R056,P.S. 56 The Louis Desario School,EMS,3.7223076923076923,13
2024,31R057,P.S. 057 Hubert H. Humphrey,EMS,2.346111111111111,18
2024,31R058,Space Shuttle Columbia School,EMS,3.12125,16
2024,31R059,The Harbor View School,EMS,2.3254545454545457,11
2024,31R060,P.S. 060 Alice Austen,EMS,2.753125,16
2024,31R061,I.S. 061 William A Morris,EMS,2.1772,25
2024,31R062,The Kathleen Grimm School for Leadership and Sustainability,EMS,4.3,12
2024,31R063,Marsh Avenue School for Expeditionary Learning,EMS,3.129583333333333,24
2024,31R064,Gaynor McCown Expeditionary Learning School,HS,4.5624,25
2024,31R065,P.S. 65 The Academy of Innovative Learning,EMS,3.28,13
2024,31R068,Port Richmond School for Visionary Learning,EMS,2.0744444444444445,18
2024,31R069,P.S. 069 Daniel D. Tompkins,EMS,2.82875,16
2024,31R072,I.S. 072 Rocco Laurie,EMS,3.1668,25
2024,31R074,P.S. 74 Future Leaders Elementary School,EMS,2.485294117647059,17
2024,31R075,I.S. 075 Frank D. Paulo,EMS,4.3424000000000005,25
2024,31R078,P.S. 78,EMS,2.561111111111111,18
2024,31R080,The Michael J. Petrides School,EMS,3.33,25
2024,31R080,The Michael J. Petrides School,HS,3.426,25
2024,31R085,The Young Women's Leadership School of Staten Island,EMS,2.649047619047619,21
2024,31R440,New Dorp High School,HS,2.7388461538461537,26
2024,31R445,Port Richmond High School,HS,2.7988461538461538,26
2024,31R450,Curtis High School,HS,2.9226923076923077,26
2024,31R455,Tottenville High School,HS,4.031538461538462,26
2024,31R460,Susan E. Wagner High School,HS,3.1853846153846153,26
2024,31R470,Concord High School,HST,3.418,25
2024,31R600,Ralph R. McKee Career and Technical Education High School,HS,3.038846153846154,26
2024,31R605,Staten Island Technical High School,HS,4.843333333333334,24
2024,31R861,Staten Island School of Civic Leadership,EMS,3.2996296296296297,27
2024,32K045,P.S./I.S. 045 Horace E. Greene,EMS,3.1412,25
2024,32K075,P.S. 075 Mayda Cortiella,EMS,2.4975,12
2024,32K086,P.S. 086 The Irvington,EMS,3.005625,16
2024,32K106,P.S. 106 Edward Everett Hale,EMS,2.28875,16
2024,32K116,P.S. 116 Elizabeth L Farrell,EMS,2.5078571428571426,14
2024,32K123,P.S. 123 Suydam,EMS,3.1094444444444442,18
2024,32K145,P.S. 145 Andrew Jackson,EMS,3.2488888888888887,18
2024,32K151,P.S. 151 Lyndon B. Johnson,EMS,3.4107142857142856,14
2024,32K162,J.H.S. 162 The Willoughby,EMS,3.2188,25
2024,32K168,The Brooklyn School for Math and Research,HS,3.8608333333333333,24
2024,32K274,P.S. 274 Kosciusko,EMS,2.62,14
2024,32K291,J.H.S. 291 Roland Hayes,EMS,2.864,25
2024,32K299,P.S. 299 Thomas Warren Field,EMS,2.71,13
2024,32K347,I.S. 347 School of Humanities,EMS,2.60875,24
2024,32K349,"I.S. 349 Math, Science & Tech.",EMS,2.82,25
2024,32K376,P.S. 376,EMS,4.494,10
2024,32K377,P.S. 377 Alejandrina B. De Gautier,EMS,2.19,9
2024,32K383,J.H.S. 383 Philippa Schuyler,EMS,3.0060000000000002,25
2024,32K384,P.S. /I.S. 384 Frances E. Carter,EMS,2.8672,25
2024,32K403,Academy for Excellence in Leadership,HS,2.8615384615384616,26
2024,32K545,EBC High School for Public Service - Bushwick,HS,3.1946153846153846,26
2024,32K549,The Brooklyn School for Social Justice,HS,3.2207692307692306,26
2024,32K552,The Academy of Urban Planning and Engineering,HS,3.539230769230769,26
2024,32K554,All City Leadership Secondary School,EMS,4.352941176470588,17
2024,32K554,All City Leadership Secondary School,HS,4.705416666666667,24
2024,32K556,Bushwick Leaders High School for Academic Excellence,HS,2.4196153846153847,26
2024,32K562,Evergreen Middle School for Urban Exploration,EMS,3.1532,25
2024,32K564,Bushwick Community High School,HST,3.842,25
2024,75K004,P.S. K004,D75,3.4566666666666666,3
2024,75K036,P.S. 36,D75,3.3833333333333333,3
2024,75K053,P.S. K053,D75,3.32,3
2024,75K077,P.S. K077,D75,2.6966666666666668,3
2024,75K140,P.S. K140,D75,3.42,3
2024,75K141,P.S. K141,D75,3.0733333333333333,3
2024,75K231,P.S. K231,D75,3.473333333333333,3
2024,75K368,P.S. 368,D75,4.14,3
2024,75K369,P.S. K369 - Coy L. Cox School,D75,3.1033333333333335,3
2024,75K370,P.S. 370,D75,2.7166666666666663,3
2024,75K371,P.S. 371 - Lillian L. Rashkis,D75,2.8633333333333333,3
2024,75K372,P.S. 372 -The Children's School,D75,3.9066666666666667,3
2024,75K373,P.S. 373 - Brooklyn Transition Center,D75,2.5366666666666666,3
2024,75K396,Sid Miller Academy,D75,3.7333333333333334,3
2024,75K721,P.S. K721 - Brooklyn Occupational Training Center,D75,2.103333333333333,3
2024,75K753,P.S. K753 - School for Career Development,D75,3.1433333333333335,3
2024,75K771,P.S. K771,D75,3.2266666666666666,3
2024,75K811,P.S. K811 Connie Lekas School,D75,2.2133333333333334,3
2024,75M035,P.S. 035,D75,2.71,3
2024,75M079,P.S. M079 - Horan School,D75,2.97,3
2024,75M094,P.S. M094,D75,3.2733333333333334,3
2024,75M138,P.S. 138,D75,3.3200000000000003,3
2024,75M169,P.S. M169 - Robert F. Kennedy,D75,3.5366666666666666,3
2024,75M226,P.S. M226,D75,3.2933333333333334,3
2024,75M721,P.S. M721 - Manhattan Occupational Training Center,D75,2.8866666666666667,3
2024,75M751,Manhattan School for Career Development,D75,2.88,3
2024,75M811,P.S. M811 - Mickey Mantle School,D75,3.3833333333333333,3
2024,75Q004,P.S. Q004,D75,3.46,3
2024,75Q009,P.S. 009,D75,3.3233333333333333,3
2024,75Q023,P.S. Q023 @ Queens Children Center,D75,4.136666666666667,3
2024,75Q075,Robert E. Peary School,D75,4.016666666666667,3
2024,75Q177,P.S. Q177,D75,2.7866666666666666,3
2024,75Q224,P.S. Q224,D75,3.7366666666666664,3
2024,75Q233,P.S. Q233,D75,2.91,3
2024,75Q255,P.S. Q255,D75,3.22,3
2024,75Q256,P.S. Q256,D75,3.203333333333333,3
2024,75Q277,The Riverview School,D75,3.183333333333333,3
2024,75Q721,John F. Kennedy Jr. School,D75,2.026666666666667,3
2024,75Q752,Queens Transition Center,D75,2.703333333333333,3
2024,75Q811,P.S. Q811,D75,3.3833333333333333,3
2024,75Q993,P.S. Q993,D75,2.88,3
2024,75R025,South Richmond High School I.S./P.S. 25,D75,3.9966666666666666,3
2024,75R037,The David Marquis School of the Arts,D75,3.566666666666667,3
2024,75R373,P.S. R373,D75,3.783333333333333,3
2024,75R721,The Richard H. Hungerford School,D75,2.6799999999999997,3
2024,75X010,P.S. X010,D75,3.3666666666666667,3
2024,75X012,P.S. X012 Lewis and Clark School,D75,2.8766666666666665,3
2024,75X017,P.S. X017,D75,3.3333333333333335,3
2024,75X168,P.S. 168,D75,3.69,3
2024,75X176,P.S. X176,D75,3.4833333333333334,3
2024,75X186,P186X Walter J. Damrosch School,D75,3.6599999999999997,3
2024,75X188,P.S. X188,D75,3.1166666666666667,3
2024,75X352,The Vida Bogart School for All Children,D75,3.9233333333333333,3
2024,75X469,The Bronx School for Continuous Learners,D75,3.94,3
2024,75X596,P.S. X596,D75,4.29,1
2024,75X721,P.S. X721 - Stephen McSweeney School,D75,2.5733333333333333,3
2024,75X723,P.S. 723,D75,3.86,3
2024,75X754,J. M. Rapport School Career Development,D75,2.393333333333333,3
2024,75X811,P.S. X811,D75,2.3033333333333332,3
2024,84K037,Beginning with Children Charter School II,EMS,3.455217391304348,23
2024,84K037,Beginning with Children Charter School II,HS,2.61375,8
2024,84K125,Success Academy Charter School - Bed Stuy 2,EMS,4.478571428571429,7
2024,84K129,Success Academy Charter School - Cobble Hill,EMS,4.687,10
2024,84K182,Success Academy Charter School - Williamsburg,EMS,4.48,7
2024,84K355,Uncommon Williamsburg Charter School NYC,EMS,4.498421052631579,19
2024,84K356,Achievement First Crown Heights Charter School,EMS,2.707391304347826,23
2024,84K356,Achievement First Crown Heights Charter School,HS,2.276521739130435,23
2024,84K357,KIPP Always Mentally Prepared Charter School,EMS,4.019473684210526,19
2024,84K358,Achievement First East New York Charter School,EMS,2.6513043478260867,23
2024,84K358,Achievement First East New York Charter School,HS,2.7785714285714285,14
2024,84K360,Launch Expeditionary Learning Charter School,EMS,3.860588235294118,17
2024,84K362,Hellenic Classical Charter School,EMS,4.073529411764706,17
2024,84K367,Success Academy Charter School - Bed Stuy 1,EMS,4.4411764705882355,17
2024,84K367,Success Academy Charter School - Bed Stuy 1,HS,1.0,1
2024,84K379,Explore Excel Charter School,EMS,3.1996,25
2024,84K406,"EMBER Charter School for Mindful Education, Innovation and Transformation",EMS,2.728125,16
2024,84K406,"EMBER Charter School for Mindful Education, Innovation and Transformation",HS,2.006666666666667,15
2024,84K417,Urban Dove Team Charter School,HST,2.8231818181818182,22
2024,84K473,Williamsburg Charter High School,HS,1.9272222222222222,18
2024,84K486,New Dawn Charter High School,HST,2.1854545454545455,22
2024,84K508,Achievement First Endeavor Charter School,EMS,2.653,20
2024,84K517,Uncommon Bed-Stuy West Charter School NYC,EMS,3.341428571428571,21
2024,84K517,Uncommon Bed-Stuy West Charter School NYC,HS,2.785625,16
2024,84K536,Community Roots Charter School,EMS,3.7975,20
2024,84K538,Achievement First Bushwick Charter School,EMS,3.3092,25
2024,84K593,Uncommon Excellence Boys Charter School NYC,EMS,3.12,18
2024,84K608,Uncommon Kings Charter School NYC,EMS,3.6510526315789473,19
2024,84K608,Uncommon Kings Charter School NYC,HS,2.439375,16
2024,84K626,Achievement First Brownsville Charter School,EMS,2.760869565217391,23
2024,84K626,Achievement First Brownsville Charter School,HS,2.375,6
2024,84K648,Uncommon Bed-Stuy East Charter School NYC,EMS,3.656842105263158,19
2024,84K649,La Cima Charter School,EMS,3.035555555555556,9
2024,84K651,PAVE Academy Charter School,EMS,3.6136842105263156,19
2024,84K652,Brooklyn Ascend Charter School,EMS,3.70125,16
2024,84K652,Brooklyn Ascend Charter School,HS,2.13,16
2024,84K680,Achievement First Aspire Charter School,EMS,2.6647826086956523,23
2024,84K680,Achievement First Aspire Charter School,HS,2.9811764705882355,17
2024,84K693,Northside Charter High School,HS,1.9423529411764706,17
2024,84K701,Brooklyn Charter School,EMS,3.661111111111111,9
2024,84K702,Community Partnership Charter School,EMS,3.445217391304348,23
2024,84K704,Explore Charter School,EMS,3.489130434782609,23
2024,84K707,Brooklyn Prospect Charter School - CSD 15,EMS,4.982,5
2024,84K710,Brownsville Collegiate Charter School,EMS,3.9075,8
2024,84K711,Uncommon Brownsville South Charter School NYC,EMS,3.334,20
2024,84K712,Uncommon Excellence Girls Charter School NYC,EMS,3.370833333333333,12
2024,84K712,Uncommon Excellence Girls Charter School NYC,HS,2.2958823529411765,17
2024,84K724,Uncommon Canarsie Charter School NYC,EMS,3.3135,20
2024,84K730,Summit Academy Charter School,EMS,3.566666666666667,15
2024,84K730,Summit Academy Charter School,HS,3.111875,16
2024,84K731,Brooklyn Excelsior Charter School,EMS,2.3765,20
2024,84K733,"Math, Engineering, and Science Academy Charter High School",HS,3.6933333333333334,18
2024,84K736,New American Academy Charter School,EMS,3.977,10
2024,84K737,Brownsville Ascend Charter School,EMS,3.246111111111111,18
2024,84K738,United Charter High School for Advanced Math and Science lll,HS,4.022272727272727,22
2024,84K740,Brooklyn Scholars Charter School,EMS,2.8105263157894735,19
2024,84K741,Success Academy Charter School - Crown Heights,EMS,4.6147368421052635,19
2024,84K742,Explore Empower Charter School,EMS,3.3996,25
2024,84K744,Coney Island Preparatory Public Charter School,EMS,3.074074074074074,27
2024,84K744,Coney Island Preparatory Public Charter School,HS,3.2691304347826087,23
2024,84K746,Hebrew Language Academy Charter School,EMS,3.861,20
2024,84K756,Success Academy Charter School - Prospect Heights,EMS,4.2780000000000005,5
2024,84K757,Unity Preparatory Charter School of Brooklyn,EMS,4.272105263157894,19
2024,84K757,Unity Preparatory Charter School of Brooklyn,HS,3.1080952380952382,21
2024,84K758,Brooklyn Urban Garden Charter School,EMS,3.9794736842105265,19
2024,84K759,Canarsie Ascend Charter School,EMS,3.658888888888889,18
2024,84K766,Brooklyn Prospect Charter School - CSD 13.2,EMS,3.395238095238095,21
2024,84K769,Hyde Leadership Charter School - Brooklyn,EMS,2.87,23
2024,84K772,Success Academy Charter School - Bensonhurst,EMS,4.452,10
2024,84K774,Achievement First Apollo Charter School,EMS,2.7895652173913046,23
2024,84K775,Uncommon Brownsville North Charter School NYC,EMS,3.717619047619048,21
2024,84K775,Uncommon Brownsville North Charter School NYC,HS,2.876470588235294,17
2024,84K777,Uncommon Crown Heights Charter School NYC,EMS,2.977777777777778,18
2024,84K781,Success Academy Charter School - Bergen Beach,EMS,4.121111111111111,18
2024,84K782,Bedford Stuyvesant New Beginnings Charter School,EMS,4.437222222222222,18
2024,84K782,Bedford Stuyvesant New Beginnings Charter School,HS,3.5275000000000003,4
2024,84K784,Achievement First North Brooklyn Preparatory Charter School,EMS,3.2973684210526315,19
2024,84K785,Imagine Me Leadership Charter School,EMS,3.888571428571429,14
2024,84K788,Achievement First Linden Charter School,EMS,2.7689473684210526,19
2024,84K789,Compass Charter School,EMS,3.8954545454545455,11
2024,84K790,Central Brooklyn Ascend Charter School,EMS,4.242105263157895,19
2024,84K791,Brooklyn Dreams Charter School,EMS,2.843157894736842,19
2024,84K792,Cultural Arts Academy Charter School At Spring Creek,EMS,2.356666666666667,6
2024,84K793,Bushwick Ascend Charter School,EMS,4.281052631578947,19
2024,84K803,Brooklyn Laboratory Charter School,HS,1.902608695652174,23
2024,84K807,Collegiate Academy for Mathematics and Personal Awareness Charter School,EMS,3.3353846153846156,13
2024,84K876,Achievement First Voyager Charter School,EMS,3.7,20
2024,84K879,Brooklyn Prospect Charter School - CSD 13,EMS,3.848,25
2024,84K882,Success Academy Charter School - Bushwick,EMS,4.659,10
2024,84K883,Success Academy Charter School - Bed Stuy 3,EMS,4.600625,16
2024,84K886,Success Academy Charter School - Flatbush,EMS,4.289090909090909,11
2024,84K892,Brooklyn Emerging Leaders Academy Charter School,HS,2.800625,16
2024,84K895,Hebrew Language Academy Charter School 2,EMS,3.2386666666666666,15
2024,84K910,Cypress Hills Ascend Charter School,EMS,4.027647058823529,17
2024,84K911,Edmund W. Gordon Brooklyn Laboratory Charter School,EMS,3.9385,20
2024,84K927,Ivy Hill Preparatory Charter School,EMS,2.642857142857143,7
2024,84K928,Brooklyn Prospect Charter School - CSD 15.2,EMS,3.4108695652173915,23
2024,84K928,Brooklyn Prospect Charter School - CSD 15.2,HS,3.8639130434782607,23
2024,84K929,East Brooklyn Ascend Charter School,EMS,4.508333333333333,6
2024,84K930,LEEP Dual Language Academy Charter School,EMS,3.606875,16
2024,84K933,Flatbush Ascend Charter School,EMS,4.150666666666667,15
2024,84K934,East Flatbush Ascend Charter School,EMS,4.043333333333333,6
2024,84K937,Brooklyn RISE Charter School,EMS,2.6813333333333333,15
2024,84K956,Lamad Academy Charter School,EMS,3.0164285714285715,14
2024,84M068,KIPP NYC Washington Heights Academy Charter School,EMS,3.586315789473684,19
2024,84M080,Manhattan Charter School II,EMS,1.727142857142857,7
2024,84M085,Global Community Charter School,EMS,2.5478947368421054,19
2024,84M100,Neighborhood Charter School of Harlem,EMS,3.3912,25
2024,84M168,East Harlem Scholars Academy Charter School II,EMS,2.5878260869565217,23
2024,84M170,Success Academy Charter School - Hell's Kitchen,EMS,4.5040000000000004,10
2024,84M174,Success Academy Charter School - Union Square,EMS,4.386470588235294,17
2024,84M202,Great Oaks Kathleen Sherry Charter School,EMS,3.8905555555555558,18
2024,84M202,Great Oaks Kathleen Sherry Charter School,HS,2.4154545454545455,11
2024,84M204,Capital Preparatory Harlem Charter School,EMS,2.4833333333333334,12
2024,84M204,Capital Preparatory Harlem Charter School,HS,2.209375,16
2024,84M263,New York City Charter School of the Arts,EMS,4.026428571428571,14
2024,84M265,Success Academy Charter School - Washington Heights,EMS,4.492,10
2024,84M279,Opportunity Charter School,EMS,2.1244,25
2024,84M279,Opportunity Charter School,HS,2.4365,20
2024,84M284,Harlem Children's Zone Promise Academy Charter School,EMS,3.254736842105263,19
2024,84M284,Harlem Children's Zone Promise Academy Charter School,HS,4.378181818181818,22
2024,84M295,School in the Square Public Charter School,EMS,2.7904347826086955,23
2024,84M295,School in the Square Public Charter School,HS,2.5033333333333334,6
2024,84M320,Manhattan Charter School,EMS,2.0242857142857145,7
2024,84M329,Harlem Link Charter School,EMS,3.0357142857142856,14
2024,84M335,Harlem Village Academy East Charter School,EMS,4.383333333333334,15
2024,84M336,KIPP Infinity Charter School,EMS,3.568947368421053,19
2024,84M337,NYC Autism Charter School East Harlem,D75,4.21,1
2024,84M338,WHIN Music Community Charter School,EMS,2.3916666666666666,18
2024,84M341,Harlem Children's Zone Promise Academy II Charter School,EMS,2.4025,24
2024,84M341,Harlem Children's Zone Promise Academy II Charter School,HS,3.72,16
2024,84M350,Democracy Preparatory Charter School,EMS,3.7827272727272727,22
2024,84M350,Democracy Preparatory Charter School,HS,2.333,20
2024,84M351,Success Academy Charter School - Harlem 1,EMS,4.47,17
2024,84M351,Success Academy Charter School - Harlem 1,HS,3.62,10
2024,84M353,New Heights Academy Charter School,EMS,4.094545454545455,22
2024,84M353,New Heights Academy Charter School,HS,3.7688888888888887,18
2024,84M357,Success Academy Charter School - Norwood,EC,2.65,1
2024,84M358,Success Academy Charter School - Hudson Yards,EMS,4.442,10
2024,84M373,Zeta Charter Schools - Inwood,EMS,4.802666666666667,15
2024,84M380,Harlem Village Academy West Charter School,EMS,4.541,10
2024,84M382,DREAM Charter School East Harlem,EMS,4.136111111111111,18
2024,84M383,Storefront Academy Harlem Charter School,EMS,1.92,6
2024,84M384,Success Academy Charter School - Harlem 2,EMS,4.15125,8
2024,84M385,Success Academy Charter School - Harlem 3,EMS,4.5425,16
2024,84M386,Success Academy Charter School - Harlem 4,EMS,4.454615384615384,13
2024,84M388,St. HOPE Leadership Academy Charter School,EMS,3.5910526315789473,19
2024,84M389,KIPP Beyond Charter School,EMS,4.4275,16
2024,84M389,KIPP Beyond Charter School,HS,4.59625,8
2024,84M390,Amber Charter School Inwood,EMS,2.5357142857142856,7
2024,84M424,Urban Dove Team Charter School IV,HST,1.535,22
2024,84M430,The Equity Project Charter School,EMS,3.348,25
2024,84M433,Innovation Charter High School,HS,1.9869565217391305,23
2024,84M478,Inwood Academy for Leadership Charter School,EMS,3.4772,25
2024,84M478,Inwood Academy for Leadership Charter School,HS,3.0629166666666667,24
2024,84M481,Democracy Preparatory Harlem Charter School,EMS,2.4582608695652173,23
2024,84M481,Democracy Preparatory Harlem Charter School,HS,2.5285,20
2024,84M482,Success Academy Charter School - Harlem 5,EMS,4.47,15
2024,84M483,New York French-American Charter School,EMS,3.566842105263158,19
2024,84M518,East Harlem Scholars Academy Charter School,EMS,2.223913043478261,23
2024,84M518,East Harlem Scholars Academy Charter School,HS,1.6477272727272727,22
2024,84M522,Broome Street Academy Charter High School,HS,1.6688888888888889,18
2024,84M523,Success Academy Charter School - Upper West,EMS,4.390588235294118,17
2024,84M702,Sisulu-Walker Charter School of Harlem,EMS,2.5075,4
2024,84M704,Harbor Science and Arts Charter School,EMS,2.6511764705882355,17
2024,84M705,Amber Charter School East Harlem,EMS,2.9673333333333334,15
2024,84M707,John V. Lindsay Wildcat Academy Charter School,HST,2.333181818181818,22
2024,84M708,Harlem Prep Charter School,EMS,2.8020833333333335,24
2024,84M708,Harlem Prep Charter School,HS,2.1163636363636362,22
2024,84M709,Harlem Village Academy North Charter School,EMS,4.329090909090909,11
2024,84M709,Harlem Village Academy North Charter School,HS,3.586875,16
2024,84M726,KIPP S.T.A.R. College Preparatory Charter School,EMS,3.4426315789473683,19
2024,84M861,Future Leaders Institute Charter School,EMS,2.5733333333333333,18
2024,84Q083,Central Queens Academy Charter School,EMS,4.105217391304348,23
2024,84Q170,Peninsula Preparatory Academy Charter School,EMS,4.494545454545455,11
2024,84Q298,Middle Village Preparatory Charter School,EMS,4.491578947368421,19
2024,84Q304,VOICE Charter School of New York,EMS,3.225263157894737,19
2024,84Q320,United Charter High School for Advanced Math and Science lV,HS,3.691764705882353,17
2024,84Q321,Growing Up Green Charter School,EMS,2.6115,20
2024,84Q337,Success Academy Charter School - Rosedale,EMS,4.414375000000001,16
2024,84Q339,Success Academy Charter School - Springfield Gardens - New York 6,EMS,4.505,14
2024,84Q340,Challenge Preparatory Charter School,EMS,2.873157894736842,19
2024,84Q340,Challenge Preparatory Charter School,HS,2.9515384615384614,13
2024,84Q341,Riverton Street Charter School,EMS,3.2311111111111113,18
2024,84Q342,Rochdale Early Advantage Charter School,EMS,3.356875,16
2024,84Q359,Academy of the City Charter School,EMS,2.639047619047619,21
2024,84Q372,Growing Up Green Charter School II,EMS,2.7396,25
2024,84Q373,United Charter High School for the Humanities lV,HS,3.2611764705882353,17
2024,84Q374,Success Academy Charter School - South Jamaica,EMS,4.358750000000001,8
2024,84Q375,Success Academy Charter School - Far Rockaway,EMS,4.284705882352942,17
2024,84Q380,Forte Preparatory Academy Charter School,EMS,4.141666666666667,24
2024,84Q380,Forte Preparatory Academy Charter School,HS,3.258888888888889,9
2024,84Q385,Elm Community Charter School,EMS,3.6671428571428573,14
2024,84Q386,Our World Neighborhood Charter School 2,EMS,2.759333333333333,15
2024,84Q387,Valence College Preparatory Charter School,EMS,4.24,24
2024,84Q388,New Dawn Charter High School II,HST,2.1133333333333333,24
2024,84Q414,Renaissance Charter School 2,EMS,2.5961904761904764,21
2024,84Q414,Renaissance Charter School 2,HS,3.23,7
2024,84Q422,Success Academy Charter School - NYC 14,EMS,4.641,10
2024,84Q428,Urban Dove Team Charter School III,HST,1.841904761904762,21
2024,84Q704,Merrick Academy - Queens Public Charter School,EMS,3.4658823529411764,17
2024,84Q705,Renaissance Charter School,EMS,2.8005555555555555,18
2024,84Q705,Renaissance Charter School,HS,3.935625,16
2024,84Q706,Our World Neighborhood Charter School,EMS,2.865263157894737,19
2024,84R012,New Ventures Charter School,HST,3.85,21
2024,84R067,John W. Lavelle Preparatory Charter School,EMS,2.390952380952381,21
2024,84R067,John W. Lavelle Preparatory Charter School,HS,3.3133333333333335,15
2024,84R070,Lois and Richard Nicotra Early College Charter School,HS,3.593684210526316,19
2024,84R073,New World Preparatory Charter School,EMS,3.2504761904761903,21
2024,84R076,Bridge Preparatory Charter School,EMS,2.026923076923077,13
2024,84R077,Hellenic Classical Charter School - Staten Island,EMS,3.8915384615384614,13
2024,84R083,Richmond Preparatory Charter School,EMS,2.1774999999999998,20
2024,84R083,Richmond Preparatory Charter School,HS,3.646666666666667,3
2024,84X124,Children's Aid College Preparatory Charter School,EMS,3.913157894736842,19
2024,84X133,Icahn Charter School 6,EMS,3.732941176470588,17
2024,84X165,Grand Concourse Academy Charter School,EMS,3.484736842105263,19
2024,84X177,Mott Hall Charter School,EMS,3.716842105263158,19
2024,84X185,Pharos Academy Charter School,EMS,4.328888888888889,18
2024,84X185,Pharos Academy Charter School,HS,4.4775,16
2024,84X202,United Charter High School for Advanced Math and Science ll,HS,4.182941176470588,17
2024,84X208,United Charter High School for the Humanities II,HS,2.8233333333333333,18
2024,84X233,Family Life Academy Charter School II,EMS,2.7485714285714287,21
2024,84X255,Bronx Charter School for Excellence,EMS,4.4941176470588236,17
2024,84X309,South Bronx Charter School for International Cultures and the Arts,EMS,3.182857142857143,14
2024,84X309,South Bronx Charter School for International Cultures and the Arts,HS,2.942222222222222,9
2024,84X345,Leaders In Our Neighborhood Charter School,EMS,2.8643478260869566,23
2024,84X345,Leaders In Our Neighborhood Charter School,HS,3.1952380952380954,21
2024,84X346,South Bronx Classical Charter School,EMS,4.445,18
2024,84X347,International Leadership Charter High School,EMS,3.6088235294117648,17
2024,84X347,International Leadership Charter High School,HS,3.930625,16
2024,84X362,Icahn Charter School 7,EMS,3.893529411764706,17
2024,84X364,South Bronx Classical Charter School II,EMS,4.57,18
2024,84X378,Icahn Charter School 2,EMS,4.5531250000000005,16
2024,84X380,Success Academy Charter School - Bronx 3,EMS,4.323529411764706,17
2024,84X380,Success Academy Charter School - Bronx 3,HS,2.524,5
2024,84X387,Brilla College Preparatory Charter School,EMS,3.51,19
2024,84X387,Brilla College Preparatory Charter School,HS,3.7485714285714287,7
2024,84X389,Bronx Global Learning Institute for Girls Charter School,EMS,3.234,15
2024,84X393,University Prep Charter High School,HS,4.58764705882353,17
2024,84X394,Mott Haven Charter School,EMS,3.1865217391304346,23
2024,84X395,"NYC Charter High School for Architecture, Engineering and Construction Industries",HS,3.791176470588235,17
2024,84X398,Bronx Community Charter School,EMS,3.1126315789473686,19
2024,84X407,Access Bronx Charter School,EMS,2.4547368421052633,19
2024,84X419,Bronx Academy of Promise Charter School,EMS,3.4033333333333333,18
2024,84X422,Icahn Charter School 3,EMS,4.4030000000000005,10
2024,84X429,Charter High School for Law and Social Justice,EMS,3.8457142857142856,7
2024,84X429,Charter High School for Law and Social Justice,HS,2.3725,24
2024,84X460,Atmosphere Academy Public Charter School,EMS,3.8214285714285716,21
2024,84X460,Atmosphere Academy Public Charter School,HS,3.537,10
2024,84X461,Nuasin Next Generation Charter School,EMS,3.7830434782608697,23
2024,84X461,Nuasin Next Generation Charter School,HS,2.455,18
2024,84X464,Success Academy Charter School - Bronx 4,EMS,4.548,10
2024,84X465,Boys Preparatory Charter School of New York,EMS,3.427,20
2024,84X465,Boys Preparatory Charter School of New York,HS,4.01,6
2024,84X471,American Dream Charter School,EMS,2.108888888888889,18
2024,84X471,American Dream Charter School,HS,4.14,17
2024,84X472,Family Life Academy Charter School III,EMS,2.7399999999999998,11
2024,84X482,Dr. Richard Izquierdo Health and Science Charter School,EMS,1.4984210526315789,19
2024,84X482,Dr. Richard Izquierdo Health and Science Charter School,HS,3.0594444444444444,18
2024,84X484,Bronx Charter School for Better Learning II,EMS,2.473333333333333,12
2024,84X486,Rosalyn Yalow Charter School,EMS,4.285714285714286,14
2024,84X487,Girls Preparatory Charter School of the Bronx,EMS,2.77,12
2024,84X487,Girls Preparatory Charter School of the Bronx,HS,3.48,3
2024,84X488,The Equality Charter School,EMS,3.2386363636363638,22
2024,84X488,The Equality Charter School,HS,2.8086363636363636,22
2024,84X489,South Bronx Classical Charter School III,EMS,4.5055555555555555,18
2024,84X491,Academic Leadership Charter School,EMS,4.312173913043479,23
2024,84X492,South Bronx Early College Academy Charter School,EMS,2.1556521739130434,23
2024,84X493,Success Academy Charter School - Bronx 1,EMS,4.667333333333334,15
2024,84X494,Success Academy Charter School - Bronx 2,EMS,4.488888888888889,18
2024,84X496,Icahn Charter School 4,EMS,4.471666666666667,12
2024,84X497,Storefront Academy Charter School,EMS,4.065714285714286,14
2024,84X538,Icahn Charter School 5,EMS,3.5646153846153847,13
2024,84X539,United Charter High School for Advanced Math and Science,HS,3.1682352941176473,17
2024,84X553,United Charter High School for the Humanities,HS,3.2912500000000002,16
2024,84X554,Choice Charter School,EMS,2.3866666666666667,9
2024,84X579,Bronx Charter School for Excellence 2,EMS,4.362777777777778,18
2024,84X581,South Bronx Community Charter High School,HS,1.554,20
2024,84X585,Legacy College Preparatory Charter School,EMS,3.2978260869565217,23
2024,84X585,Legacy College Preparatory Charter School,HS,2.5614285714285714,14
2024,84X586,Brilla Veritas Charter School,EMS,3.392352941176471,17
2024,84X587,NYC Autism Charter School Bronx,D75,1.0,1
2024,84X588,South Bronx Classical Charter School IV,EMS,4.439411764705882,17
2024,84X589,Bronx Charter School for Excellence 3,EMS,3.9673333333333334,15
2024,84X592,Amber Charter School Kingsbridge,EMS,2.8665,20
2024,84X597,Urban Assembly Charter School for Computer Science,HS,3.6030434782608696,23
2024,84X598,KIPP Freedom Charter School,EMS,3.163684210526316,19
2024,84X599,Cardinal McCloskey Community Charter School,EMS,3.2043749999999998,16
2024,84X606,Emblaze Academy Charter School,EMS,3.431578947368421,19
2024,84X608,Bronx Charter School for Excellence 4,EMS,4.270714285714286,14
2024,84X609,Zeta Charter Schools - South Bronx,EMS,4.65875,16
2024,84X610,Urban Dove Team Charter School II,HST,2.765217391304348,23
2024,84X611,AECI II: NYC Charter High School for Computer Engineering and Innovation,HS,3.8027777777777776,18
2024,84X612,Creo College Preparatory Charter School,EMS,4.317619047619048,21
2024,84X613,Bold Charter School,EMS,4.834615384615384,13
2024,84X614,Dream Charter School Mott Haven,EMS,3.62125,24
2024,84X614,Dream Charter School Mott Haven,HS,3.898421052631579,19
2024,84X615,University Prep Charter Middle School,EMS,3.3955555555555557,18
2024,84X616,KIPP Bronx Charter School II,EMS,3.2111111111111112,18
2024,84X617,KIPP Bronx Charter School III,EMS,3.598888888888889,18
2024,84X617,KIPP Bronx Charter School III,HS,4.0325,12
2024,84X619,Bronx Arts and Science Charter School,EMS,2.5446666666666666,15
2024,84X620,Bronx Charter School for Excellence 5,EMS,4.629166666666666,12
2024,84X623,Neighborhood Charter School: Bronx,EMS,4.289285714285715,14
2024,84X627,Capital Preparatory Bronx Charter School,EMS,3.9415,20
2024,84X627,Capital Preparatory Bronx Charter School,HS,3.9066666666666667,9
2024,84X628,Brilla Caritas Charter School,EMS,3.2284615384615383,13
2024,84X629,Brilla Pax Charter School,EMS,3.1761538461538463,13
2024,84X630,Girls Preparatory Charter School of the Bronx II,EMS,2.5953333333333335,15
2024,84X631,Zeta Charter School - Mount Eden,EMS,4.4750000000000005,10
2024,84X632,Zeta Charter School - Tremont Park,EMS,4.674,10
2024,84X633,Wildflower New York Charter School,EMS,4.99,1
2024,84X635,Earl Monroe New Renaissance Basketball Charter School,HS,2.9,12
2024,84X638,Success Academy Charter School - Bronx 5 Upper,EMS,4.99,8
2024,84X639,Dream Charter School Highbridge,EMS,4.03,13
2024,84X640,Family Life Academy Charter Schools High School,HS,3.4375,8
2024,84X647,Success Academy Charter School - NYC 12,EMS,4.99,8
2024,84X648,Girls Preparatory Charter School of New York,EMS,4.99,1
2024,84X648,Girls Preparatory Charter School of New York,HS,3.4266666666666667,6
2024,84X649,Democracy Preparatory Endurance Charter School,EMS,2.708235294117647,17
2024,84X649,Democracy Preparatory Endurance Charter School,HS,2.5465,20
2024,84X703,Bronx Preparatory Charter School,EMS,3.8625,24
2024,84X703,Bronx Preparatory Charter School,HS,2.7333333333333334,21
2024,84X704,KIPP Academy Charter School,EMS,3.723,20
2024,84X704,KIPP Academy Charter School,HS,4.008235294117648,17
2024,84X705,Family Life Academy Charter School,EMS,2.6686666666666667,15
2024,84X706,Harriet Tubman Charter School,EMS,4.0394736842105265,19
2024,84X717,Icahn Charter School 1,EMS,4.310526315789474,19
2024,84X718,Bronx Charter School for Better Learning,EMS,3.2846153846153845,13
2024,84X730,Bronx Charter School for the Arts,EMS,3.3665217391304347,23
