dbn,school_name,report_type,n_metrics_compared,n_metrics_below_avg,pct_metrics_below_avg,any_below_avg
23K323,P.S./I.S. 323,EMS,197,132,67.0,True
24Q049,P.S. 049 Dorothy Bonawit Kole,EMS,221,143,64.7,True
02M442,"Ballet Tech, NYC Public School for Dance",EMS,153,33,21.6,True
24Q093,I.S. 093 Ridgewood,EMS,227,127,55.9,True
24Q239,P.S. 239,EMS,176,103,58.5,True
24Q330,Helen M. Marshall School,EMS,180,100,55.6,True
25Q130,P.S. 130,EMS,120,16,13.3,True
25Q194,J.H.S. 194 William Carr,EMS,222,174,78.4,True
26Q266,P.S./I.S. 266,EMS,217,115,53.0,True
27Q043,P.S. 043,EMS,211,173,82.0,True
02M449,Vanguard High School,HS,243,148,60.9,True
27Q210,J.H.S. 210 Elizabeth Blackwell,EMS,240,149,62.1,True
02M459,Manhattan International High School,HS,227,86,37.9,True
27Q475,Richmond Hill High School,HS,371,190,51.2,True
02M473,Washington Irving Yabc,YABC,95,41,43.2,True
02M475,Stuyvesant High School,HS,313,148,47.3,True
14K582,M.S. 582,EMS,214,57,26.6,True
14K586,Lyons Community School,EMS,176,146,83.0,True
15K295,P.S. 295,EMS,157,35,22.3,True
02M418,Millennium High School,HS,286,54,18.9,True
17K138,P.S. 138 Brooklyn,EMS,206,83,40.3,True
17K181,P.S. 181 Brooklyn,EMS,212,151,71.2,True
17K340,I.S. 340,EMS,195,107,54.9,True
17K394,M.S. K394,EMS,194,146,75.3,True
17K467,Erasmus Yabc,YABC,97,63,64.9,True
17K722,New Heights Middle School,EMS,213,143,67.1,True
18K066,P.S. 66,EMS,210,153,72.9,True
02M422,Quest to Learn,EMS,193,143,74.1,True
18K219,P.S. 219 Kennedy-King,EMS,172,135,78.5,True
02M422,Quest to Learn,HS,272,195,71.7,True
19K171,I.S. 171 Abraham Lincoln,EMS,218,164,75.2,True
19K325,The Fresh Creek School,EMS,128,52,40.6,True
02M439,Manhattan Village Academy,HS,293,32,10.9,True
20K229,P.S. 229 Dyker,EMS,217,72,33.2,True
21K121,P.S. 121 Nelson A. Rockefeller,EMS,197,54,27.4,True
21K540,John Dewey High School,HS,361,228,63.2,True
22K109,P.S. 109,EMS,208,98,47.1,True
22K245,P.S. 245,EMS,162,36,22.2,True
02M546,Academy for Software Engineering,HS,292,111,38.0,True
15K463,Cyberarts Studio Academy,HS,286,182,63.6,True
02M529,Jacqueline Kennedy Onassis High School,HS,273,199,72.9,True
32K376,P.S. 376,EMS,155,49,31.6,True
02M542,Manhattan Bridges High School,HS,252,12,4.8,True
02M544,Independence High School,HST,209,164,78.5,True
02M586,Harvey Milk High School,HST,119,70,58.8,True
01M019,P.S. 019 Asher Levy,EMS,97,43,44.3,True
02M126,P.S. 126 Jacob August Riis,EMS,221,50,22.6,True
01M015,P.S. 015 Roberto Clemente,EMS,137,29,21.2,True
01M020,P.S. 020 Anna Silver,EMS,168,135,80.4,True
01M034,P.S. 034 Franklin D. Roosevelt,EMS,192,143,74.5,True
01M063,The STAR Academy - P.S.63,EMS,107,47,43.9,True
01M064,P.S. 064 Robert Simon,EMS,138,88,63.8,True
01M110,P.S. 110 Florence Nightingale,EMS,161,49,30.4,True
01M134,P.S. 134 Henrietta Szold,EMS,150,93,62.0,True
01M140,P.S. 140 Nathan Straus,EMS,205,134,65.4,True
01M142,P.S. 142 Amalia Castro,EMS,139,78,56.1,True
01M184,P.S. 184m Shuang Wen,EMS,212,36,17.0,True
01M188,P.S. 188 The Island School,EMS,199,55,27.6,True
01M292,Orchard Collegiate Academy,HS,264,112,42.4,True
01M315,The East Village Community School,EMS,149,64,43.0,True
01M332,University Neighborhood Middle School,EMS,187,113,60.4,True
01M361,The Children's Workshop School,EMS,142,94,66.2,True
01M363,Neighborhood School,EMS,41,22,53.7,True
01M364,Earth School,EMS,70,48,68.6,True
01M378,School for Global Leaders,EMS,203,89,43.8,True
01M448,University Neighborhood High School,HS,322,27,8.4,True
01M450,East Side Community School,EMS,185,90,48.6,True
01M450,East Side Community School,HS,240,48,20.0,True
01M458,Forsyth Satellite Academy,HST,159,85,53.5,True
01M509,Marta Valle High School,HS,143,82,57.3,True
01M515,Lower East Side Preparatory High School,HST,201,102,50.7,True
01M539,"New Explorations into Science, Technology and Math High School",EMS,191,47,24.6,True
01M539,"New Explorations into Science, Technology and Math High School",HS,297,83,27.9,True
01M650,Cascades High School,HST,192,101,52.6,True
01M696,Bard High School Early College,HS,307,129,42.0,True
01M839,Tompkins Square Middle School,EMS,211,97,46.0,True
02M001,P.S. 001 Alfred E. Smith,EMS,175,116,66.3,True
02M002,P.S. 002 Meyer London,EMS,174,61,35.1,True
02M003,P.S. 003 Charrette School,EMS,179,89,49.7,True
02M006,P.S. 006 Lillie D. Blake,EMS,150,26,17.3,True
02M011,P.S. 011: The Sarah J. Garnet Elementary School,EMS,203,67,33.0,True
02M033,P.S. 033 Chelsea Prep,EMS,216,158,73.1,True
02M040,P.S. 040 Augustus Saint-Gaudens,EMS,167,24,14.4,True
02M041,P.S. 041 Greenwich Village,EMS,154,34,22.1,True
02M042,P.S. 042 Benjamin Altman,EMS,162,20,12.3,True
02M047,47 The American Sign Language and English Secondary School,HS,245,45,18.4,True
02M500,Unity Center for Urban Technologies,HS,265,67,25.3,True
02M051,P.S. 051 Elias Howe,EMS,180,122,67.8,True
02M059,P.S. 059 Beekman Hill International,EMS,161,30,18.6,True
02M077,P.S. 77 Lower Lab School,EMS,112,5,4.5,True
02M089,P.S. 89,EMS,150,11,7.3,True
02M104,J.H.S. 104 Simon Baruch,EMS,228,97,42.5,True
02M111,P.S. 111 Adolph S. Ochs,EMS,193,130,67.4,True
02M114,East Side Middle School,EMS,176,31,17.6,True
02M116,P.S. 116 Mary Lindley Murray,EMS,160,102,63.7,True
02M124,P.S. 124 Yung Wing,EMS,138,17,12.3,True
02M130,P.S. 130 Hernando De Soto,EMS,171,42,24.6,True
02M131,M.S. 131,EMS,218,121,55.5,True
02M135,The Urban Assembly Early College High School of Emergency Medicine,HS,248,110,44.4,True
02M139,Stephen T. Mather Building Arts & Craftsmanship High School,HS,258,148,57.4,True
02M150,P.S. 150,EMS,99,22,22.2,True
02M151,Yorkville Community School,EMS,165,57,34.5,True
02M158,P.S. 158 Bayard Taylor,EMS,168,45,26.8,True
02M167,J.H.S. 167 Robert F. Wagner,EMS,234,95,40.6,True
02M177,Yorkville East Middle School,EMS,186,23,12.4,True
02M183,P.S. 183 Robert L. Stevenson,EMS,163,25,15.3,True
02M198,P.S. 198 Isidor E. Ida Straus,EMS,173,68,39.3,True
02M212,P.S. 212 Midtown West,EMS,149,83,55.7,True
02M217,P.S./I.S. 217 Roosevelt Island,EMS,218,76,34.9,True
02M225,Ella Baker School,EMS,165,100,60.6,True
02M234,P.S. 234 Independence School,EMS,165,41,24.8,True
02M255,M.S. 255 Salk School of Science,EMS,169,62,36.7,True
02M260,The Clinton School,EMS,165,77,46.7,True
02M260,The Clinton School,HS,187,58,31.0,True
02M267,"East Side Elementary School, PS 267",EMS,137,29,21.2,True
02M276,Battery Park City School,EMS,212,54,25.5,True
02M280,Manhattan Early College School for Advertising,HS,236,89,37.7,True
02M281,The River School,EMS,126,20,15.9,True
02M282,Urban Assembly Maker Academy,HS,241,98,40.7,True
02M288,Food and Finance High School,HS,285,132,46.3,True
02M289,I.S. 289,EMS,198,62,31.3,True
02M290,P.S. 290 Manhattan New School,EMS,149,19,12.8,True
02M294,Essex Street Academy,HS,255,60,23.5,True
02M296,High School of Hospitality Management,HS,265,151,57.0,True
02M297,M.S. 297,EMS,165,122,73.9,True
02M298,Pace High School,HS,299,217,72.6,True
02M300,"Urban Assembly School of Design and Construction, The",HS,262,176,67.2,True
09X339,I.S. 339,EMS,209,80,38.3,True
02M303,"Facing History School, The",HS,237,75,31.6,True
02M305,"Urban Assembly Academy of Government and Law, The",HS,276,131,47.5,True
02M308,Lower Manhattan Arts Academy,HS,281,151,53.7,True
02M312,New York City Lab Middle School for Collaborative Studies,EMS,204,79,38.7,True
02M313,"James Baldwin School, The: A School for Expeditionary Learning",HST,155,62,40.0,True
02M316,"Urban Assembly School of Business for Young Women, the",HS,207,152,73.4,True
12X341,Accion Academy,EMS,210,123,58.6,True
02M340,Sixth Avenue Elementary School,EMS,82,29,35.4,True
02M343,The Peck Slip School,EMS,139,67,48.2,True
02M347,The 47 American Sign Language & English Lower School,EMS,169,52,30.8,True
02M374,Gramercy Arts High School,HS,295,167,56.6,True
02M376,NYC iSchool,HS,283,72,25.4,True
02M392,Manhattan Business Academy,HS,291,86,29.6,True
02M393,Business Of Sports School,HS,287,157,54.7,True
02M394,Emma Lazarus High School,HST,189,54,28.6,True
02M397,Spruce Street School,EMS,191,53,27.7,True
02M399,The High School For Language And Diplomacy,HS,262,166,63.4,True
02M400,High School for Environmental Studies,HS,359,199,55.4,True
14K050,J.H.S. 050 John D. Wells,EMS,217,47,21.7,True
24Q110,P.S. 110,EMS,158,85,53.8,True
02M407,Institute for Collaborative Education,EMS,61,19,31.1,True
03M541,Manhattan / Hunter Science High School,HS,301,33,11.0,True
02M407,Institute for Collaborative Education,HS,205,33,16.1,True
02M408,Professional Performing Arts High School,EMS,130,75,57.7,True
02M408,Professional Performing Arts High School,HS,300,104,34.7,True
02M411,Baruch College Campus High School,HS,287,26,9.1,True
02M412,N.Y.C. Lab School for Collaborative Studies,HS,287,64,22.3,True
02M413,School of the Future High School,EMS,190,127,66.8,True
02M413,School of the Future High School,HS,269,65,24.2,True
02M414,N.Y.C. Museum School,HS,285,37,13.0,True
26Q415,Benjamin N. Cardozo High School,HS,369,259,70.2,True
02M416,Eleanor Roosevelt High School,HS,279,55,19.7,True
02M419,Landmark High School,HS,236,141,59.7,True
02M420,High School for Health Professions and Human Services,HS,360,111,30.8,True
04M206,P.S. 206 Jose Celso Barbosa,EMS,214,111,51.9,True
02M425,Leadership and Public Service High School,HS,277,179,64.6,True
27Q183,P.S. 183 Dr. Richard R. Green,EMS,213,142,66.7,True
02M427,Manhattan Academy For Arts & Language,HS,234,127,54.3,True
02M432,Murray Hill Academy,HS,199,107,53.8,True
02M437,Hudson High School of Learning Technologies,HS,272,148,54.4,True
27Q232,P.S. 232 Lindenwood,EMS,237,136,57.4,True
02M438,International High School at Union Square,HS,235,63,26.8,True
27Q333,Goldie Maple Academy,EMS,171,125,73.1,True
02M489,High School of Economics and Finance,HS,339,151,44.5,True
28Q358,M.S. 358,EMS,208,63,30.3,True
29Q034,P.S. 034 John Harvard,EMS,188,121,64.4,True
30Q078,P.S./I.S. 78Q,EMS,215,77,35.8,True
02M507,Urban Assembly Gateway School for Technology,HS,283,57,20.1,True
02M519,Talent Unlimited High School,HS,293,87,29.7,True
02M655,The High School for Climate Justice,HS,283,215,76.0,True
02M520,Murry Bergtraum High School for Business Careers,HS,229,194,84.7,True
30Q112,P.S. 112 Dutch Kills,EMS,195,147,75.4,True
30Q235,Academy for New Americans,EMS,132,58,43.9,True
02M527,P.S. 527 - East Side School for Social Action,EMS,125,11,8.8,True
02M531,Repertory Company High School for Theatre Arts,HS,255,63,24.7,True
31R034,I.S. 034 Tottenville,EMS,217,86,39.6,True
02M533,Union Square Academy for Health Sciences,HS,281,142,50.5,True
02M534,Harvest Collegiate High School,HS,243,129,53.1,True
02M543,New Design High School,HS,286,113,39.5,True
02M545,High School for Dual Language and Asian Studies,HS,220,38,17.3,True
02M550,Liberty High School Academy for Newcomers,HST,189,62,32.8,True
02M551,Urban Assembly New York Harbor School,HS,317,206,65.0,True
02M560,High School M560 - City As School,HST,163,113,69.3,True
02M565,Urban Academy Laboratory High School,HST,99,52,52.5,True
02M570,Satellite Academy High School,HST,156,76,48.7,True
02M575,Manhattan Comprehensive Night and Day High School,HST,208,126,60.6,True
02M580,Richard R. Green High School of Teaching,HS,298,213,71.5,True
02M600,The High School of Fashion Industries,HS,342,93,27.2,True
02M605,Humanities Preparatory Academy,HS,159,37,23.3,True
02M615,Chelsea Career and Technical Education High School,HS,298,140,47.0,True
03M009,P.S. 009 Sarah Anderson,EMS,170,25,14.7,True
02M630,Art and Design High School,HS,382,188,49.2,True
02M896,Lower Manhattan Community Middle School,EMS,213,78,36.6,True
02M933,City Knoll Middle School,EMS,164,86,52.4,True
03M054,J.H.S. 054 Booker T. Washington,EMS,231,114,49.4,True
03M075,P.S. 075 Emily Dickinson,EMS,193,62,32.1,True
03M076,P.S. 076 A. Philip Randolph,EMS,199,151,75.9,True
03M084,P.S. 084 Lillian Weber,EMS,190,72,37.9,True
03M087,P.S. 087 William Sherman,EMS,177,27,15.3,True
03M145,"P.S. 145, The Bloomingdale School",EMS,196,171,87.2,True
03M149,P.S. 149 Sojourner Truth,EMS,202,147,72.8,True
03M163,P.S. 163 Alfred E. Smith,EMS,180,93,51.7,True
03M165,P.S. 165 Robert E. Simon,EMS,207,139,67.1,True
03M166,P.S. 166 The Richard Rodgers School of The Arts and Technology,EMS,163,42,25.8,True
03M180,P.S. 180 Hugo Newman,EMS,202,164,81.2,True
03M185,The Locke School of Arts and Engineering,EMS,97,89,91.8,True
03M191,The Riverside School for Makers and Artists,EMS,209,163,78.0,True
03M199,P.S. 199 Jessie Isador Straus,EMS,185,32,17.3,True
03M241,STEM Institute of Manhattan,EMS,131,101,77.1,True
03M242,P.S. 242 - The Young Diplomats Magnet Academy,EMS,123,99,80.5,True
03M243,M.S. 243 Center School,EMS,171,54,31.6,True
03M245,M.S. M245 The Computer School,EMS,219,67,30.6,True
03M247,M.S. M247 Dual Language Middle School,EMS,181,65,35.9,True
03M250,M.S. 250 West Side Collaborative Middle School,EMS,116,71,61.2,True
03M256,Lafayette Academy,EMS,196,71,36.2,True
03M258,Community Action School - MS 258,EMS,184,83,45.1,True
03M291,West End Secondary School,EMS,193,53,27.5,True
03M291,West End Secondary School,HS,127,15,11.8,True
03M299,The Maxine Greene HS for Imaginative Inquiry,HS,206,140,68.0,True
03M307,"Urban Assembly School for Media Studies, The",HS,284,124,43.7,True
03M333,P.S. 333 Manhattan School for Children,EMS,207,103,49.8,True
03M334,The Anderson School,EMS,148,16,10.8,True
03M402,The Urban Assembly School for Green Careers,HS,277,135,48.7,True
03M403,The Global Learning Collaborative,HS,294,169,57.5,True
03M404,Innovation Diploma Plus,HST,179,105,58.7,True
03M415,Wadleigh Secondary School for the Performing & Visual Arts,EMS,137,73,53.3,True
03M415,Wadleigh Secondary School for the Performing & Visual Arts,HS,273,93,34.1,True
03M417,Frank McCourt High School,HS,297,131,44.1,True
03M421,West Prep Academy,EMS,206,73,35.4,True
03M452,P.S. 452,EMS,139,29,20.9,True
03M479,Beacon High School,HS,300,151,50.3,True
03M485,Fiorello H. LaGuardia High School of Music & Art and Performing Arts,HS,353,158,44.8,True
03M492,"High School for Law, Advocacy and Community Justice",HS,291,194,66.7,True
03M494,High School of Arts and Technology,HS,292,218,74.7,True
03M505,Edward A. Reynolds West Side High School,HST,134,109,81.3,True
12X316,Kappa III,EMS,211,101,47.9,True
03M610,Young Women's Leadership School,EMS,162,87,53.7,True
03M610,Young Women's Leadership School,HS,258,29,11.2,True
04M007,P.S. 007 Samuel Stern,EMS,206,135,65.5,True
03M859,Special Music School,EMS,113,16,14.2,True
03M859,Special Music School,HS,188,38,20.2,True
03M860,Frederick Douglass Academy II Secondary School,EMS,145,72,49.7,True
03M860,Frederick Douglass Academy II Secondary School,HS,286,146,51.0,True
03M862,Mott Hall II,EMS,222,120,54.1,True
04M012,Tag Young Scholars,EMS,172,25,14.5,True
04M037,River East Elementary,EMS,136,94,69.1,True
04M038,P.S. 38 Roberto Clemente,EMS,144,109,75.7,True
04M057,James Weldon Johnson,EMS,214,170,79.4,True
04M072,The Lexington Academy,EMS,205,177,86.3,True
04M083,P.S. 083 Luis Munoz Rivera,EMS,169,47,27.8,True
04M096,P.S. 096 Joseph Lanzetta,EMS,209,161,77.0,True
04M102,P.S. 102 Jacques Cartier,EMS,152,124,81.6,True
04M108,P.S. 108 Assemblyman Angelo Del Toro Educational Complex,EMS,211,167,79.1,True
04M146,P.S. 146 Ann M. Short,EMS,177,62,35.0,True
04M155,P.S. 155 William Paca,EMS,155,129,83.2,True
04M171,P.S. 171 Patrick Henry,EMS,210,46,21.9,True
04M182,The Bilingual Bicultural School,EMS,148,34,23.0,True
04M224,M.S. 224 Manhattan East School for Arts & Academics,EMS,203,106,52.2,True
04M310,The Judith S. Kaye School,HST,101,51,50.5,True
04M372,Esperanza Preparatory Academy,EMS,195,84,43.1,True
04M372,Esperanza Preparatory Academy,HS,243,118,48.6,True
04M375,Mosaic Preparatory Academy,EMS,147,94,63.9,True
04M377,Renaissance School of the Arts,EMS,204,96,47.1,True
04M435,Manhattan Center for Science and Mathematics,HS,357,52,14.6,True
04M555,Central Park East High School,HS,300,25,8.3,True
04M495,Park East High School,HS,283,14,4.9,True
04M497,Central Park East I,EMS,75,48,64.0,True
04M680,"Heritage School, The",HS,279,143,51.3,True
04M825,Isaac Newton Middle School for Math & Science,EMS,201,101,50.2,True
04M964,Central Park East II,EMS,160,111,69.4,True
05M030,P.S. 030 Hernandez/Hughes,EMS,134,67,50.0,True
05M036,P.S. 036 Margaret Douglas,EMS,169,106,62.7,True
05M046,P.S. 046 Arthur Tappan,EMS,211,118,55.9,True
05M092,P.S. 092 Mary McLeod Bethune,EMS,148,65,43.9,True
05M123,P.S. 123 Mahalia Jackson,EMS,208,152,73.1,True
05M125,P.S. 125 Ralph Bunche,EMS,118,28,23.7,True
05M129,P.S. 129 John H. Finley,EMS,175,130,74.3,True
05M133,P.S. 133 Fred R Moore,EMS,140,56,40.0,True
05M148,Eagle Academy for Young Men of Harlem,EMS,168,127,75.6,True
05M148,Eagle Academy for Young Men of Harlem,HS,149,85,57.0,True
05M154,P.S. 154 Harriet Tubman,EMS,155,96,61.9,True
05M157,The Urban Assembly School for Global Commerce,HS,234,163,69.7,True
05M304,Mott Hall High School,HS,285,161,56.5,True
05M161,P.S. 161 Pedro Albizu Campos,EMS,215,134,62.3,True
05M175,P.S. 175 Henry H Garnet,EMS,162,100,61.7,True
05M194,P.S. 194 Countee Cullen,EMS,153,130,85.0,True
05M197,P.S. 197 John B. Russwurm,EMS,147,123,83.7,True
05M200,P.S. 200- The James McCune Smith School,EMS,177,137,77.4,True
05M285,Harlem Renaissance High School,HST,196,132,67.3,True
05M286,Urban Assembly Academy for Future Leaders,EMS,186,134,72.0,True
05M318,Thurgood Marshall Academy Lower School,EMS,120,87,72.5,True
05M362,Columbia Secondary School,EMS,198,69,34.8,True
05M362,Columbia Secondary School,HS,277,87,31.4,True
06M128,P.S. 128 Audubon,EMS,168,99,58.9,True
05M369,Urban Assembly School for the Performing Arts,HS,271,152,56.1,True
05M499,Frederick Douglass Academy,EMS,194,158,81.4,True
05M499,Frederick Douglass Academy,HS,290,220,75.9,True
05M514,New Design Middle School,EMS,182,142,78.0,True
05M517,Teachers College Community School,EMS,164,106,64.6,True
05M670,Thurgood Marshall Academy for Learning and Social Change,EMS,177,111,62.7,True
05M670,Thurgood Marshall Academy for Learning and Social Change,HS,276,179,64.9,True
05M692,"High School for Mathematics, Science and Engineering at City College",HS,288,55,19.1,True
06M004,P.S. 004 Duke Ellington,EMS,182,92,50.5,True
06M005,P.S. 005 Ellen Lurie,EMS,173,111,64.2,True
06M008,P.S. 008 Luis Belliard,EMS,164,97,59.1,True
06M018,P.S. 018 Park Terrace,EMS,190,137,72.1,True
06M028,P.S. 028 Wright Brothers,EMS,187,84,44.9,True
06M048,P.S. 048 P.O. Michael J. Buczek,EMS,171,119,69.6,True
06M052,Harold O. Levy School,EMS,188,105,55.9,True
06M098,P.S. 098 Shorac Kappock,EMS,155,124,80.0,True
06M103,Dos Puentes Elementary School,EMS,130,54,41.5,True
06M115,P.S. 115 Alexander Humboldt,EMS,172,121,70.3,True
06M132,P.S. 132 Juan Pablo Duarte,EMS,143,56,39.2,True
06M223,The Mott Hall School,EMS,206,70,34.0,True
06M143,J.H.S. 143 Eleanor Roosevelt,EMS,183,95,51.9,True
06M152,P.S. 152 Dyckman Valley,EMS,179,139,77.7,True
06M153,P.S. 153 Adam Clayton Powell,EMS,175,123,70.3,True
06M173,P.S./I.S. 173 Fort Washington School in the Heights,EMS,170,125,73.5,True
06M178,Professor Juan Bosch Public School,EMS,134,61,45.5,True
06M187,P.S./I.S. 187 Hudson Cliffs,EMS,206,66,32.0,True
06M189,P.S. 189,EMS,157,65,41.4,True
06M192,P.S. 192 Jacob H. Schiff,EMS,137,58,42.3,True
06M209,Hamilton Grange Middle School,EMS,212,111,52.4,True
06M210,P.S./I.S. 210 - Twenty-first Century Academy for Community Leadership,EMS,184,50,27.2,True
06M211,Inwood Early College for Health and Information Technologies,HS,212,120,56.6,True
06M278,Paula Hedbavny School,EMS,204,83,40.7,True
06M293,City College Magnet School of the Arts,EMS,179,103,57.5,True
06M293,City College Magnet School of the Arts,HS,233,72,30.9,True
06M311,Amistad Dual Language School,EMS,193,78,40.4,True
06M314,Muscota,EMS,135,22,16.3,True
06M319,M.S. 319 - Maria Teresa,EMS,204,113,55.4,True
06M322,Middle School 322,EMS,199,101,50.8,True
06M324,M.S. 324 - Patria Mirabal,EMS,204,64,31.4,True
06M328,Community Math & Science Prep,EMS,189,101,53.4,True
06M346,Community Health Academy of the Heights,EMS,201,120,59.7,True
06M346,Community Health Academy of the Heights,HS,260,114,43.8,True
06M348,Washington Heights Expeditionary Learning School,EMS,195,97,49.7,True
06M348,Washington Heights Expeditionary Learning School,HS,260,145,55.8,True
06M349,Harbor Heights,EMS,99,33,33.3,True
06M366,Washington Heights Academy,EMS,174,25,14.4,True
06M368,The William Lynch School,EMS,160,108,67.5,True
06M423,High School for Excellence and Innovation,HST,184,55,29.9,True
06M457,George Washington Yabc,YABC,93,21,22.6,True
06M462,The College Academy,HS,257,83,32.3,True
06M463,High School for Media and Communications,HS,261,164,62.8,True
06M467,High School for Law and Public Service,HS,277,156,56.3,True
06M468,High School for Health Careers and Sciences,HS,269,142,52.8,True
06M513,Castle Bridge School,EMS,47,21,44.7,True
06M528,I.S. 528 Bea Fuller Rodgers School,EMS,190,75,39.5,True
06M540,A. Philip Randolph Campus High School,HS,308,226,73.4,True
06M552,Gregorio Luperon High School for Science and Mathematics,HS,249,57,22.9,True
07X001,P.S. 001 Courtlandt School,EMS,182,153,84.1,True
07X005,P.S. 5 Port Morris,EMS,212,143,67.5,True
07X018,P.S. 018 John Peter Zenger,EMS,172,145,84.3,True
07X025,P.S. 025 Bilingual School,EMS,171,51,29.8,True
07X029,P.S./M.S. 029 Melrose School,EMS,211,171,81.0,True
07X030,P.S. 030 Wilton,EMS,181,140,77.3,True
07X031,P.S./M.S. 031 The William Lloyd Garrison,EMS,213,175,82.2,True
07X043,P.S. 043 Jonas Bronck,EMS,176,104,59.1,True
07X049,P.S. 049 Willis Avenue,EMS,189,33,17.5,True
07X065,P.S. 065 Mother Hale Academy,EMS,171,97,56.7,True
07X379,Jill Chaifetz Transfer High School,HST,205,156,76.1,True
07X151,J.H.S. 151 Lou Gehrig,EMS,112,87,77.7,True
07X154,P.S. 154 Jonathan D. Hyatt,EMS,165,45,27.3,True
07X157,P.S. 157 Grove Hill,EMS,191,135,70.7,True
07X161,P.S. 161 Juan Ponce De Leon School,EMS,187,131,70.1,True
07X179,P.S. 179,EMS,142,90,63.4,True
07X221,South Bronx Preparatory: A College Board School,EMS,203,62,30.5,True
07X221,South Bronx Preparatory: A College Board School,HS,284,49,17.3,True
07X223,The Laboratory School of Finance and Technology: X223,EMS,197,70,35.5,True
07X223,The Laboratory School of Finance and Technology: X223,HS,205,47,22.9,True
07X224,P.S./I.S. 224,EMS,207,167,80.7,True
07X259,"H.E.R.O. High (Health, Education, and Research Occupations High School)",HS,261,177,67.8,True
07X277,P.S. 277,EMS,164,100,61.0,True
07X296,South Bronx Academy for Applied Media,EMS,207,124,59.9,True
07X298,Academy of Public Relations,EMS,202,140,69.3,True
07X334,International Community High School,HS,229,52,22.7,True
07X343,Academy of Applied Mathematics and Technology,EMS,209,45,21.5,True
07X359,"Leaders of Excellence, Advocacy and Discovery",EMS,119,16,13.4,True
07X369,Young Leaders Elementary School,EMS,150,96,64.0,True
07X381,Bronx Haven High School,HST,194,120,61.9,True
07X427,Community School for Social Justice,HS,223,131,58.7,True
07X456,Alfred E. Smith Campus YABC,YABC,96,73,76.0,True
07X473,Mott Haven Village Preparatory High School,HS,262,201,76.7,True
07X495,University Heights Secondary School,HS,238,6,2.5,True
07X500,Hostos-Lincoln Academy of Science,EMS,199,137,68.8,True
07X500,Hostos-Lincoln Academy of Science,HS,270,115,42.6,True
08X123,J.H.S. 123 James M. Kieran,EMS,218,159,72.9,True
07X522,Bronx Design and Construction Academy,HS,267,196,73.4,True
07X527,Bronx Leadership Academy II High School,HS,293,104,35.5,True
07X548,Careers in Sports High School,HS,292,229,78.4,True
07X551,The Urban Assembly Bronx Academy of Letters,EMS,204,162,79.4,True
07X551,The Urban Assembly Bronx Academy of Letters,HS,291,142,48.8,True
07X557,Mott Haven Community High School,HST,208,59,28.4,True
07X584,I.S. 584,EMS,154,86,55.8,True
07X600,Alfred E. Smith Career and Technical Education High School,HS,289,121,41.9,True
07X670,Health Opportunities High School,HS,286,194,67.8,True
08X014,P.S. X014 Senator John Calandra,EMS,206,117,56.8,True
08X036,P.S. 036 Unionport,EMS,206,120,58.3,True
08X048,P.S. 048 Joseph R. Drake,EMS,182,152,83.5,True
08X062,P.S. 062 Inocensio Casanova,EMS,189,121,64.0,True
08X069,P.S. 069 Journey Prep School,EMS,185,88,47.6,True
08X071,P.S. 071 Rose E. Scala,EMS,229,112,48.9,True
08X072,P.S. 072 Dr. William Dorney,EMS,203,123,60.6,True
08X075,P.S. 75 School of Research and Discovery,EMS,189,89,47.1,True
08X093,P.S. 093 Albert G. Oliver,EMS,159,115,72.3,True
08X100,P.S. 100 Isaac Clason,EMS,186,145,78.0,True
08X101,M.S. X101 Edward R. Byrne,EMS,226,95,42.0,True
08X107,P.S. 107,EMS,189,108,57.1,True
08X119,The Dr. Emmett W. Bassett School,EMS,206,118,57.3,True
08X405,Herbert H. Lehman High School,HS,351,273,77.8,True
08X130,P.S. 130 Abram Stevens Hewitt,EMS,177,89,50.3,True
08X131,J.H.S. 131 Albert Einstein,EMS,220,166,75.5,True
08X138,P.S. 138 Samuel Randall,EMS,188,151,80.3,True
08X140,P.S. X140 The Eagle School,EMS,182,144,79.1,True
08X146,P.S. 146 Edward Collins,EMS,174,115,66.1,True
08X152,P.S. 152 Evergreen,EMS,191,134,70.2,True
08X182,P.S. 182,EMS,193,156,80.8,True
08X269,Bronx Studio School for Writers and Artists,EMS,211,160,75.8,True
08X269,Bronx Studio School for Writers and Artists,HS,270,165,61.1,True
08X282,Women's Academy of Excellence,HS,265,177,66.8,True
08X293,Renaissance High School for Musical Theater and the Arts,HS,285,112,39.3,True
08X301,M.S. 301 Paul L. Dunbar,EMS,211,181,85.8,True
08X302,M.S. 302 Luisa Dessus Cruz,EMS,211,82,38.9,True
08X304,P.S. 304 Early Childhood School,EMS,188,63,33.5,True
08X312,Millennium Art Academy,HS,290,141,48.6,True
08X320,Pelham Lab High School,HS,265,203,76.6,True
08X333,The Longwood Academy of Discovery,EMS,184,142,77.2,True
08X337,The School for Inquiry and Social Justice,EMS,207,72,34.8,True
08X348,Schuylerville Preparatory High School,HS,262,200,76.3,True
09X053,P.S. 053 Basheer Quisim,EMS,192,98,51.0,True
08X349,Bronx River High School,HS,266,75,28.2,True
08X367,"Archimedes Academy for Math, Science and Technology Applications",EMS,212,167,78.8,True
08X367,"Archimedes Academy for Math, Science and Technology Applications",HS,284,204,71.8,True
08X371,Urban Institute of Mathematics,EMS,226,91,40.3,True
08X375,The Bronx Mathematics Preparatory School,EMS,208,148,71.2,True
09X215,Kappa,EMS,208,97,46.6,True
08X376,Antonia Pantoja Preparatory Academy: A College Board School,EMS,203,116,57.1,True
08X376,Antonia Pantoja Preparatory Academy: A College Board School,HS,265,153,57.7,True
08X377,Bronx Community High School,HST,194,108,55.7,True
08X392,Bronx Delta School,EMS,115,75,65.2,True
08X408,Herbert H. Lehman Yabc,YABC,99,46,46.5,True
08X424,Bronx Academy for Multi-Media,EMS,211,99,46.9,True
08X432,Bronx Bridges High School,HS,260,110,42.3,True
08X448,Soundview Academy for Culture and Scholarship,EMS,210,124,59.0,True
08X452,Gotham Collaborative High School,HS,291,169,58.1,True
08X467,Mott Hall Community School,EMS,217,164,75.6,True
08X507,Stevenson Yabc,YABC,92,69,75.0,True
08X530,Longwood Preparatory Academy,HS,288,109,37.8,True
08X537,Bronx Arena High School,HST,180,122,67.8,True
08X558,Westchester Square Academy,HS,291,149,51.2,True
08X559,School for Tourism and Hospitality,HS,140,116,82.9,True
08X561,Bronx Compass High School,HS,277,209,75.5,True
08X562,Pugsley Preparatory Academy,EMS,232,166,71.6,True
09X004,P.S./M.S. 004 Crotona Park West,EMS,208,79,38.0,True
09X011,P.S. 011 Highbridge,EMS,180,135,75.0,True
09X022,J.H.S. 022 Jordan L. Mott,EMS,203,143,70.4,True
09X028,P.S. 028 Mount Hope,EMS,190,105,55.3,True
09X035,P.S. 035 Franz Siegel,EMS,184,148,80.4,True
09X042,P.S. 042 Claremont,EMS,183,93,50.8,True
09X055,P.S. 055 Benjamin Franklin,EMS,178,134,75.3,True
09X058,P.S. 058,EMS,172,121,70.3,True
09X063,P.S. 063 Author's Academy,EMS,184,80,43.5,True
09X070,P.S. 070 Max Schoenfeld,EMS,189,132,69.8,True
09X073,P.S. 073 Bronx,EMS,171,136,79.5,True
09X109,P.S. 109 Sedgwick,EMS,179,144,80.4,True
09X110,P.S. 110 Theodore Schoenfeld,EMS,181,142,78.5,True
09X114,P.S. X114 - Luis Llorens Torres Schools,EMS,190,154,81.1,True
09X117,I.S. 117 Joseph H. Wade,EMS,211,142,67.3,True
09X126,P.S. 126 Dr Marjorie H Dunbar,EMS,178,105,59.0,True
09X128,Mott Hall III,EMS,209,86,41.1,True
09X132,P.S. 132 Garret A. Morgan,EMS,176,123,69.9,True
09X163,P.S. 163 Arthur A. Schomburg,EMS,173,113,65.3,True
09X199,P.S. 199X - The Shakespeare School,EMS,186,118,63.4,True
09X204,P.S. 204 Morris Heights,EMS,185,7,3.8,True
09X218,P.S./I.S. 218 Rafael Hernandez Dual Language Magnet School,EMS,206,144,69.9,True
09X219,I.S. 219 New Venture School,EMS,205,123,60.0,True
09X227,Bronx Collegiate Academy,HS,289,132,45.7,True
09X229,I.S. 229 Roland Patterson,EMS,206,132,64.1,True
09X231,Eagle Academy for Young Men,EMS,189,98,51.9,True
09X231,Eagle Academy for Young Men,HS,279,141,50.5,True
09X232,I.S. 232,EMS,211,99,46.9,True
09X236,P.S. 236 Langston Hughes,EMS,156,90,57.7,True
09X241,"Urban Assembly School for Applied Math and Science, The",EMS,210,138,65.7,True
09X241,"Urban Assembly School for Applied Math and Science, The",HS,287,134,46.7,True
09X250,Eximius College Preparatory Academy: A College Board School,HS,288,66,22.9,True
09X252,Mott Hall Bronx High School,HS,291,118,40.5,True
09X260,Bronx Center for Science and Mathematics,HS,289,44,15.2,True
09X263,Validus Preparatory Academy,HS,288,212,73.6,True
09X274,The New American Academy at Roberto Clemente State Park,EMS,183,151,82.5,True
09X294,The Walton Avenue School,EMS,170,67,39.4,True
09X297,Morris Academy for Collaborative Studies,HS,292,97,33.2,True
09X303,I.S. X303 Leadership & Community Service,EMS,202,77,38.1,True
09X311,Lucero Elementary School,EMS,149,102,68.5,True
09X313,I.S. 313 School of Leadership Development,EMS,202,137,67.8,True
09X323,Bronx Writing Academy,EMS,211,122,57.8,True
09X324,Bronx Early College Academy for Teaching & Learning,EMS,193,145,75.1,True
09X324,Bronx Early College Academy for Teaching & Learning,HS,275,69,25.1,True
09X327,Comprehensive Model School Project M.S. 327,EMS,211,70,33.2,True
09X327,Comprehensive Model School Project M.S. 327,HS,271,145,53.5,True
09X328,New Millennium Bronx Academy of the Arts,EMS,206,130,63.1,True
09X329,DreamYard Preparatory School,HS,283,128,45.2,True
09X350,New Directions Secondary School,EMS,116,106,91.4,True
09X350,New Directions Secondary School,HST,106,78,73.6,True
09X361,The Highbridge Green School,EMS,206,117,56.8,True
09X365,Academy for Language and Technology,HS,246,14,5.7,True
09X403,Bronx International High School,HS,220,39,17.7,True
09X404,School for Excellence,HS,210,104,49.5,True
09X412,Bronx High School of Business,HS,280,188,67.1,True
09X413,Bronx High School for Medical Science,EMS,190,78,41.1,True
09X413,Bronx High School for Medical Science,HS,268,142,53.0,True
09X443,The Family School,EMS,181,33,18.2,True
09X449,Grant Avenue Elementary School,EMS,183,100,54.6,True
09X454,Science and Technology Academy: A Mott Hall School,EMS,212,24,11.3,True
09X457,Sheridan Academy for Young Leaders,EMS,183,123,67.2,True
09X505,"Bronx School for Law, Government and Justice",EMS,205,100,48.8,True
09X505,"Bronx School for Law, Government and Justice",HS,291,175,60.1,True
09X517,Frederick Douglass Academy III Secondary School,HS,288,87,30.2,True
09X525,Bronx Leadership Academy High School,HS,293,182,62.1,True
09X543,High School for Violin and Dance,HS,257,157,61.1,True
10X086,P.S. 086 Kingsbridge Heights,EMS,208,87,41.8,True
09X555,Mount Eden Children's Academy,EMS,165,63,38.2,True
09X564,Claremont International HS,HS,228,66,28.9,True
09X568,Young Women's Leadership School of the Bronx,EMS,187,128,68.4,True
09X568,Young Women's Leadership School of the Bronx,HS,201,95,47.3,True
09X593,South Bronx International Middle School,EMS,101,39,38.6,True
09X594,New Pathways Academy,EMS,126,58,46.0,True
10X003,P.S. 3 Raul Julia Micro Society,EMS,207,74,35.7,True
10X007,Milton Fein School,EMS,177,58,32.8,True
10X008,P.S. 008 Isaac Varian,EMS,208,142,68.3,True
10X009,P.S. 9 Ryer Avenue Elementary School,EMS,187,104,55.6,True
10X015,P.S. X015 Institute for Environmental Learning,EMS,201,86,42.8,True
10X020,"PS/MS 20 P.O.George J. Werdann, III",EMS,230,155,67.4,True
10X023,P.S. 023 The New Children's School,EMS,182,139,76.4,True
10X024,P.S. 024 Spuyten Duyvil,EMS,184,65,35.3,True
10X032,P.S. 032 Belmont,EMS,187,140,74.9,True
10X033,P.S. 033 Timothy Dwight,EMS,190,122,64.2,True
10X037,P.S. X037 - Multiple Intelligence School,EMS,209,109,52.2,True
10X045,Thomas C. Giordano Middle School 45,EMS,214,157,73.4,True
10X046,P.S. 046 Edgar Allan Poe,EMS,191,166,86.9,True
10X051,The Bronx STEM and Arts Academy,EMS,109,88,80.7,True
10X054,P.S./I.S. 54,EMS,182,143,78.6,True
10X056,P.S. 056 Norwood Heights,EMS,208,130,62.5,True
10X059,P.S. 059 The Community School of Technology,EMS,184,143,77.7,True
10X077,Bedford Park Elementary School,EMS,130,109,83.8,True
10X080,J.H.S. 080 The Mosholu Parkway,EMS,224,84,37.5,True
10X081,P.S. 081 Robert J. Christen,EMS,181,45,24.9,True
10X085,P.S. 085 Great Expectations,EMS,189,159,84.1,True
10X091,P.S. 091 Bronx,EMS,180,130,72.2,True
10X094,P.S. 094 Kings College School,EMS,198,176,88.9,True
10X095,P.S. 095 Sheila Mencher,EMS,229,146,63.8,True
10X118,J.H.S. 118 William W. Niles,EMS,227,171,75.3,True
10X141,Riverdale / Kingsbridge Academy (Middle School / High School 141),EMS,235,176,74.9,True
10X141,Riverdale / Kingsbridge Academy (Middle School / High School 141),HS,320,117,36.6,True
10X159,P.S. 159 Luis Munoz Marin Biling,EMS,133,76,57.1,True
10X205,P.S. 205 Fiorello LaGuardia,EMS,194,131,67.5,True
10X206,I.S. 206 Ann Mersereau,EMS,207,112,54.1,True
10X213,Bronx Engineering and Technology Academy,HS,291,138,47.4,True
10X225,Theatre Arts Production Company School,EMS,184,108,58.7,True
10X225,Theatre Arts Production Company School,HS,281,192,68.3,True
10X226,P.S. 226,EMS,172,73,42.4,True
10X228,Jonas Bronck Academy,EMS,207,125,60.4,True
10X237,"The Marie Curie High School for Medicine, Nursing, and Health Professions",HS,285,212,74.4,True
10X243,West Bronx Academy for the Future,EMS,211,167,79.1,True
10X243,West Bronx Academy for the Future,HS,273,121,44.3,True
10X244,The New School for Leadership and Journalism,EMS,214,54,25.2,True
10X246,P.S. 246 Poe Center,EMS,190,166,87.4,True
10X254,I.S. 254,EMS,211,108,51.2,True
10X264,Bronx Academy for Software Engineering (BASE),HS,258,135,52.3,True
10X268,Kingsbridge International High School,HS,242,173,71.5,True
10X315,P.S. 315 Lab School,EMS,192,120,62.5,True
10X279,"P.S. 279 Captain Manuel Rivera, Jr.",EMS,214,72,33.6,True
10X280,P.S./M.S. 280 Mosholu Parkway,EMS,227,98,43.2,True
10X284,Bronx School of Law and Finance,HS,283,158,55.8,True
10X291,P.S. 291,EMS,180,70,38.9,True
10X306,P.S. 306,EMS,183,141,77.0,True
10X307,Luisa Pineiro Fuentes School of Science and Discovery,EMS,111,87,78.4,True
10X308,Bronx Dance Academy School,EMS,209,47,22.5,True
10X310,P.S. 310 Marble Hill,EMS,189,118,62.4,True
10X319,Providing Urban Learners Success In Education High School,HST,190,144,75.8,True
10X331,The Bronx School of Young Leaders,EMS,205,126,61.5,True
10X340,P.S. 340,EMS,184,119,64.7,True
10X342,International School for Liberal Arts,EMS,169,55,32.5,True
10X342,International School for Liberal Arts,HS,250,141,56.4,True
10X344,Ampark Neighborhood,EMS,165,87,52.7,True
10X351,Bronx Collaborative High School,HS,213,124,58.2,True
10X434,Belmont Preparatory High School,HS,278,91,32.7,True
10X353,World View High School,HS,260,38,14.6,True
10X360,P.S. 360,EMS,162,116,71.6,True
10X363,Academy For Personal Leadership And Excellence,EMS,211,123,58.3,True
84K731,Brooklyn Excelsior Charter School,EMS,194,104,53.6,True
10X368,In-Tech Academy (M.S. / High School 368),EMS,214,158,73.8,True
10X368,In-Tech Academy (M.S. / High School 368),HS,264,115,43.6,True
10X374,Knowledge and Power Preparatory Academy International High School (Kappa),HS,291,45,15.5,True
10X382,"Elementary School for Math, Science, and Technology",EMS,131,109,83.2,True
10X386,School for Environmental Citizenship,EMS,177,116,65.5,True
10X390,M.S. 390,EMS,209,130,62.2,True
10X391,The Angelo Patri Middle School,EMS,211,145,68.7,True
84K746,Hebrew Language Academy Charter School,EMS,187,94,50.3,True
10X396,P.S. 396,EMS,171,74,43.3,True
10X397,English Language Learners and International Support Preparatory Academy (ELLIS),HST,150,72,48.0,True
10X433,High School for Teaching and the Professions,HS,275,125,45.5,True
11X083,P.S. 083 Donald Hertz,EMS,231,176,76.2,True
10X437,Fordham High School for the Arts,HS,283,28,9.9,True
10X438,Fordham Leadership Academy,HS,292,92,31.5,True
10X439,Bronx High School for Law and Community Service,HS,288,56,19.4,True
10X440,DeWitt Clinton High School,HS,328,165,50.3,True
10X442,"Celia Cruz Bronx High School of Music, The",HS,286,42,14.7,True
10X445,The Bronx High School of Science,HS,331,76,23.0,True
10X447,Creston Academy,EMS,207,67,32.4,True
10X459,East Fordham Academy for the Arts,EMS,118,94,79.7,True
10X477,Marble Hill High School for International Studies,HS,287,9,3.1,True
27Q487,John Adams Yabc,YABC,99,44,44.4,True
10X503,Walton Yabc,YABC,98,44,44.9,True
10X504,Kennedy Yabc,YABC,94,72,76.6,True
10X524,Crotona International High School,HS,204,70,34.3,True
10X546,Bronx Theatre High School,HS,282,159,56.4,True
10X549,Discovery High School,HS,274,29,10.6,True
10X565,High School for Energy and Technology,HS,273,97,35.5,True
10X668,Dewitt Clinton Campus YABC,YABC,91,41,45.1,True
10X696,High School of American Studies at Lehman College,HS,260,38,14.6,True
11X016,P.S. 016 Wakefield,EMS,166,102,61.4,True
11X019,P.S. 019 Judith K. Weiss,EMS,203,115,56.7,True
11X021,P.S. 021 Philip H. Sheridan,EMS,178,120,67.4,True
11X041,P.S. 041 Gun Hill Road,EMS,192,145,75.5,True
11X068,P.S. 068 Bronx,EMS,175,49,28.0,True
11X076,P.S. 076 The Bennington School,EMS,183,146,79.8,True
11X078,P.S. 078 Anne Hutchinson,EMS,188,153,81.4,True
11X265,Bronx Lab School,HS,240,113,47.1,True
11X087,P.S. 087 Bronx,EMS,169,117,69.2,True
11X089,P.S. 089 Bronx,EMS,229,141,61.6,True
11X096,P.S. 096 Richard Rodgers,EMS,192,79,41.1,True
11X097,P.S. 097 Bronx,EMS,202,138,68.3,True
11X103,P.S. 103 Hector Fontanez,EMS,191,137,71.7,True
11X105,P.S. 105 Sen Abraham Bernstein,EMS,208,144,69.2,True
11X106,P.S. 106 Parkchester,EMS,204,156,76.5,True
11X108,P.S. 108 Philip J. Abinanti,EMS,182,65,35.7,True
11X111,P.S. 111 Seton Falls,EMS,170,138,81.2,True
11X112,P.S. 112 Bronxwood,EMS,178,140,78.7,True
11X121,P.S. 121 Throop,EMS,203,172,84.7,True
11X127,J.H.S. 127 The Castle Hill,EMS,232,163,70.3,True
11X144,J.H.S. 144 Michelangelo,EMS,229,84,36.7,True
11X153,P.S. 153 Helen Keller,EMS,169,92,54.4,True
11X160,P.S. 160 Walt Disney,EMS,154,104,67.5,True
11X169,Baychester Academy,EMS,142,49,34.5,True
11X175,P.S. 175 City Island,EMS,183,130,71.0,True
11X178,P.S. 178 - Dr. Selman Waksman,EMS,169,118,69.8,True
11X180,M.S. 180 Dr. Daniel Hale Williams,EMS,224,154,68.8,True
11X181,I.S. 181 Pablo Casals,EMS,226,65,28.8,True
11X189,Cornerstone Academy for Social Action,EMS,158,118,74.7,True
11X194,P.S./M.S. 194,EMS,232,175,75.4,True
11X249,Bronx Health Sciences High School,HS,268,60,22.4,True
11X253,Bronx High School for Writing and Communication Arts,HS,222,139,62.6,True
11X270,Academy for Scholarship and Entrepreneurship: A College Board School,HS,283,151,53.4,True
11X275,High School of Computers and Technology,HS,290,150,51.7,True
11X544,High School for Contemporary Arts,HS,289,136,47.1,True
11X287,North Bronx School of Empowerment,EMS,212,178,84.0,True
29Q295,P.S./I.S. 295,EMS,219,99,45.2,True
11X288,Collegiate Institute for Math and Science,HS,345,144,41.7,True
11X290,Bronx Academy of Health Careers,HS,287,133,46.3,True
11X299,Astor Collegiate Academy,HS,312,215,68.9,True
12X248,"Metropolitan High School, The",HS,280,181,64.6,True
11X326,Bronx Green Middle School,EMS,228,137,60.1,True
11X355,Bronx Alliance Middle School,EMS,199,148,74.4,True
11X357,Young Voices Academy of the Bronx,EMS,131,108,82.4,True
11X370,Leaders of Tomorrow,EMS,207,159,76.8,True
11X417,C Columbus Hs Yabc,YABC,94,33,35.1,True
11X418,Bronx High School for the Visual Arts,HS,300,201,67.0,True
11X455,Harry S Truman High School,HS,335,177,52.8,True
11X462,Cornerstone Academy for Social Action Middle School (CASA),EMS,180,119,66.1,True
11X468,Pelham Academy of Academics and Community Engagement,EMS,221,142,64.3,True
11X498,P.S./M.S. 11X498 - Van Nest Academy,EMS,223,88,39.5,True
11X508,Bronxdale High School,HS,286,183,64.0,True
11X509,High School of Language and Innovation,HS,271,84,31.0,True
11X513,New World High School,HS,261,27,10.3,True
11X514,The Bronxwood Preparatory Academy,HS,287,135,47.0,True
11X529,One World Middle School at Edenwald,EMS,211,78,37.0,True
11X532,Baychester Middle School,EMS,207,142,68.6,True
11X542,Pelham Preparatory Academy,HS,297,95,32.0,True
11X545,Bronx Aerospace High School,HS,278,141,50.7,True
11X556,Bronx Park Middle School,EMS,225,155,68.9,True
11X566,Pelham Gardens Middle School,EMS,221,121,54.8,True
11X567,Linden Tree Elementary School,EMS,156,129,82.7,True
12X006,P.S. 006 West Farms,EMS,175,150,85.7,True
12X044,P.S. 044 David C. Farragut,EMS,149,89,59.7,True
12X047,P.S. 047 John Randolph,EMS,205,178,86.8,True
12X057,P.S. 057 Crescent,EMS,182,151,83.0,True
12X061,P.S. 061 Francisco Oller,EMS,153,111,72.5,True
12X066,P.S. 066 School of Higher Expectations,EMS,183,71,38.8,True
12X067,P.S. 067 Mohegan School,EMS,157,54,34.4,True
12X098,J.H.S. 098 Herman Ridder,EMS,158,89,56.3,True
12X129,M.S. 129 Academy for Independent Learning and Leadership,EMS,214,34,15.9,True
12X134,P.S. 134 George F. Bristow,EMS,181,153,84.5,True
12X150,P.S. 150 Charles James Fox,EMS,191,100,52.4,True
12X190,E.S.M.T- I.S. 190,EMS,203,100,49.3,True
12X195,P.S. 195,EMS,190,166,87.4,True
12X196,P.S. 196,EMS,191,164,85.9,True
12X211,P.S. 211,EMS,168,99,58.9,True
12X212,P.S. 212,EMS,109,82,75.2,True
12X214,P.S. 214,EMS,216,179,82.9,True
12X217,School of Performing Arts,EMS,210,144,68.6,True
12X242,Mott Hall V,EMS,214,103,48.1,True
12X242,Mott Hall V,HS,269,75,27.9,True
12X251,Explorations Academy H.S.,HS,286,133,46.5,True
12X267,Bronx Latin,EMS,203,114,56.2,True
12X267,Bronx Latin,HS,272,42,15.4,True
12X271,East Bronx Academy for the Future,EMS,211,141,66.8,True
12X271,East Bronx Academy for the Future,HS,291,118,40.5,True
12X273,Frederick Douglass Academy V. Middle School,EMS,209,129,61.7,True
12X286,Fannie Lou Hamer Middle School,EMS,203,157,77.3,True
12X300,The School of Science and Applied Learning,EMS,189,163,86.2,True
12X314,Fairmont Neighborhood School,EMS,171,141,82.5,True
12X318,"I.S. X318 Math, Science & Technology Through Arts",EMS,210,162,77.1,True
30Q085,P.S. 085 Judge Charles Vallone,EMS,175,106,60.6,True
12X383,Emolior Academy,EMS,208,112,53.8,True
12X388,Pan American International High School at Monroe,HS,209,17,8.1,True
12X428,Learning To Work Yabc At Monroe Academy,YABC,96,75,78.1,True
12X446,Arturo A. Schomburg Satellite Academy Bronx,HST,163,75,46.0,True
12X458,Samara Community School,EMS,91,31,34.1,True
12X463,Urban Scholars Community School,EMS,176,95,54.0,True
12X478,The Cinema School,HS,264,134,50.8,True
12X479,Bronx Career and College Preparatory High School,HS,269,231,85.9,True
12X480,Bronx Regional High School,HST,186,152,81.7,True
12X511,Bronx Envision Academy,HS,285,157,55.1,True
12X521,The Metropolitan Soundview High School,HS,285,164,57.5,True
12X531,Archer Elementary School,EMS,185,103,55.7,True
12X536,P.S. 536,EMS,170,128,75.3,True
12X550,High School of World Cultures,HS,247,129,52.2,True
12X682,Fannie Lou Hamer Freedom High School,HS,245,64,26.1,True
12X684,Wings Academy,HS,286,217,75.9,True
12X691,Bronx Little School,EMS,162,106,65.4,True
30Q212,P.S. 212,EMS,191,64,33.5,True
13K003,P.S. 003 The Bedford Village,EMS,139,113,81.3,True
13K008,The Emily Warren Roebling School,EMS,198,99,50.0,True
13K009,Public School 9 The Sarah Smith Garnet School,EMS,189,131,69.3,True
13K011,P.S. 011 Purvis J. Behan,EMS,170,50,29.4,True
13K020,P.S. 020 Clinton Hill,EMS,175,85,48.6,True
13K044,P.S. 044 Marcus Garvey,EMS,116,84,72.4,True
13K046,P.S. 046 Edward C. Blum,EMS,162,105,64.8,True
13K054,P.S. 54 The Detective Rafael Ramos School,EMS,119,73,61.3,True
13K056,P.S. 056 Lewis H. Latimer,EMS,157,116,73.9,True
13K067,P.S. 067 Charles A. Dorsey,EMS,141,81,57.4,True
13K093,P.S. 093 William H. Prescott,EMS,123,88,71.5,True
13K113,M.S. 113 Ronald Edmonds Learning Center,EMS,211,157,74.4,True
13K133,P.S. 133 William A. Butler,EMS,204,127,62.3,True
13K256,P.S. 256 Benjamin Banneker,EMS,150,104,69.3,True
13K265,Dr. Susan S. McKinney Secondary School of the Arts,EMS,139,87,62.6,True
13K265,Dr. Susan S. McKinney Secondary School of the Arts,HS,250,198,79.2,True
13K266,M.S. K266 - Park Place Community Middle School,EMS,174,95,54.6,True
30Q234,P.S. 234,EMS,175,44,25.1,True
13K270,P.S. 270 Johann DeKalb,EMS,108,84,77.8,True
13K282,P.S. 282 Park Slope,EMS,196,136,69.4,True
13K287,P.S. 287 Bailey K. Ashford,EMS,115,93,80.9,True
13K301,Restoration Academy,EMS,182,129,70.9,True
13K305,P.S. 305 Dr. Peter Ray,EMS,86,63,73.3,True
13K307,P.S. 307 Daniel Hale Williams,EMS,158,108,68.4,True
13K313,Dock Street School for STEAM Studies,EMS,192,102,53.1,True
13K350,Urban Assembly School of Music and Art,HS,242,121,50.0,True
13K351,The Urban Assembly Unison School,EMS,199,134,67.3,True
13K412,Brooklyn Community Arts & Media High School (BCAM),HS,281,126,44.8,True
13K670,Benjamin Banneker Academy,HS,276,128,46.4,True
13K419,"Science Skills Center High School for Science, Technology and the Creative Arts",HS,295,51,17.3,True
13K430,Brooklyn Technical High School,HS,343,196,57.1,True
13K439,Brooklyn International High School,HS,230,23,10.0,True
13K483,The Urban Assembly School for Law and Justice,HS,279,79,28.3,True
13K492,Academy of Arts and Letters,EMS,198,107,54.0,True
13K499,ACORN Community High School,HS,140,59,42.1,True
13K527,Urban Assembly Institute of Math and Science for Young Women,EMS,170,109,64.1,True
13K527,Urban Assembly Institute of Math and Science for Young Women,HS,246,89,36.2,True
13K553,Brooklyn Academy High School,HST,173,89,51.4,True
13K594,Gotham Professional Arts Academy,HS,200,104,52.0,True
13K595,Bedford Academy High School,HS,233,63,27.0,True
13K605,George Westinghouse Career and Technical Education High School,HS,288,174,60.4,True
13K616,Brooklyn High School for Leadership and Community Service,HST,193,158,81.9,True
13K657,Downtown Brooklyn Yabc,YABC,98,54,55.1,True
13K674,"City Polytechnic High School of Engineering, Architecture, and Technology",HS,284,183,64.4,True
13K691,Fort Greene Preparatory Academy,EMS,203,151,74.4,True
14K016,P.S. 016 Leonard Dunkly,EMS,138,92,66.7,True
14K017,P.S. 017 Henry D. Woodworth,EMS,149,66,44.3,True
14K018,P.S. 018 Edward Bush,EMS,137,73,53.3,True
14K023,P.S. 023 Carter G. Woodson,EMS,177,98,55.4,True
14K031,P.S. 031 Samuel F. Dupont,EMS,144,44,30.6,True
31R049,I.S. 49 Berta A. Dreyfus,EMS,229,182,79.5,True
14K034,P.S. 034 Oliver H. Perry,EMS,142,59,41.5,True
14K059,P.S. 059 The Dawn Best School,EMS,172,129,75.0,True
14K071,Juan Morel Campos Secondary School,EMS,193,108,56.0,True
14K071,Juan Morel Campos Secondary School,HS,278,195,70.1,True
14K084,P.S. 084 Jose De Diego,EMS,226,163,72.1,True
14K110,P.S. 110 The Monitor,EMS,151,96,63.6,True
14K120,P.S. 120 Carlos Tapia,EMS,174,92,52.9,True
14K126,John Ericsson Middle School 126,EMS,214,116,54.2,True
14K132,P.S. 132 The Conselyea School,EMS,183,45,24.6,True
14K147,P.S. 147 Isaac Remsen,EMS,126,62,49.2,True
14K157,P.S./I.S. 157 The Benjamin Franklin Health & Science Academy,EMS,198,156,78.8,True
14K196,P.S. 196 Ten Eyck,EMS,162,136,84.0,True
14K250,P.S. 250 George H. Lindsay,EMS,178,157,88.2,True
14K257,P.S. 257 John F. Hylan,EMS,184,41,22.3,True
15K418,The Children's School,EMS,107,69,64.5,True
14K297,P.S. 297 Abraham Stockton,EMS,159,57,35.8,True
14K318,I.S. 318 Eugenio Maria De Hostos,EMS,234,160,68.4,True
14K380,P.S. 380 John Wayne Elementary,EMS,185,50,27.0,True
14K414,Brooklyn Arbor Elementary School,EMS,192,102,53.1,True
14K449,"Brooklyn Latin School, The",HS,298,93,31.2,True
14K454,The Williamsburg High School of Art and Technology,HS,290,107,36.9,True
14K474,PROGRESS High School for Professional Careers,HS,293,172,58.7,True
31R440,New Dorp High School,HS,362,236,65.2,True
14K477,East Williamsburg Scholars Academy,HS,284,165,58.1,True
14K478,"The High School for Enterprise, Business and Technology",HS,298,147,49.3,True
14K488,Brooklyn Preparatory High School,HS,286,118,41.3,True
14K558,Williamsburg High School for Architecture and Design,HS,289,26,9.0,True
14K561,Williamsburg Preparatory School,HS,297,58,19.5,True
14K577,Conselyea Preparatory School,EMS,217,143,65.9,True
14K586,Lyons Community School,HS,239,172,72.0,True
14K610,A-Tech High School,HS,287,112,39.0,True
14K614,Young Women's Leadership School of Brooklyn,EMS,158,115,72.8,True
14K614,Young Women's Leadership School of Brooklyn,HS,252,87,34.5,True
14K685,El Puente Academy for Peace and Justice,HS,207,100,48.3,True
14K923,Automotive High School Yabc,YABC,100,77,77.0,True
15K001,P.S. 001 The Bergen,EMS,195,154,79.0,True
15K010,"Magnet School of Math, Science and Design Technology",EMS,208,56,26.9,True
15K015,P.S. 015 Patrick F. Daly,EMS,167,129,77.2,True
15K024,P.S. 024,EMS,163,119,73.0,True
15K029,P.S. 029 John M. Harrigan,EMS,176,72,40.9,True
15K032,P.S. 032 Samuel Mills Sprole,EMS,173,65,37.6,True
15K038,P.S. 038 The Pacific,EMS,192,77,40.1,True
15K039,P.S. 039 Henry Bristow,EMS,122,18,14.8,True
15K051,M.S. 51 William Alexander,EMS,240,147,61.3,True
15K058,P.S. 058 The Carroll,EMS,183,67,36.6,True
15K088,J.H.S. 088 Peter Rouget,EMS,237,132,55.7,True
15K094,P.S. 094 The Henry Longfellow,EMS,185,121,65.4,True
15K107,P.S. 107 John W. Kimball,EMS,148,37,25.0,True
15K118,The Maurice Sendak Community School,EMS,80,30,37.5,True
15K124,P.S. 124 Silas B. Dutcher,EMS,159,111,69.8,True
15K130,P.S. 130 The Parkside,EMS,194,133,68.6,True
15K131,P.S. 131 Brooklyn,EMS,199,36,18.1,True
15K136,I.S. 136 Charles O. Dewey,EMS,221,149,67.4,True
15K146,"The Brooklyn New School, P.S. 146",EMS,41,19,46.3,True
15K154,The Windsor Terrace School,EMS,148,64,43.2,True
15K169,P.S. 169 Sunset Park,EMS,182,105,57.7,True
15K172,P.S. 172 Beacon School of Excellence,EMS,143,13,9.1,True
15K230,P.S. 230 Doris L. Cohen,EMS,187,94,50.3,True
15K261,P.S. 261 Zipporiah Mills,EMS,157,131,83.4,True
15K321,P.S. 321 William Penn,EMS,180,36,20.0,True
15K423,Brooklyn Frontiers High School,HST,156,82,52.6,True
15K429,Digital Arts and Cinema Technology High School,HS,275,69,25.1,True
15K442,M.S. 442 Carroll Gardens School for Innovation,EMS,203,73,36.0,True
15K443,New Voices School of Academic & Creative Arts,EMS,222,26,11.7,True
15K447,The Exploratory School,EMS,209,66,31.6,True
15K448,Brooklyn Collaborative Studies,EMS,147,108,73.5,True
15K448,Brooklyn Collaborative Studies,HS,250,88,35.2,True
15K462,John Jay School for Law,HS,288,171,59.4,True
15K464,Park Slope Collegiate,EMS,188,137,72.9,True
15K464,Park Slope Collegiate,HS,288,170,59.0,True
15K497,The Boerum Hill School for International Studies,EMS,210,161,76.7,True
15K497,The Boerum Hill School for International Studies,HS,302,209,69.2,True
15K516,Sunset Park Avenues Elementary School,EMS,126,101,80.2,True
15K519,Cobble Hill School of American Studies,HS,291,110,37.8,True
15K529,West Brooklyn Community High School,HST,195,73,37.4,True
15K592,Khalil Gibran International Academy,HS,222,129,58.1,True
15K656,Brooklyn High School of the Arts,HS,300,162,54.0,True
15K667,Sunset Park High School,HS,353,133,37.7,True
27Q314,Epic High School - South,HS,268,192,71.6,True
15K676,Red Hook Neighborhood School,EMS,154,113,73.4,True
15K684,Millennium Brooklyn HS,HS,312,41,13.1,True
15K698,South Brooklyn Community High School,HST,191,94,49.2,True
15K821,Sunset Park Prep,EMS,214,102,47.7,True
15K839,M.S. 839,EMS,208,132,63.5,True
16K005,P.S. 005 Dr. Ronald McNair,EMS,111,36,32.4,True
16K021,P.S. 021 Crispus Attucks,EMS,163,52,31.9,True
16K025,P.S. 025 Eubie Blake School,EMS,97,36,37.1,True
16K026,P.S. 026 Jesse Owens,EMS,147,58,39.5,True
16K028,P.S. 028 The Warren Prep Academy,EMS,85,39,45.9,True
16K035,M.S. 035 Stephen Decatur,EMS,188,54,28.7,True
16K040,P.S. 040 George W. Carver,EMS,155,28,18.1,True
16K057,Whitelaw Reid Academy of Arts and Business,EMS,185,110,59.5,True
16K081,P.S. 081 Thaddeus Stevens,EMS,155,113,72.9,True
16K243,P.S. 243K- The Weeksville School,EMS,133,105,78.9,True
16K262,P.S. 262 El Hajj Malik El Shabazz Elementary School,EMS,126,66,52.4,True
16K267,"M.S. 267 Math, Science & Technology",EMS,176,57,32.4,True
16K308,P.S. 308 Clara Cardwell,EMS,179,156,87.2,True
16K309,P.S. 309 The George E. Wibecan Preparatory Academy,EMS,127,86,67.7,True
16K335,P.S. 335 Granville T. Woods,EMS,126,74,58.7,True
16K455,Boys and Girls High School,HS,266,164,61.7,True
16K498,Brooklyn High School for Law and Technology,HS,291,187,64.3,True
16K627,Brighter Choice Community School,EMS,137,103,75.2,True
16K628,Brooklyn Brownstone School,EMS,108,37,34.3,True
16K669,Research and Service High School,HST,194,141,72.7,True
16K681,Madiba Prep Middle School,EMS,202,117,57.9,True
16K688,The Brooklyn Academy of Global Finance,HS,257,125,48.6,True
16K765,Nelson Mandela High School,HS,185,119,64.3,True
16K898,The Brooklyn Green School,EMS,98,54,55.1,True
16K959,BOYS AND GIRLS YABC,YABC,98,27,27.6,True
17K002,Parkside Preparatory Academy,EMS,216,107,49.5,True
17K006,Norma Adams Clemons Academy,EMS,188,154,81.9,True
17K012,Dr. Jacqueline Peek-Davis School,EMS,123,68,55.3,True
17K061,M.S. 061 Dr. Gladstone H. Atwell,EMS,214,162,75.7,True
17K091,P.S. 091 The Albany Avenue School,EMS,129,36,27.9,True
17K092,P.S. 092 Adrian Hegeman,EMS,173,111,64.2,True
17K122,Pathways in Technology Early College High School (P-Tech),HS,251,124,49.4,True
17K161,P.S. 161 The Crown,EMS,171,113,66.1,True
17K189,P.S. 189 The Bilingual Center,EMS,226,79,35.0,True
17K191,P.S. 191 Paul Robeson,EMS,95,39,41.1,True
17K221,P.S. 221 Toussaint L'Ouverture,EMS,128,76,59.4,True
17K241,P.S. 241 Emma L. Johnston,EMS,152,60,39.5,True
17K246,M.S. 246 Walt Whitman,EMS,212,102,48.1,True
17K249,P.S. 249 The Caton,EMS,217,16,7.4,True
17K289,P.S. 289 George V. Brower,EMS,156,39,25.0,True
17K316,P.S. 316 Elijah Stroud,EMS,165,42,25.5,True
29Q268,P.S./I.S. 268,EMS,230,175,76.1,True
17K352,Ebbets Field Middle School,EMS,199,57,28.6,True
17K353,Elijah Stroud Middle School,EMS,192,111,57.8,True
17K354,The School of Integrated Learning,EMS,202,33,16.3,True
17K375,P.S. 375 Jackie Robinson School,EMS,163,89,54.6,True
17K382,Academy for College Preparation and Career Exploration: A College Board School,EMS,199,133,66.8,True
17K382,Academy for College Preparation and Career Exploration: A College Board School,HS,255,121,47.5,True
17K397,P.S. 397 Foster-Laurie,EMS,117,38,32.5,True
17K398,P.S. 398 Walter Weaver,EMS,164,108,65.9,True
17K399,P.S. 399 Stanley Eugene Clark,EMS,129,114,88.4,True
17K408,Academy of Hospitality and Tourism,HS,275,134,48.7,True
17K484,Ronald Edmonds Learning Center II,EMS,167,41,24.6,True
17K524,International High School at Prospect Heights,HS,248,74,29.8,True
17K528,The High School for Global Citizenship,HS,251,116,46.2,True
17K531,"School for Human Rights, The",EMS,86,24,27.9,True
17K531,"School for Human Rights, The",HS,204,84,41.2,True
17K532,New Bridges Elementary,EMS,159,82,51.6,True
17K537,High School for Youth and Community Development at Erasmus,HS,290,99,34.1,True
17K539,High School for Service & Learning at Erasmus,HS,265,90,34.0,True
17K543,"Science, Technology and Research Early College High School at Erasmus",EMS,157,42,26.8,True
17K543,"Science, Technology and Research Early College High School at Erasmus",HS,232,56,24.1,True
17K546,High School for Public Service: Heroes of Tomorrow,HS,265,115,43.4,True
17K547,Brooklyn Academy of Science and the Environment,HS,257,100,38.9,True
17K548,Brooklyn School for Music & Theatre,HS,252,152,60.3,True
17K568,Brownsville Academy High School,HST,176,81,46.0,True
17K590,Medgar Evers College Preparatory School,EMS,135,91,67.4,True
17K590,Medgar Evers College Preparatory School,HS,246,138,56.1,True
17K600,Clara Barton High School,HS,294,230,78.2,True
17K646,Aspirations Diploma Plus High School,HST,182,127,69.8,True
17K705,Brooklyn Arts and Science Elementary School,EMS,168,131,78.0,True
17K745,Brooklyn Institute for Liberal Arts,HS,260,65,25.0,True
17K751,Academy for Health Careers,HS,247,160,64.8,True
17K770,P.S. 770 New American Academy,EMS,127,67,52.8,True
18K068,I.S. 068 Isaac Bildersee,EMS,204,125,61.3,True
18K114,P.S. 114 Ryder Elementary,EMS,178,54,30.3,True
18K115,P.S. 115 Daniel Mucatel School,EMS,202,129,63.9,True
18K135,P.S. 135 Sheldon A. Brookner,EMS,170,111,65.3,True
18K208,P.S. 208 Elsa Ebeling,EMS,135,62,45.9,True
18K211,I.S. 211 John Wilson,EMS,209,78,37.3,True
18K233,P.S. 233 Langston Hughes,EMS,147,89,60.5,True
18K235,P.S. 235 Janice Marie Knight School,EMS,199,131,65.8,True
18K244,P.S. 244 Richard R. Green,EMS,150,67,44.7,True
18K268,P.S. 268 Emma Lazarus,EMS,136,74,54.4,True
18K272,P.S. 272 Curtis Estabrook,EMS,164,115,70.1,True
18K276,P.S. 276 Louis Marshall,EMS,166,108,65.1,True
18K279,P.S. 279 Herman Schreiber,EMS,139,83,59.7,True
18K285,I.S. 285 Meyer Levin,EMS,207,123,59.4,True
18K366,The Science And Medicine Middle School,EMS,208,145,69.7,True
18K563,It Takes a Village Academy,HS,261,79,30.3,True
18K566,Brooklyn Community High School for Excellence and Equity,HS,251,137,54.6,True
18K567,Brooklyn Theatre Arts High School,HS,247,125,50.6,True
18K569,Kurt Hahn Expeditionary Learning School,HS,203,73,36.0,True
18K576,Victory Collegiate High School,HS,248,125,50.4,True
18K578,Brooklyn Bridge Academy,HST,186,61,32.8,True
18K581,"The Middle School of Media, Law and Fine Arts",EMS,199,83,41.7,True
21K238,P.S. 238 Anne Sullivan,EMS,222,141,63.5,True
18K588,Middle School for Art and Philosophy,EMS,196,93,47.4,True
18K617,High School for Innovation in Advertising and Media,HS,258,142,55.0,True
18K637,Academy for Conservation and the Environment,HS,263,84,31.9,True
18K629,Cultural Academy for the Arts and Sciences,HS,250,114,45.6,True
18K633,High School for Medical Professions,HS,264,157,59.5,True
18K635,Olympus Academy,HST,183,134,73.2,True
18K642,Urban Action Academy,HS,253,187,73.9,True
22K236,P.S. 236 Mill Basin,EMS,185,67,36.2,True
18K673,East Brooklyn Community High School,HST,195,87,44.6,True
18K763,Brooklyn Science and Engineering Academy,EMS,196,88,44.9,True
18K922,South Shore Educational Complex Yabc,YABC,95,43,45.3,True
19K007,P.S. 007 Abraham Lincoln,EMS,186,156,83.9,True
19K013,P.S. 013 Roberto Clemente,EMS,170,75,44.1,True
19K065,P.S. 065,EMS,177,37,20.9,True
19K089,P.S. 089 Cypress Hills,EMS,190,134,70.5,True
19K108,P.S. 108 Sal Abbracciamento,EMS,192,14,7.3,True
19K149,P.S. 149 Danny Kaye,EMS,188,54,28.7,True
19K158,P.S. 158 Warwick,EMS,167,106,63.5,True
19K159,P.S. 159 Isaac Pitkin,EMS,199,133,66.8,True
19K190,P.S. 190 Sheffield,EMS,97,61,62.9,True
19K202,P.S. 202 Ernest S. Jenkyns,EMS,146,125,85.6,True
19K213,P.S. 213 New Lots,EMS,141,120,85.1,True
19K214,P.S. 214 Michael Friedsam,EMS,198,151,76.3,True
19K218,J.H.S. 218 James P. Sinnott,EMS,220,155,70.5,True
19K224,P.S. 224 Hale A. Woodruff,EMS,157,128,81.5,True
19K273,P.S. 273 Wortman,EMS,162,144,88.9,True
19K290,P.S. 290 Juan Morel Campos,EMS,174,111,63.8,True
19K292,J.H.S. 292 Margaret S. Douglas,EMS,221,127,57.5,True
19K306,P.S. 306 Ethan Allen,EMS,166,50,30.1,True
19K328,P.S. 328 Phyllis Wheatley,EMS,161,78,48.4,True
19K345,P.S. 345 Patrolman Robert Bolden,EMS,193,142,73.6,True
19K346,P.S. 346 Abe Stark,EMS,168,91,54.2,True
19K364,I.S. 364 Gateway,EMS,157,106,67.5,True
19K404,Academy for Young Writers,EMS,176,123,69.9,True
22K425,James Madison High School,HS,365,243,66.6,True
19K404,Academy for Young Writers,HS,276,133,48.2,True
19K409,East New York Family Academy,EMS,184,102,55.4,True
19K409,East New York Family Academy,HS,276,129,46.7,True
19K422,Spring Creek Community School,EMS,182,125,68.7,True
19K422,Spring Creek Community School,HS,188,125,66.5,True
19K431,Thomas Jefferson Yabc,YABC,99,65,65.7,True
19K452,Frederick Douglass Academy VIII Middle School,EMS,193,128,66.3,True
19K501,Franklin K. Lane Campus YABC,YABC,100,39,39.0,True
19K502,FDNY - Captain Vernon A. Richard High School for Fire and Life Safety,HS,275,149,54.2,True
19K504,High School for Civil Rights,HS,212,130,61.3,True
19K507,Performing Arts and Technology High School,HS,281,110,39.1,True
19K510,World Academy for Total Community Health High School,HS,267,168,62.9,True
19K557,Brooklyn Gardens Elementary School,EMS,159,108,67.9,True
19K583,Multicultural High School,HS,233,84,36.1,True
19K615,Transit Tech Career and Technical Education High School,HS,310,174,56.1,True
19K618,Academy of Innovative Technology,HS,290,72,24.8,True
19K639,Brooklyn Lab School,HS,296,156,52.7,True
19K654,Van Siclen Community Middle School,EMS,209,135,64.6,True
19K659,Cypress Hills Collegiate Preparatory School,HS,270,77,28.5,True
19K660,W. H. Maxwell Career and Technical Education High School,HS,290,119,41.0,True
19K661,Vista Academy,EMS,219,127,58.0,True
19K662,Liberty Avenue Middle School,EMS,219,151,68.9,True
19K663,School of the Future Brooklyn,EMS,184,154,83.7,True
19K677,East New York Elementary School of Excellence,EMS,184,159,86.4,True
19K678,East New York Middle School of Excellence,EMS,201,138,68.7,True
19K683,School for Classics High School,HS,288,162,56.2,True
23K668,Riverdale Avenue Middle School,EMS,183,84,45.9,True
19K760,Highland Park Community School,EMS,186,123,66.1,True
19K764,The Urban Assembly School for Collaborative Healthcare,HS,229,105,45.9,True
19K907,Legacy School of the Arts,EMS,100,78,78.0,True
20K030,P.S./I.S. 30 Mary White Ovington,EMS,220,142,64.5,True
20K048,P.S. 048 Mapleton,EMS,199,84,42.2,True
20K062,J.H.S. 062 Ditmas,EMS,229,141,61.6,True
20K069,P.S. 69 Vincent D. Grippo School,EMS,173,17,9.8,True
20K102,P.S. 102 The Bayview,EMS,198,78,39.4,True
20K104,P.S./I.S. 104 The Fort Hamilton School,EMS,240,127,52.9,True
20K105,P.S. 105 The Blythebourne,EMS,175,52,29.7,True
20K112,P.S. 112 Lefferts Park,EMS,175,81,46.3,True
20K127,P.S. 127 McKinley Park,EMS,180,40,22.2,True
20K160,P.S. 160 William T. Sampson,EMS,186,27,14.5,True
20K163,P.S. 163 Bath Beach,EMS,208,39,18.8,True
20K164,P.S. 164 Caesar Rodney,EMS,185,24,13.0,True
20K170,Ralph A. Fabrizio School,EMS,188,37,19.7,True
20K176,P.S. 176 Ovington,EMS,191,37,19.4,True
20K179,P.S. 179 Kensington,EMS,183,116,63.4,True
20K180,The SEEALL Academy,EMS,221,85,38.5,True
20K185,P.S. 185 Walter Kassenbrock,EMS,180,71,39.4,True
20K186,P.S. 186 Dr. Irving A Gladstone,EMS,193,56,29.0,True
20K187,The Christa McAuliffe School\I.S. 187,EMS,206,43,20.9,True
20K192,P.S. 192 - The Magnet School for Math and Science Inquiry,EMS,219,72,32.9,True
24Q061,I.S. 061 Leonardo Da Vinci,EMS,227,112,49.3,True
20K200,P.S. 200 Benson School,EMS,201,130,64.7,True
20K201,The Madeleine Brennan School,EMS,222,55,24.8,True
20K204,P.S. 204 Vince Lombardi,EMS,201,62,30.8,True
20K205,P.S. 205 Clarion,EMS,188,44,23.4,True
20K220,J.H.S. 220 John J. Pershing,EMS,229,71,31.0,True
20K223,J.H.S. 223 The Montauk,EMS,225,128,56.9,True
20K227,J.H.S. 227 Edward B. Shallow,EMS,223,157,70.4,True
20K247,P.S. 247 Brooklyn,EMS,176,22,12.5,True
20K259,J.H.S. 259 William McKinley,EMS,233,82,35.2,True
20K264,P.S. 264 Bay Ridge Elementary School For The Arts,EMS,177,36,20.3,True
20K310,The School For Future Leaders,EMS,159,16,10.1,True
20K445,New Utrecht High School,HS,354,256,72.3,True
20K485,High School of Telecommunication Arts and Technology,HS,342,105,30.7,True
20K490,Fort Hamilton High School,HS,362,273,75.4,True
20K503,P.S. 503: The School of Discovery,EMS,187,82,43.9,True
20K505,Franklin Delano Roosevelt High School,HS,362,243,67.1,True
24Q119,P.S./I.S. 119 The Glendale,EMS,222,120,54.1,True
20K506,P.S. 506: The School of Journalism & Technology,EMS,185,125,67.6,True
20K609,Urban Assembly School for Leadership and Empowerment,EMS,195,87,44.6,True
20K609,Urban Assembly School for Leadership and Empowerment,HS,288,66,22.9,True
20K658,Franklin Delano Roosevelt YABC,YABC,101,42,41.6,True
20K682,The Academy of Talented Scholars,EMS,163,23,14.1,True
20K686,Brooklyn School of Inquiry,EMS,189,31,16.4,True
20K748,P.S. 748 Brooklyn School for Global Scholars,EMS,173,56,32.4,True
20K971,"School of Math, Science, and Healthy Living",EMS,162,106,65.4,True
21K090,P.S. 90 Edna Cohen School,EMS,185,99,53.5,True
21K095,P.S. 095 The Gravesend,EMS,221,56,25.3,True
21K096,I.S. 096 Seth Low,EMS,229,147,64.2,True
21K097,P.S. 97 The Highlawn,EMS,184,55,29.9,True
21K098,I.S. 98 Bay Academy,EMS,223,28,12.6,True
21K099,P.S. 099 Isaac Asimov,EMS,227,122,53.7,True
21K100,P.S. 100 The Coney Island School,EMS,171,60,35.1,True
21K101,P.S. 101 The Verrazano,EMS,178,26,14.6,True
21K128,P.S. 128 Bensonhurst,EMS,181,132,72.9,True
21K153,P.S. 153 Homecrest,EMS,199,133,66.8,True
21K177,P.S. 177 The Marlboro,EMS,195,61,31.3,True
21K188,P.S. 188 Michael E. Berdy,EMS,169,125,74.0,True
21K199,P.S. 199 Frederick Wachtel,EMS,190,105,55.3,True
21K209,P.S. 209 Margaret Mead,EMS,214,101,47.2,True
21K212,P.S. 212 Lady Deborah Moody,EMS,208,93,44.7,True
21K215,P.S. 215 Morris H. Weiss,EMS,187,116,62.0,True
21K216,P.S. 216 Arturo Toscanini,EMS,188,79,42.0,True
21K225,P.S. K225 - The Eileen E. Zaglin,EMS,221,123,55.7,True
21K226,P.S. 226 Alfred De B. Mason,EMS,215,120,55.8,True
21K228,I.S. 228 David A. Boody,EMS,235,130,55.3,True
21K239,Mark Twain I.S. 239 for the Gifted & Talented,EMS,229,85,37.1,True
21K253,P.S. 253,EMS,178,14,7.9,True
21K281,I.S. 281 Joseph B Cavallaro,EMS,229,100,43.7,True
24Q455,Newtown High School,HS,354,173,48.9,True
21K288,P.S. 288 The Shirley Tanyhill,EMS,216,151,69.9,True
21K303,I.S. 303 Herbert S. Eisenberg,EMS,227,115,50.7,True
21K329,P.S. 329 Surfside,EMS,166,130,78.3,True
21K337,International High School at Lafayette,HS,247,92,37.2,True
21K344,Rachel Carson High School for Coastal Studies,HS,342,145,42.4,True
21K348,High School of Sports Management,HS,289,165,57.1,True
21K410,Abraham Lincoln High School,HS,361,198,54.8,True
21K411,Abraham Lincoln Yabc,YABC,100,47,47.0,True
21K468,Kingsborough Early College School,EMS,223,129,57.8,True
21K468,Kingsborough Early College School,HS,308,63,20.5,True
21K525,Edward R. Murrow High School,HS,378,291,77.0,True
21K559,Life Academy High School for Film and Music,HS,272,103,37.9,True
21K572,Leaders High School,HS,264,56,21.2,True
21K620,William E. Grady Career and Technical Education High School,HS,323,228,70.6,True
25Q029,P.S. 029 Queens,EMS,192,109,56.8,True
21K690,Brooklyn Studio Secondary School,EMS,215,107,49.8,True
21K690,Brooklyn Studio Secondary School,HS,324,188,58.0,True
21K728,Liberation Diploma Plus,HST,196,103,52.6,True
22K014,J.H.S. 014 Shell Bank,EMS,226,121,53.5,True
22K052,P.S. 052 Sheepshead Bay,EMS,195,169,86.7,True
22K078,J.H.S. 078 Roy H. Mann,EMS,229,146,63.8,True
22K119,P.S. 119 Amersfort,EMS,193,152,78.8,True
22K134,P.S. K134,EMS,161,8,5.0,True
22K139,P.S. 139 Alexine A. Fenty,EMS,216,146,67.6,True
22K152,School of Science & Technology,EMS,201,134,66.7,True
22K193,P.S. 193 Gil Hodges,EMS,202,108,53.5,True
22K194,P.S. 194 Raoul Wallenberg,EMS,194,138,71.1,True
22K195,P.S. 195 Manhattan Beach,EMS,129,35,27.1,True
22K197,P.S. 197 - The Kings Highway Academy,EMS,197,98,49.7,True
22K198,P.S. 198 Brooklyn,EMS,148,75,50.7,True
22K203,P.S. 203 Floyd Bennett School,EMS,186,117,62.9,True
22K206,P.S. 206 Joseph F Lamb,EMS,221,133,60.2,True
22K207,P.S. 207 Elizabeth G. Leary,EMS,236,145,61.4,True
22K217,P.S. 217 Colonel David Marcus School,EMS,213,154,72.3,True
22K222,P.S. 222 Katherine R. Snyder,EMS,203,46,22.7,True
22K234,J.H.S. 234 Arthur W. Cunningham,EMS,243,119,49.0,True
22K240,Andries Hudde,EMS,229,152,66.4,True
22K251,P.S. 251 Paerdegat,EMS,164,134,81.7,True
22K254,P.S. 254 Dag Hammarskjold,EMS,172,45,26.2,True
22K255,P.S. 255 Barbara Reing School,EMS,188,95,50.5,True
22K277,P.S. 277 Gerritsen Beach,EMS,163,74,45.4,True
22K278,J.H.S. 278 Marine Park,EMS,235,150,63.8,True
22K312,P.S. 312 Bergen Beach,EMS,198,91,46.0,True
22K315,P.S. K315,EMS,209,115,55.0,True
22K361,P.S. 361 East Flatbush Early Childhood School,EMS,99,81,81.8,True
22K381,I. S. 381,EMS,223,104,46.6,True
22K405,Midwood High School,HS,363,210,57.9,True
22K535,Leon M. Goldstein High School for the Sciences,HS,336,137,40.8,True
22K555,Brooklyn College Academy,HS,275,54,19.6,True
23K150,P.S. 150 Christopher,EMS,134,115,85.8,True
22K611,Origins High School,HS,314,146,46.5,True
25Q379,College Point Collaborative,EMS,135,109,80.7,True
22K630,Professional Pathways High School,HST,206,66,32.0,True
26Q162,P.S. 162 John Golden,EMS,182,57,31.3,True
22K890,M.S. 890,EMS,164,84,51.2,True
23K041,P.S. 041 Francis White,EMS,160,108,67.5,True
23K137,P.S. 137 Rachel Jean Mitchell,EMS,159,100,62.9,True
23K155,P.S./ I.S. 155 Nicholas Herkimer,EMS,198,109,55.1,True
23K156,P.S. 156 Waverly,EMS,177,136,76.8,True
23K165,P.S. 165 Ida Posner,EMS,131,78,59.5,True
23K178,P.S. 178 Saint Clair Mckelway,EMS,199,137,68.8,True
23K184,P.S. 184 Newport,EMS,201,156,77.6,True
23K284,"The Gregory Jocko Jackson School of Sports, Art, and Technology",EMS,170,121,71.2,True
23K298,P.S. 298 Dr. Betty Shabazz,EMS,136,100,73.5,True
23K327,P.S. 327 Dr. Rose B. English,EMS,155,128,82.6,True
23K363,Brownsville Collaborative Middle School,EMS,179,89,49.7,True
23K392,I.S. 392,EMS,185,127,68.6,True
23K401,Christopher Avenue Community School,EMS,132,63,47.7,True
23K446,Riverdale Avenue Community School,EMS,149,70,47.0,True
23K493,Brooklyn Collegiate: A College Board School,HS,269,120,44.6,True
23K514,Frederick Douglass Academy VII High School,HS,246,112,45.5,True
23K518,Kappa V (Knowledge and Power Preparatory Academy),EMS,163,101,62.0,True
23K522,Mott Hall IV,EMS,178,115,64.6,True
23K599,Brooklyn Landmark Elementary School,EMS,143,16,11.2,True
23K643,Brooklyn Democracy Academy,HST,194,99,51.0,True
23K644,Eagle Academy for Young Men II,EMS,172,47,27.3,True
23K644,Eagle Academy for Young Men II,HS,247,92,37.2,True
23K647,Metropolitan Diploma Plus High School,HST,186,78,41.9,True
23K664,Brooklyn Environmental Exploration School (BEES),EMS,185,116,62.7,True
23K671,Mott Hall Bridges Academy,EMS,183,89,48.6,True
23K697,Teachers Preparatory High School,EMS,70,43,61.4,True
23K697,Teachers Preparatory High School,HS,257,161,62.6,True
24Q005,I.S. 5 - The Walter Crowley Intermediate School,EMS,228,116,50.9,True
08X125,J.H.S. 125 Henry Hudson,EMS,81,56,69.1,True
24Q007,P.S. 007 Louis F. Simeone,EMS,116,12,10.3,True
24Q012,P.S. 012 James B. Colgate,EMS,189,71,37.6,True
24Q013,P.S. 013 Clement C. Moore,EMS,206,115,55.8,True
24Q014,P.S. 014 Fairview,EMS,188,153,81.4,True
24Q016,P.S. Q016 The Nancy DeBenedittis School,EMS,177,137,77.4,True
24Q019,P.S. 019 Marino Jeantet,EMS,188,101,53.7,True
24Q058,P.S. 58 - The School of Heroes,EMS,193,104,53.9,True
24Q068,P.S. 068 Cambridge,EMS,183,74,40.4,True
24Q071,P.S. 071 Forest,EMS,177,119,67.2,True
24Q073,I.S. 73 - The Frank Sansivieri Intermediate School,EMS,231,70,30.3,True
24Q077,Joseph F. Quinn Intermediate School 77,EMS,223,161,72.2,True
24Q081,P.S. 81Q Jean Paul Richter,EMS,189,57,30.2,True
24Q087,P.S./I.S. 087 Middle Village,EMS,199,84,42.2,True
24Q088,P.S. 088 Seneca,EMS,194,149,76.8,True
24Q089,P.S. 89Q: The Jose Peralta School of Dreamers,EMS,190,103,54.2,True
24Q091,P.S. 091 Richard Arkwright,EMS,186,153,82.3,True
24Q102,P.S. 102 Bayview,EMS,213,91,42.7,True
24Q113,P.S./I.S. 113 Anthony J. Pranzo,EMS,217,128,59.0,True
24Q125,I.S. 125 Thom J. McCann Woodside,EMS,235,168,71.5,True
24Q128,"P.S. 128 The Lorraine Tuzzo, Juniper Valley Elementary School",EMS,212,130,61.3,True
24Q143,P.S. 143 Louis Armstrong,EMS,189,154,81.5,True
24Q153,P.S. 153 Maspeth Elem,EMS,201,144,71.6,True
24Q199,P.S. 199 Maurice A. Fitzgerald,EMS,196,116,59.2,True
24Q211,Elm Tree Elementary School,EMS,136,60,44.1,True
24Q229,P.S. 229 Emanuel Kaplan,EMS,200,124,62.0,True
24Q236,International High School for Health Sciences,HS,192,89,46.4,True
24Q264,Academy of Finance and Enterprise,HS,326,68,20.9,True
24Q267,High School of Applied Communication,HS,281,107,38.1,True
24Q290,A.C.E. Academy for Scholars at the Geraldine Ferraro Campus,EMS,175,83,47.4,True
24Q293,Civic Leadership Academy,HS,284,51,18.0,True
24Q296,Pan American International High School,HS,212,22,10.4,True
24Q299,Bard High School Early College Queens,HS,309,114,36.9,True
24Q305,Learners and Leaders,EMS,176,69,39.2,True
24Q307,Pioneer Academy,EMS,178,88,49.4,True
24Q311,Corona Arts & Sciences Academy,EMS,199,144,72.4,True
24Q343,The Children's Lab School,EMS,128,34,26.6,True
24Q457,H.S. Arts & Business Yabc,YABC,98,48,49.0,True
24Q485,Grover Cleveland High School,HS,351,274,78.1,True
24Q520,Middle College High School at LaGuardia Community College,HS,209,84,40.2,True
24Q530,International High School at LaGuardia Community College,HS,229,21,9.2,True
24Q550,High School for Arts and Business,HS,294,27,9.2,True
24Q560,"Robert F. Wagner, Jr. Secondary School for Arts and Technology",EMS,179,66,36.9,True
24Q560,"Robert F. Wagner, Jr. Secondary School for Arts and Technology",HS,295,97,32.9,True
24Q585,Maspeth High School,HS,319,54,16.9,True
24Q600,Queens Technical High School,HS,324,213,65.7,True
24Q610,Aviation Career & Technical Education High School,HS,354,71,20.1,True
24Q744,VOYAGES Preparatory,HST,195,121,62.1,True
25Q020,P.S. 020 John Bowne,EMS,194,104,53.6,True
25Q021,P.S. 021 Edward Hart,EMS,198,72,36.4,True
25Q022,P.S. 022 Thomas Jefferson,EMS,184,19,10.3,True
25Q024,P.S. 024 Andrew Jackson,EMS,177,17,9.6,True
25Q025,I.S. 025 Adrien Block,EMS,229,123,53.7,True
25Q032,P.S. 032 State Street,EMS,195,71,36.4,True
25Q079,P.S. 079 Francis Lewis,EMS,186,49,26.3,True
25Q107,P.S. 107 Thomas A Dooley,EMS,193,108,56.0,True
25Q120,P.S. 120 Queens,EMS,187,76,40.6,True
25Q129,P.S. 129 Patricia Larkin,EMS,193,96,49.7,True
25Q154,P.S. 154 Queens,EMS,173,73,42.2,True
25Q163,P.S. 163 Flushing Heights,EMS,177,20,11.3,True
25Q164,P.S. 164 Queens Valley,EMS,218,141,64.7,True
25Q165,P.S. 165 Edith K. Bergtraum,EMS,199,44,22.1,True
25Q169,P.S. 169 Bay Terrace,EMS,172,87,50.6,True
25Q184,P.S. 184 Flushing Manor,EMS,168,53,31.5,True
25Q185,J.H.S. 185 Edward Bleeker,EMS,229,106,46.3,True
25Q189,J.H.S. 189 Daniel Carter Beard,EMS,221,141,63.8,True
25Q193,P.S. 193 Alfred J. Kennedy,EMS,164,56,34.1,True
25Q200,P.S./M.S. 200 - The Magnet School of Global Studies and Leadership,EMS,221,88,39.8,True
25Q201,P.S. 201 The Discovery School for Inquiry and Research,EMS,169,88,52.1,True
25Q209,P.S. 209 Clearview Gardens,EMS,171,79,46.2,True
25Q214,P.S. 214 Cadwallader Colden,EMS,173,103,59.5,True
25Q219,P.S. 219 Paul Klapper,EMS,225,43,19.1,True
25Q237,I.S. 237,EMS,227,146,64.3,True
25Q240,Veritas Academy,HS,284,158,55.6,True
25Q241,Queens High School for Language Studies,HS,252,41,16.3,True
25Q250,I.S. 250 The Robert F. Kennedy Community Middle School,EMS,221,173,78.3,True
25Q252,"Queens School of Inquiry, The",EMS,201,150,74.6,True
25Q252,"Queens School of Inquiry, The",HS,294,91,31.0,True
25Q263,Flushing International High School,HS,243,86,35.4,True
25Q281,East-West School of International Studies,EMS,189,88,46.6,True
25Q281,East-West School of International Studies,HS,276,70,25.4,True
25Q285,World Journalism Preparatory: A College Board School,EMS,194,138,71.1,True
25Q285,World Journalism Preparatory: A College Board School,HS,282,81,28.7,True
27Q100,P.S. 100 Glen Morris,EMS,205,111,54.1,True
25Q294,BELL Academy,EMS,198,39,19.7,True
25Q425,John Bowne High School,HS,363,250,68.9,True
25Q460,Flushing High School,HS,332,202,60.8,True
25Q467,Flushing Yabc,YABC,98,40,40.8,True
25Q499,"The Queens College School for Math, Science and Technology",EMS,219,68,31.1,True
25Q525,Townsend Harris High School,HS,310,64,20.6,True
25Q540,Queens Academy High School,HST,207,124,59.9,True
27Q202,J.H.S. 202 Robert H. Goddard,EMS,244,151,61.9,True
25Q670,Robert F. Kennedy Community High School,HS,348,156,44.8,True
25Q792,North Queens Community High School,HST,179,105,58.7,True
26Q018,P.S. 018 Winchester,EMS,174,77,44.3,True
26Q026,P.S. 026 Rufus King,EMS,205,81,39.5,True
26Q031,P.S. 031 Bayside,EMS,182,82,45.1,True
26Q041,P.S. 041 Crocheron,EMS,165,15,9.1,True
26Q046,P.S. 046 Alley Pond,EMS,166,41,24.7,True
26Q067,J.H.S. 067 Louis Pasteur,EMS,227,101,44.5,True
26Q074,J.H.S. 074 Nathaniel Hawthorne,EMS,236,122,51.7,True
26Q094,P.S. 094 David D. Porter,EMS,148,22,14.9,True
26Q098,P.S. 098 The Douglaston School,EMS,123,38,30.9,True
26Q115,The James J. Ambrose School,EMS,178,86,48.3,True
26Q133,P.S. 133 The Bellerose School of Excellence,EMS,182,64,35.2,True
26Q158,M.S. 158 Marie Curie,EMS,229,139,60.7,True
26Q159,P.S. 159,EMS,175,43,24.6,True
26Q172,Irwin Altman Middle School 172,EMS,241,137,56.8,True
26Q173,P.S. 173 Fresh Meadows,EMS,194,59,30.4,True
26Q178,P.S./ IS 178 Holliswood,EMS,210,133,63.3,True
26Q186,P.S. 186 Castlewood,EMS,159,38,23.9,True
26Q188,P.S. 188 Kingsbury,EMS,156,42,26.9,True
26Q191,P.S. 191 Mayflower,EMS,149,71,47.7,True
26Q203,P.S. 203 Oakland Gardens,EMS,170,19,11.2,True
26Q205,P.S. 205 Alexander Graham Bell,EMS,150,35,23.3,True
26Q213,P.S. 213 The Carl Ullman School,EMS,168,86,51.2,True
26Q216,J.H.S. 216 George J. Ryan,EMS,247,41,16.6,True
26Q221,P.S. 221 The North Hills School,EMS,176,72,40.9,True
26Q315,Business Technology Early College High School,HS,264,52,19.7,True
26Q430,Francis Lewis High School,HS,362,192,53.0,True
26Q435,Martin Van Buren High School,HS,344,214,62.2,True
26Q495,Bayside High School,HS,367,53,14.4,True
26Q566,"Queens High School of Teaching, Liberal Arts and the Sciences",HS,338,160,47.3,True
27Q042,P.S./M.S 042 R. Vernam,EMS,203,146,71.9,True
27Q045,P.S. 045 Clarence Witherspoon,EMS,154,133,86.4,True
27Q047,P.S. 047 Chris Galas,EMS,151,55,36.4,True
27Q053,M.S. 053 Brian Piccolo,EMS,204,81,39.7,True
27Q056,P.S. 056 Harry Eichler,EMS,198,128,64.6,True
27Q060,P.S. 060 Woodhaven,EMS,197,38,19.3,True
27Q062,P. S. 62 - Chester Park School,EMS,205,159,77.6,True
27Q262,Channel View School for Research,HS,318,98,30.8,True
27Q063,P.S. 063 Old South,EMS,214,103,48.1,True
27Q064,P.S. 064 Joseph P. Addabbo,EMS,183,144,78.7,True
27Q065,P.S. 65 - The Raymond York Elementary School,EMS,171,98,57.3,True
27Q066,P.S. 066 Jacqueline Kennedy Onassis,EMS,175,14,8.0,True
27Q090,P.S. 090 Horace Mann,EMS,188,124,66.0,True
27Q096,P.S. 096,EMS,168,48,28.6,True
27Q097,P.S. 097 Forest Park,EMS,190,118,62.1,True
27Q104,P.S. 104 The Bays Water,EMS,185,125,67.6,True
27Q105,P.S. 105 The Bay School,EMS,210,152,72.4,True
27Q106,Lighthouse Elementary School,EMS,139,114,82.0,True
27Q108,P.S. 108 Captain Vincent G. Fowler,EMS,210,69,32.9,True
27Q114,P.S./M.S. 114 Belle Harbor,EMS,171,71,41.5,True
27Q123,P.S. 123,EMS,204,94,46.1,True
27Q124,P.S. 124 Osmond A Church,EMS,250,182,72.8,True
27Q137,M.S. 137 America's School of Heroes,EMS,244,118,48.4,True
27Q146,P.S. 146 Howard Beach,EMS,210,109,51.9,True
27Q155,P.S. 155,EMS,174,39,22.4,True
27Q197,P.S. 197 The Ocean School,EMS,182,46,25.3,True
27Q207,P.S. 207 Rockwood Park,EMS,185,113,61.1,True
27Q223,P.S. 223 Lyndon B. Johnson,EMS,212,184,86.8,True
27Q226,J.H.S. 226 Virgil I. Grissom,EMS,240,206,85.8,True
27Q253,The Randolph Holder School for Social Justice,EMS,191,153,80.1,True
27Q254,P.S. 254 - The Rosa Parks School,EMS,174,100,57.5,True
27Q260,Frederick Douglass Academy VI High School,HS,288,196,68.1,True
27Q261,Voyages Prep - South Queens,HST,196,46,23.5,True
27Q262,Channel View School for Research,EMS,210,160,76.2,True
27Q273,P.S. 273,EMS,158,94,59.5,True
27Q282,Knowledge and Power Preparatory Academy VI,EMS,202,73,36.1,True
27Q297,Hawtree Creek Middle School,EMS,220,145,65.9,True
27Q302,"Queens High School for Information, Research, and Technology",HS,296,47,15.9,True
27Q306,New York City Academy for Discovery,EMS,179,132,73.7,True
27Q308,Robert H. Goddard High School of Communication Arts and Technology,HS,324,61,18.8,True
27Q309,Academy of Medical Technology: A College Board School,EMS,201,141,70.1,True
27Q309,Academy of Medical Technology: A College Board School,HS,293,200,68.3,True
27Q334,Epic High School - North,HS,247,100,40.5,True
27Q316,Queens Explorers Elementary School,EMS,108,42,38.9,True
27Q317,Waterside Children's Studio School,EMS,184,48,26.1,True
27Q318,Waterside School For Leadership,EMS,199,87,43.7,True
27Q319,Village Academy,EMS,209,50,23.9,True
27Q323,Scholars' Academy,EMS,182,42,23.1,True
27Q323,Scholars' Academy,HS,315,33,10.5,True
27Q324,Rockaway Park High School for Environmental Sustainability,HS,286,184,64.3,True
28Q139,P.S. 139 Rego Park,EMS,186,89,47.8,True
27Q351,Rockaway Collegiate High School,HS,283,225,79.5,True
27Q362,Wave Preparatory Elementary School,EMS,150,35,23.3,True
27Q400,August Martin High School,HS,298,104,34.9,True
27Q480,John Adams High School,HS,369,104,28.2,True
27Q650,"High School for Construction Trades, Engineering and Architecture",HS,356,60,16.9,True
28Q008,J.H.S. 008 Richard S. Grossley,EMS,220,142,64.5,True
28Q040,P.S. 040 Samuel Huntington,EMS,176,65,36.9,True
28Q048,David N. Dinkins School,EMS,190,44,23.2,True
28Q050,P.S. 050 Talfourd Lawn Elementary School,EMS,207,124,59.9,True
28Q054,P.S. 054 Hillside,EMS,175,121,69.1,True
28Q055,P.S. 055 Maure,EMS,164,101,61.6,True
28Q072,Catherine & Count Basie Middle School 72,EMS,226,182,80.5,True
28Q080,PS 80  The Thurgood Marshall Magnet School of Multimedia and Communication,EMS,173,105,60.7,True
28Q082,P.S. 082 Hammond,EMS,192,149,77.6,True
28Q086,P.S. Q086,EMS,183,101,55.2,True
28Q099,P.S. 099 Kew Gardens,EMS,213,44,20.7,True
28Q101,P.S. 101 School in the Gardens,EMS,169,60,35.5,True
28Q117,P.S. 117 J. Keld / Briarwood School,EMS,202,125,61.9,True
28Q121,P.S. 121 Queens,EMS,169,56,33.1,True
28Q140,P.S. 140 Edward K Ellington,EMS,150,61,40.7,True
28Q144,P.S. 144 Col Jeromus Remsen,EMS,191,90,47.1,True
28Q157,J.H.S. 157 Stephen A. Halsey,EMS,238,92,38.7,True
28Q157,J.H.S. 157 Stephen A. Halsey,HS,32,11,34.4,True
28Q160,P.S. 160 Walter Francis Bishop,EMS,204,106,52.0,True
28Q161,P.S. 161 Arthur Ashe School,EMS,183,104,56.8,True
28Q167,Metropolitan Expeditionary Learning School,EMS,231,179,77.5,True
28Q167,Metropolitan Expeditionary Learning School,HS,295,76,25.8,True
28Q174,P.S. 174 William Sidney Mount,EMS,178,80,44.9,True
28Q175,P.S. 175 The Lynn Gross Discovery School,EMS,180,133,73.9,True
28Q182,P.S. 182 Samantha Smith,EMS,195,160,82.1,True
28Q190,J.H.S. 190 Russell Sage,EMS,237,178,75.1,True
28Q196,P.S. 196 Grand Central Parkway,EMS,170,16,9.4,True
28Q206,P.S. 206 The Horace Harding School,EMS,185,159,85.9,True
28Q217,J.H.S. 217 Robert A. Van Wyck,EMS,240,131,54.6,True
28Q220,P.S. 220 Edward Mandel,EMS,196,169,86.2,True
28Q284,York Early College Academy,EMS,203,123,60.6,True
28Q284,York Early College Academy,HS,257,37,14.4,True
28Q287,The Emerson School,EMS,223,190,85.2,True
28Q310,Queens Collegiate: A College Board School,EMS,220,132,60.0,True
28Q310,Queens Collegiate: A College Board School,HS,318,149,46.9,True
29Q109,Jean Nuzzi Intermediate School,EMS,238,168,70.6,True
28Q312,Jamaica Children's School,EMS,86,55,64.0,True
28Q325,Hillside Arts & Letters Academy,HS,322,53,16.5,True
28Q328,High School for Community Leadership,HS,323,23,7.1,True
28Q332,Redwood Middle School,EMS,214,121,56.5,True
28Q338,Queens Satellite High School for Opportunity,HST,153,116,75.8,True
28Q350,Jamaica Gateway to the Sciences,HS,324,92,28.4,True
28Q354,The Jermaine L. Green STEM Institute of Queens,EMS,170,102,60.0,True
28Q440,Forest Hills High School,HS,366,208,56.8,True
28Q505,Hillcrest High School,HS,388,180,46.4,True
28Q620,Thomas A. Edison Career and Technical Education High School,HS,388,178,45.9,True
28Q680,Queens Gateway to Health Sciences Secondary School,EMS,189,103,54.5,True
28Q680,Queens Gateway to Health Sciences Secondary School,HS,268,90,33.6,True
28Q686,Queens Metropolitan High School,HS,333,122,36.6,True
28Q687,Queens High School for the Sciences at York College,HS,200,33,16.5,True
28Q690,High School for Law Enforcement and Public Safety,HS,306,170,55.6,True
28Q896,"Young Women's Leadership School, Queens",EMS,191,122,63.9,True
28Q896,"Young Women's Leadership School, Queens",HS,270,66,24.4,True
29Q015,P.S. 015 Jackie Robinson,EMS,156,111,71.2,True
29Q033,P.S. 033 Edward M. Funk,EMS,220,188,85.5,True
29Q035,P.S. 035 Nathaniel Woodhull,EMS,201,139,69.2,True
29Q036,P.S. 036 Saint Albans School,EMS,173,146,84.4,True
29Q037,Cynthia Jenkins School,EMS,142,121,85.2,True
29Q038,P.S. 038 Rosedale,EMS,126,61,48.4,True
29Q052,P.S. 052 Queens,EMS,173,151,87.3,True
29Q059,I.S. 059 Springfield Gardens,EMS,214,154,72.0,True
29Q095,P.S. 095 Eastwood,EMS,187,67,35.8,True
29Q116,P.S./I.S. 116 William C. Hughley,EMS,227,163,71.8,True
29Q118,P.S. 118 Lorraine Hansberry,EMS,185,111,60.0,True
29Q131,P.S. 131 Abigail Adams,EMS,190,56,29.5,True
29Q132,P.S. 132 Ralph Bunche,EMS,134,63,47.0,True
29Q134,P.S. 134 Hollis,EMS,180,142,78.9,True
29Q135,The Bellaire School,EMS,206,170,82.5,True
29Q136,P.S. 136 Roy Wilkins,EMS,160,118,73.8,True
29Q138,P.S./M.S. 138 Sunrise,EMS,217,164,75.6,True
29Q147,P.S./M.S. 147 Ronald McNair,EMS,205,168,82.0,True
29Q156,P.S. 156 Laurelton,EMS,126,101,80.2,True
29Q176,P.S. 176 Cambria Heights,EMS,144,78,54.2,True
29Q181,P.S. 181 Brookfield,EMS,145,48,33.1,True
29Q192,I.S. 192 The Linden,EMS,221,161,72.9,True
29Q195,P.S. 195 William Haberle,EMS,146,125,85.6,True
29Q208,P.S./I.S. 208,EMS,208,164,78.8,True
29Q238,I.S. 238 - Susan B. Anthony Academy,EMS,232,172,74.1,True
29Q243,Institute for Health Professions at Cambria Heights,HS,196,34,17.3,True
29Q248,Queens Preparatory Academy,HS,258,135,52.3,True
29Q251,P.S. 251 Queens,EMS,121,75,62.0,True
29Q259,Pathways College Preparatory School: A College Board School,EMS,184,96,52.2,True
29Q259,Pathways College Preparatory School: A College Board School,HS,253,97,38.3,True
29Q265,Excelsior Preparatory High School,HS,268,63,23.5,True
29Q326,Cambria Heights Academy,HS,271,71,26.2,True
29Q270,The Gordon Parks School,EMS,181,138,76.2,True
29Q272,George Washington Carver High School for the Sciences,HS,274,151,55.1,True
29Q283,Preparatory Academy for Writers: A College Board School,EMS,165,69,41.8,True
29Q283,Preparatory Academy for Writers: A College Board School,HS,247,128,51.8,True
29Q289,Queens United Middle School,EMS,178,135,75.8,True
29Q313,Benjamin Franklin High School for Finance & Information Technology,HS,219,70,32.0,True
29Q327,Eagle Academy for Young Men III,EMS,174,122,70.1,True
29Q327,Eagle Academy for Young Men III,HS,208,94,45.2,True
29Q355,Collaborative Arts Middle School,EMS,203,171,84.2,True
29Q356,Community Voices Middle School,EMS,207,130,62.8,True
29Q492,"Mathematics, Science Research and Technology Magnet High School",HS,277,181,65.3,True
30Q017,P.S. 017 Henry David Thoreau,EMS,205,110,53.7,True
29Q498,"Health, Arts, Robotics, and Technology High School",HS,286,108,37.8,True
30Q002,P.S. 002 Alfred Zimberg,EMS,195,79,40.5,True
30Q010,I.S. 010 Horace Greeley,EMS,229,72,31.4,True
30Q011,P.S. 011 Kathryn Phelan,EMS,203,70,34.5,True
30Q069,P.S. 069 Jackson Heights,EMS,197,114,57.9,True
30Q070,P.S. 070,EMS,193,125,64.8,True
30Q076,P.S. 076 William Hallet,EMS,187,108,57.8,True
30Q084,P.S. 084 Steinway,EMS,145,80,55.2,True
30Q092,P.S. 092 Harry T. Stewart Sr.,EMS,178,87,48.9,True
30Q111,P.S. 111 Jacob Blackwell,EMS,203,147,72.4,True
30Q122,P.S. 122 Mamie Fay,EMS,224,99,44.2,True
30Q126,Albert Shanker School for Visual and Performing Arts,EMS,229,126,55.0,True
30Q127,P.S. 127 Aerospace Science Magnet School,EMS,223,144,64.6,True
30Q141,I.S. 141 The Steinway,EMS,240,120,50.0,True
30Q145,I.S. 145 Joseph Pulitzer,EMS,225,94,41.8,True
30Q148,P.S. 148 Queens,EMS,185,102,55.1,True
30Q149,P.S. 149 Christa McAuliffe,EMS,190,116,61.1,True
30Q150,P.S. 150 Queens,EMS,191,39,20.4,True
30Q151,P.S. 151 Mary D. Carter,EMS,195,79,40.5,True
30Q152,P.S. 152 Gwendoline N. Alleyne School,EMS,183,60,32.8,True
30Q166,P.S. 166 Henry Gradstein,EMS,213,77,36.2,True
30Q171,P.S. 171 Peter G. Van Alst,EMS,204,154,75.5,True
30Q204,I.S. 204 Oliver W. Holmes,EMS,229,103,45.0,True
30Q227,I.S. 227 Louis Armstrong,EMS,241,47,19.5,True
30Q230,I.S. 230,EMS,220,102,46.4,True
30Q258,Energy Tech High School,HS,271,44,16.2,True
30Q580,Baccalaureate School for Global Education,HS,268,63,23.5,True
30Q280,PS280Q: Home of the Lionhearts,EMS,168,94,56.0,True
30Q286,"Young Women's Leadership School, Astoria",EMS,198,100,50.5,True
30Q286,"Young Women's Leadership School, Astoria",HS,281,45,16.0,True
30Q291,Hunters Point Community Middle School,EMS,226,111,49.1,True
30Q300,The 30th Avenue School (G&T Citywide),EMS,169,38,22.5,True
30Q301,Academy for Careers in Television and Film,HS,319,19,6.0,True
30Q329,East Elmhurst Community School,EMS,132,69,52.3,True
30Q445,William Cullen Bryant High School,HS,361,275,76.2,True
30Q450,Long Island City High School,HS,360,281,78.1,True
30Q501,Frank Sinatra School of the Arts High School,HS,333,115,34.5,True
30Q502,Information Technology High School,HS,341,188,55.1,True
30Q555,ATLAS,HS,290,88,30.3,True
30Q575,Academy of American Studies,HS,329,142,43.2,True
30Q580,Baccalaureate School for Global Education,EMS,114,31,27.2,True
31R001,P.S. 001 Tottenville,EMS,159,73,45.9,True
31R002,I.S. R002 George L. Egbert,EMS,233,186,79.8,True
31R003,P.S. 003 The Margaret Gioiosa School,EMS,170,46,27.1,True
31R004,P.S. 004 Maurice Wollin,EMS,188,96,51.1,True
31R005,P.S. 005 Huguenot,EMS,107,11,10.3,True
31R006,P.S. 6 Corporal Allan F. Kivlehan School,EMS,162,78,48.1,True
31R018,P.S. 018 John G. Whittier,EMS,187,122,65.2,True
31R007,I.S. 007 Elias Bernstein,EMS,222,89,40.1,True
31R008,P.S. 8 Shirlee Solomon,EMS,170,47,27.6,True
31R009,Naples Street Elementary School,EMS,105,6,5.7,True
31R010,Fort Hill Collaborative Elementary School,EMS,87,51,58.6,True
31R011,P.S. 11 Thomas Dongan School,EMS,173,108,62.4,True
31R013,P.S. 013 M. L. Lindemeyer,EMS,198,54,27.3,True
31R016,P.S. 016 John J. Driscoll,EMS,188,136,72.3,True
31R019,P.S. 019 The Curtis School,EMS,185,145,78.4,True
31R020,P.S. 020 Port Richmond,EMS,179,119,66.5,True
31R021,P.S. 21 Margaret Emery-Elm Park,EMS,168,46,27.4,True
31R022,P.S. 022 Graniteville,EMS,213,136,63.8,True
31R023,P.S. 023 Richmondtown,EMS,172,19,11.0,True
31R024,I.S. 024 Myra S. Barnes,EMS,227,162,71.4,True
31R026,P.S. 026 The Carteret School,EMS,158,41,25.9,True
31R027,I.S. 027 Anning S. Prall,EMS,234,161,68.8,True
31R028,The Eagle Academy for Young Men of Staten Island,EMS,207,109,52.7,True
31R028,The Eagle Academy for Young Men of Staten Island,HS,97,47,48.5,True
31R029,P.S. 029 Bardwell,EMS,185,106,57.3,True
31R030,P.S. 030 Westerleigh,EMS,181,56,30.9,True
31R031,P.S. 031 William T. Davis,EMS,165,144,87.3,True
31R032,P.S. 032 The Gifford School,EMS,182,56,30.8,True
31R035,P.S. 35 The Clove Valley School,EMS,167,20,12.0,True
31R036,P.S. 036 J. C. Drumgoole,EMS,183,132,72.1,True
31R038,P.S. 038 George Cromwell,EMS,179,130,72.6,True
31R039,P.S. 39 Francis J. Murphy Jr.,EMS,187,92,49.2,True
31R041,The Stephanie A. Vierno School,EMS,205,127,62.0,True
31R042,P.S. 042 Eltingville,EMS,190,127,66.8,True
31R044,P.S. 044 Thomas C. Brown,EMS,191,161,84.3,True
31R045,P.S. 045 John Tyler,EMS,223,170,76.2,True
31R046,P.S. 046 Albert V. Maniscalco,EMS,172,138,80.2,True
31R047,CSI High School for International Studies,HS,292,34,11.6,True
31R048,P.S. 048 William G. Wilcox,EMS,219,116,53.0,True
31R050,P.S. 050 Frank Hankinson,EMS,173,32,18.5,True
31R051,I.S. 051 Edwin Markham,EMS,236,179,75.8,True
31R052,P.S. 052 John C. Thompson,EMS,181,68,37.6,True
31R053,The Barbara Esselborn School,EMS,179,61,34.1,True
31R054,P.S. 054 Charles W. Leng,EMS,194,70,36.1,True
31R055,P.S. 055 Henry M. Boehm,EMS,165,67,40.6,True
31R056,P.S. 56 The Louis Desario School,EMS,166,70,42.2,True
31R057,P.S. 057 Hubert H. Humphrey,EMS,191,115,60.2,True
31R064,Gaynor McCown Expeditionary Learning School,HS,282,107,37.9,True
31R058,Space Shuttle Columbia School,EMS,199,115,57.8,True
31R059,The Harbor View School,EMS,104,80,76.9,True
31R060,P.S. 060 Alice Austen,EMS,201,170,84.6,True
31R061,I.S. 061 William A Morris,EMS,235,195,83.0,True
31R063,Marsh Avenue School for Expeditionary Learning,EMS,219,140,63.9,True
31R065,P.S. 65 The Academy of Innovative Learning,EMS,175,33,18.9,True
31R069,P.S. 069 Daniel D. Tompkins,EMS,187,140,74.9,True
31R445,Port Richmond High School,HS,362,213,58.8,True
31R072,I.S. 072 Rocco Laurie,EMS,238,167,70.2,True
31R074,P.S. 74 Future Leaders Elementary School,EMS,181,126,69.6,True
31R075,I.S. 075 Frank D. Paulo,EMS,231,110,47.6,True
31R078,P.S. 78,EMS,190,145,76.3,True
31R080,The Michael J. Petrides School,EMS,231,94,40.7,True
31R080,The Michael J. Petrides School,HS,324,168,51.9,True
31R450,Curtis High School,HS,365,223,61.1,True
31R455,Tottenville High School,HS,368,226,61.4,True
31R460,Susan E. Wagner High School,HS,374,229,61.2,True
31R470,Concord High School,HST,190,87,45.8,True
31R600,Ralph R. McKee Career and Technical Education High School,HS,325,181,55.7,True
31R605,Staten Island Technical High School,HS,256,66,25.8,True
31R607,Staten Island Yabc,YABC,95,45,47.4,True
31R861,Staten Island School of Civic Leadership,EMS,244,71,29.1,True
32K045,P.S./I.S. 045 Horace E. Greene,EMS,214,157,73.4,True
32K075,P.S. 075 Mayda Cortiella,EMS,165,126,76.4,True
32K086,P.S. 086 The Irvington,EMS,160,88,55.0,True
32K106,P.S. 106 Edward Everett Hale,EMS,171,145,84.8,True
32K116,P.S. 116 Elizabeth L Farrell,EMS,162,119,73.5,True
32K123,P.S. 123 Suydam,EMS,178,139,78.1,True
32K145,P.S. 145 Andrew Jackson,EMS,172,129,75.0,True
32K151,P.S. 151 Lyndon B. Johnson,EMS,147,54,36.7,True
32K162,J.H.S. 162 The Willoughby,EMS,202,95,47.0,True
32K168,The Brooklyn School for Math and Research,HS,276,44,15.9,True
32K274,P.S. 274 Kosciusko,EMS,157,121,77.1,True
32K291,J.H.S. 291 Roland Hayes,EMS,211,140,66.4,True
32K299,P.S. 299 Thomas Warren Field,EMS,152,107,70.4,True
32K347,I.S. 347 School of Humanities,EMS,193,145,75.1,True
32K349,"I.S. 349 Math, Science & Tech.",EMS,211,153,72.5,True
32K377,P.S. 377 Alejandrina B. De Gautier,EMS,153,115,75.2,True
32K383,J.H.S. 383 Philippa Schuyler,EMS,219,159,72.6,True
32K384,P.S. /I.S. 384 Frances E. Carter,EMS,208,140,67.3,True
32K403,Academy for Excellence in Leadership,HS,257,100,38.9,True
32K545,EBC High School for Public Service - Bushwick,HS,263,111,42.2,True
32K549,The Brooklyn School for Social Justice,HS,260,113,43.5,True
32K552,The Academy of Urban Planning and Engineering,HS,280,76,27.1,True
32K554,All City Leadership Secondary School,EMS,153,61,39.9,True
32K554,All City Leadership Secondary School,HS,228,43,18.9,True
32K556,Bushwick Leaders High School for Academic Excellence,HS,269,140,52.0,True
32K562,Evergreen Middle School for Urban Exploration,EMS,211,122,57.8,True
32K564,Bushwick Community High School,HST,186,75,40.3,True
84K037,Beginning with Children Charter School II,EMS,161,59,36.6,True
84K125,Success Academy Charter School - Bed Stuy 2,EMS,122,9,7.4,True
84K129,Success Academy Charter School - Cobble Hill,EMS,134,8,6.0,True
84K182,Success Academy Charter School - Williamsburg,EMS,121,11,9.1,True
84K333,Explore Exceed Charter School,EMS,162,88,54.3,True
84K355,Uncommon Williamsburg Charter School NYC,EMS,183,46,25.1,True
84K356,Achievement First Crown Heights Charter School,EMS,186,92,49.5,True
84K356,Achievement First Crown Heights Charter School,HS,216,137,63.4,True
84K357,KIPP Always Mentally Prepared Charter School,EMS,178,53,29.8,True
84K357,KIPP AMP Charter School,HS,124,41,33.1,True
84K358,Achievement First East New York Charter School,EMS,183,82,44.8,True
84K358,Achievement First East New York Charter School,HS,183,108,59.0,True
84K359,The Uft Charter School,HS,141,60,42.6,True
84K360,Launch Expeditionary Learning Charter School,EMS,182,92,50.5,True
84K362,Hellenic Classical Charter School,EMS,194,78,40.2,True
84K367,Success Academy Charter School - Bed Stuy 1,EMS,142,14,9.9,True
84K379,Explore Excel Charter School,EMS,206,58,28.2,True
84K395,New Visions AIM Charter High School I,HST,123,114,92.7,True
84K406,"EMBER Charter School for Mindful Education, Innovation and Transformation",EMS,141,82,58.2,True
84K417,Urban Dove Team Charter School,HST,158,111,70.3,True
84K473,Williamsburg Charter High School,HS,262,197,75.2,True
84K486,New Dawn Charter High School,HST,190,106,55.8,True
84K508,Achievement First Endeavor Charter School,EMS,173,78,45.1,True
84K517,Uncommon Bed-Stuy West Charter School NYC,EMS,198,63,31.8,True
84K517,Uncommon Bed-Stuy West Charter School NYC,HS,171,111,64.9,True
84K536,Community Roots Charter School,EMS,189,75,39.7,True
84K538,Achievement First Bushwick Charter School,EMS,198,45,22.7,True
84K593,Uncommon Excellence Boys Charter School NYC,EMS,174,62,35.6,True
84K608,Uncommon Kings Charter School NYC,EMS,185,47,25.4,True
84K608,Uncommon Kings Charter School NYC,HS,126,91,72.2,True
84K626,Achievement First Brownsville Charter School,EMS,193,91,47.2,True
84K626,Achievement First Brownsville Charter School,HS,92,76,82.6,True
84K648,Uncommon Bed-Stuy East Charter School NYC,EMS,195,42,21.5,True
84K649,La Cima Charter School,EMS,149,92,61.7,True
84K651,PAVE Academy Charter School,EMS,178,75,42.1,True
84K652,Brooklyn Ascend Charter School,EMS,178,53,29.8,True
84K652,Brooklyn Ascend Charter School,HS,161,109,67.7,True
84K680,Achievement First Aspire Charter School,EMS,146,85,58.2,True
84K693,Northside Charter High School,HS,244,164,67.2,True
84K701,Brooklyn Charter School,EMS,133,55,41.4,True
84K702,Community Partnership Charter School,EMS,170,89,52.4,True
84K704,Explore Charter School,EMS,191,79,41.4,True
84K707,Brooklyn Prospect Charter School - CSD 15,EMS,130,56,43.1,True
84K707,Brooklyn Prospect Charter School,HS,130,81,62.3,True
84K710,Brownsville Collegiate Charter School,EMS,148,54,36.5,True
84K711,Uncommon Brownsville South Charter School NYC,EMS,192,53,27.6,True
84K712,Uncommon Excellence Girls Charter School NYC,EMS,146,68,46.6,True
84K712,Uncommon Excellence Girls Charter School NYC,HS,194,124,63.9,True
84K724,Uncommon Canarsie Charter School NYC,EMS,184,63,34.2,True
84K730,Summit Academy Charter School,EMS,156,69,44.2,True
84K730,Summit Academy Charter School,HS,217,136,62.7,True
84K733,"Math, Engineering, and Science Academy Charter High School",HS,204,46,22.5,True
84K736,New American Academy Charter School,EMS,118,54,45.8,True
84K737,Brownsville Ascend Charter School,EMS,186,106,57.0,True
84K738,United Charter High School for Advanced Math and Science lll,HS,209,66,31.6,True
84M336,KIPP Infinity Charter School,EMS,184,48,26.1,True
84K739,New Visions Charter High School for the Humanities III,HS,122,60,49.2,True
84K759,Canarsie Ascend Charter School,EMS,139,44,31.7,True
84K740,Brooklyn Scholars Charter School,EMS,198,128,64.6,True
84K741,Success Academy Charter School - Crown Heights,EMS,115,11,9.6,True
84K742,Explore Empower Charter School,EMS,198,69,34.8,True
84K744,Coney Island Preparatory Public Charter School,EMS,229,68,29.7,True
84K744,Coney Island Preparatory Public Charter School,HS,248,110,44.4,True
84K752,Success Academy Charter School - Fort Greene,EMS,57,7,12.3,True
84K756,Success Academy Charter School - Prospect Heights,EMS,73,10,13.7,True
84K757,Unity Preparatory Charter School of Brooklyn,EMS,196,96,49.0,True
84K757,Unity Preparatory Charter School of Brooklyn,HS,149,66,44.3,True
84K758,Brooklyn Urban Garden Charter School,EMS,194,110,56.7,True
84K766,Brooklyn Prospect Charter School - CSD 13.2,EMS,122,35,28.7,True
84K769,Hyde Leadership Charter School - Brooklyn,EMS,174,118,67.8,True
84K772,Success Academy Charter School - Bensonhurst,EMS,105,7,6.7,True
84K774,Achievement First Apollo Charter School,EMS,197,80,40.6,True
84K775,Uncommon Brownsville North Charter School NYC,EMS,187,66,35.3,True
84K775,Uncommon Brownsville North Charter School NYC,HS,153,104,68.0,True
84M481,Democracy Preparatory Harlem Charter School,EMS,202,120,59.4,True
84K777,Uncommon Crown Heights Charter School NYC,EMS,177,67,37.9,True
84K780,Brooklyn East Collegiate Charter School,EMS,109,40,36.7,True
84K781,Success Academy Charter School - Bergen Beach,EMS,116,12,10.3,True
84K782,Bedford Stuyvesant New Beginnings Charter School,EMS,183,61,33.3,True
84K784,Achievement First North Brooklyn Preparatory Charter School,EMS,136,40,29.4,True
84K785,Imagine Me Leadership Charter School,EMS,121,38,31.4,True
84K788,Achievement First Linden Charter School,EMS,119,80,67.2,True
84K789,Compass Charter School,EMS,105,35,33.3,True
84K790,Central Brooklyn Ascend Charter School,EMS,130,40,30.8,True
84K791,Brooklyn Dreams Charter School,EMS,214,148,69.2,True
84K792,Cultural Arts Academy Charter School At Spring Creek,EMS,114,92,80.7,True
84K793,Bushwick Ascend Charter School,EMS,186,50,26.9,True
84K803,Brooklyn Laboratory Charter School,EMS,111,48,43.2,True
84K803,Brooklyn Laboratory Charter School,HS,116,102,87.9,True
84K807,Collegiate Academy for Mathematics and Personal Awareness Charter School,EMS,103,60,58.3,True
84K876,Achievement First Voyager Charter School,EMS,117,38,32.5,True
84K879,Brooklyn Prospect Charter School - CSD 13,EMS,180,53,29.4,True
84K892,Brooklyn Emerging Leaders Academy Charter School,HS,87,51,58.6,True
84K911,Edmund W. Gordon Brooklyn Laboratory Charter School,EMS,89,36,40.4,True
84K912,Key Collegiate Charter School,EMS,21,8,38.1,True
84M065,Democracy Preparatory Endurance Charter School,EMS,146,48,32.9,True
84M065,Democracy Preparatory Endurance Charter School,HS,130,82,63.1,True
84M068,KIPP NYC Washington Heights Academy Charter School,EMS,182,36,19.8,True
84M068,KIPP Washington Heights Middle School,HS,39,24,61.5,True
84M080,Manhattan Charter School II,EMS,117,76,65.0,True
84M085,Global Community Charter School,EMS,158,89,56.3,True
84M100,Neighborhood Charter School of Harlem,EMS,170,28,16.5,True
84M168,East Harlem Scholars Academy Charter School II,EMS,144,107,74.3,True
84M170,Success Academy Charter School - Hell's Kitchen,EMS,121,8,6.6,True
84M174,Success Academy Charter School - Union Square,EMS,142,14,9.9,True
84M186,Harlem Hebrew Language Academy Charter School,EMS,85,59,69.4,True
84M202,Great Oaks Kathleen Sherry Charter School,EMS,166,69,41.6,True
84M204,Capital Preparatory Harlem Charter School,EMS,123,90,73.2,True
84M204,Capital Preparatory Harlem Charter School,HS,87,76,87.4,True
84M263,New York City Charter School of the Arts,EMS,119,67,56.3,True
84M265,Success Academy Charter School - Washington Heights,EMS,101,5,5.0,True
84M279,Opportunity Charter School,EMS,199,159,79.9,True
84M279,Opportunity Charter School,HS,265,109,41.1,True
84M284,Harlem Children's Zone Promise Academy Charter School,EMS,197,74,37.6,True
84M284,Harlem Children's Zone Promise Academy Charter School,HS,218,70,32.1,True
84M708,Harlem Prep Charter School,EMS,203,107,52.7,True
84M295,School in the Square Public Charter School,EMS,161,93,57.8,True
84M320,Manhattan Charter School,EMS,126,77,61.1,True
84M329,Harlem Link Charter School,EMS,159,83,52.2,True
84M330,Girls Preparatory Charter School of New York,EMS,135,53,39.3,True
84M335,Harlem Village Academy East Charter School,EMS,183,50,27.3,True
84M335,Harlem Village Academy East Charter School,HS,161,81,50.3,True
84M336,KIPP Infinity Charter School,HS,192,112,58.3,True
84M341,Harlem Children's Zone Promise Academy II Charter School,EMS,208,91,43.8,True
84M341,Harlem Children's Zone Promise Academy II Charter School,HS,177,68,38.4,True
84M350,Democracy Preparatory Charter School,EMS,197,50,25.4,True
84M350,Democracy Preparatory Charter School,HS,254,163,64.2,True
84M351,Success Academy Charter School - Harlem 1,EMS,152,24,15.8,True
84M351,Success Academy Charter School - Harlem 1,HS,113,81,71.7,True
84M353,New Heights Academy Charter School,EMS,200,79,39.5,True
84M353,New Heights Academy Charter School,HS,235,70,29.8,True
84M382,DREAM Charter School East Harlem,EMS,198,57,28.8,True
84M382,DREAM Charter School,HS,70,9,12.9,True
84M384,Success Academy Charter School - Harlem 2,EMS,136,11,8.1,True
84M385,Success Academy Charter School - Harlem 3,EMS,144,16,11.1,True
84M385,Success Academy Charter School - Harlem 3,HS,14,12,85.7,True
84M386,Success Academy Charter School - Harlem 4,EMS,121,12,9.9,True
84M388,St. HOPE Leadership Academy Charter School,EMS,199,76,38.2,True
84M430,The Equity Project Charter School,EMS,209,56,26.8,True
84M433,Innovation Charter High School,HS,263,175,66.5,True
84Q705,Renaissance Charter School,EMS,193,114,59.1,True
84M478,Inwood Academy for Leadership Charter School,EMS,204,109,53.4,True
84M478,Inwood Academy for Leadership Charter School,HS,193,109,56.5,True
84M481,Democracy Preparatory Harlem Charter School,HS,232,129,55.6,True
84M482,Success Academy Charter School - Harlem 5,EMS,144,17,11.8,True
84M483,New York French-American Charter School,EMS,152,74,48.7,True
84M518,East Harlem Scholars Academy Charter School,EMS,160,107,66.9,True
84M522,Broome Street Academy Charter High School,HS,231,177,76.6,True
84M523,Success Academy Charter School - Upper West,EMS,165,16,9.7,True
84M702,Sisulu-Walker Charter School of Harlem,EMS,108,33,30.6,True
84M704,Harbor Science and Arts Charter School,EMS,168,113,67.3,True
84M705,Amber Charter School East Harlem,EMS,164,92,56.1,True
84M707,John V. Lindsay Wildcat Academy Charter School,HST,182,121,66.5,True
84M708,Harlem Prep Charter School,HS,157,111,70.7,True
84Q705,Renaissance Charter School,HS,216,86,39.8,True
84M709,Harlem Village Academy North Charter School,EMS,174,60,34.5,True
84M709,Harlem Village Academy North Charter School,HS,188,92,48.9,True
84M726,KIPP S.T.A.R. College Preparatory Charter School,EMS,186,46,24.7,True
84M726,KIPP STAR College Prep Charter School,HS,146,40,27.4,True
84M861,Future Leaders Institute Charter School,EMS,190,131,68.9,True
84Q083,Central Queens Academy Charter School,EMS,206,23,11.2,True
84Q170,Peninsula Preparatory Academy Charter School,EMS,144,59,41.0,True
84Q298,Middle Village Preparatory Charter School,EMS,178,47,26.4,True
84Q304,VOICE Charter School of New York,EMS,185,73,39.5,True
84Q320,United Charter High School for Advanced Math and Science lV,HS,169,76,45.0,True
84Q321,Growing Up Green Charter School,EMS,221,153,69.2,True
84Q337,Success Academy Charter School - Rosedale,EMS,109,10,9.2,True
84Q339,Success Academy Charter School - Springfield Gardens - New York 6,EMS,89,5,5.6,True
84Q340,Challenge Preparatory Charter School,EMS,167,125,74.9,True
84Q341,Riverton Street Charter School,EMS,193,106,54.9,True
84Q342,Rochdale Early Advantage Charter School,EMS,127,63,49.6,True
84Q359,Academy of the City Charter School,EMS,175,109,62.3,True
84Q372,Growing Up Green Charter School II,EMS,124,94,75.8,True
84Q373,United Charter High School for the Humanities lV,HS,130,63,48.5,True
84Q380,Forte Preparatory Academy Charter School,EMS,130,17,13.1,True
84Q704,Merrick Academy - Queens Public Charter School,EMS,170,84,49.4,True
84Q706,Our World Neighborhood Charter School,EMS,212,143,67.5,True
84R012,New Ventures Charter School,HST,126,59,46.8,True
84R067,John W. Lavelle Preparatory Charter School,EMS,214,155,72.4,True
84R067,John W. Lavelle Preparatory Charter School,HS,188,65,34.6,True
84R070,Lois and Richard Nicotra Early College Charter School,EMS,39,26,66.7,True
84R070,Lois and Richard Nicotra Early College Charter School,HS,93,28,30.1,True
84R073,New World Preparatory Charter School,EMS,208,102,49.0,True
84X124,Children's Aid College Preparatory Charter School,EMS,165,62,37.6,True
84X133,Icahn Charter School 6,EMS,144,39,27.1,True
84X165,Grand Concourse Academy Charter School,EMS,171,60,35.1,True
84X177,Mott Hall Charter School,EMS,180,115,63.9,True
84X185,Pharos Academy Charter School,EMS,169,47,27.8,True
84X185,Pharos Academy Charter School,HS,218,101,46.3,True
84X200,New Visions AIM Charter High School II,HST,135,127,94.1,True
84X202,United Charter High School for Advanced Math and Science ll,HS,257,33,12.8,True
84X208,United Charter High School for the Humanities II,HS,256,134,52.3,True
84X233,Family Life Academy Charter School II,EMS,164,96,58.5,True
84X255,Bronx Charter School for Excellence,EMS,173,49,28.3,True
84X256,Heketi Community Charter School,EMS,81,53,65.4,True
84X309,South Bronx Charter School for International Cultures and the Arts,EMS,133,51,38.3,True
84X345,Leaders In Our Neighborhood Charter School,EMS,203,100,49.3,True
84X345,Leaders In Our Neighborhood Charter School,HS,266,131,49.2,True
84X346,South Bronx Classical Charter School,EMS,154,12,7.8,True
84X347,International Leadership Charter High School,HS,220,78,35.5,True
84X362,Icahn Charter School 7,EMS,127,31,24.4,True
84X364,South Bronx Classical Charter School II,EMS,113,4,3.5,True
84X378,Icahn Charter School 2,EMS,148,38,25.7,True
84X380,Success Academy Charter School - Bronx 3,EMS,128,14,10.9,True
84X387,Brilla College Preparatory Charter School,EMS,150,36,24.0,True
84X389,Bronx Global Learning Institute for Girls Charter School,EMS,150,94,62.7,True
84X393,University Prep Charter High School,HS,267,34,12.7,True
84X394,Mott Haven Charter School,EMS,180,76,42.2,True
84X395,"NYC Charter High School for Architecture, Engineering and Construction Industries",HS,268,48,17.9,True
84X398,Bronx Community Charter School,EMS,197,110,55.8,True
84X407,Access Bronx Charter School,EMS,156,99,63.5,True
84X419,Bronx Academy of Promise Charter School,EMS,167,57,34.1,True
84X422,Icahn Charter School 3,EMS,132,27,20.5,True
84X429,Charter High School for Law and Social Justice,HS,167,128,76.6,True
84X460,Atmosphere Academy Public Charter School,EMS,182,65,35.7,True
84X461,Nuasin Next Generation Charter School,EMS,191,99,51.8,True
84X461,Nuasin Next Generation Charter School,HS,116,71,61.2,True
84X464,Success Academy Charter School - Bronx 4,EMS,96,8,8.3,True
84X465,Boys Preparatory Charter School of New York,EMS,125,48,38.4,True
84X471,American Dream Charter School,EMS,172,110,64.0,True
84X471,American Dream Charter School,HS,107,29,27.1,True
84X472,Family Life Academy Charter School III,EMS,105,68,64.8,True
84X482,Dr. Richard Izquierdo Health and Science Charter School,EMS,180,119,66.1,True
84X482,Dr. Richard Izquierdo Health and Science Charter School,HS,222,79,35.6,True
84X486,Rosalyn Yalow Charter School,EMS,107,22,20.6,True
84X487,Girls Preparatory Charter School of the Bronx,EMS,161,65,40.4,True
84X488,The Equality Charter School,EMS,191,115,60.2,True
84X488,The Equality Charter School,HS,218,114,52.3,True
84X489,South Bronx Classical Charter School III,EMS,88,5,5.7,True
84X491,Academic Leadership Charter School,EMS,186,24,12.9,True
84X492,South Bronx Early College Academy Charter School,EMS,184,133,72.3,True
84X493,Success Academy Charter School - Bronx 1,EMS,139,10,7.2,True
84X494,Success Academy Charter School - Bronx 2,EMS,150,18,12.0,True
84X496,Icahn Charter School 4,EMS,126,33,26.2,True
84X497,Storefront Academy Charter School,EMS,105,37,35.2,True
84X538,Icahn Charter School 5,EMS,128,36,28.1,True
84X539,United Charter High School for Advanced Math and Science,HS,262,118,45.0,True
84X553,United Charter High School for the Humanities,HS,251,87,34.7,True
84X554,Choice Charter School,EMS,153,106,69.3,True
84X581,South Bronx Community Charter High School,HS,134,110,82.1,True
84X585,Legacy College Preparatory Charter School,EMS,139,47,33.8,True
84X597,Urban Assembly Charter School for Computer Science,HS,130,34,26.2,True
84X598,KIPP Freedom Charter School,EMS,100,27,27.0,True
84X606,Emblaze Academy Charter School,EMS,111,36,32.4,True
84X610,Urban Dove Team Charter School II,HS,16,16,100.0,True
84X703,Bronx Preparatory Charter School,EMS,206,64,31.1,True
84X703,Bronx Preparatory Charter School,HS,273,136,49.8,True
84X704,KIPP Academy Charter School,EMS,196,56,28.6,True
84X704,KIPP Academy Charter School,HS,232,73,31.5,True
84X705,Family Life Academy Charter School,EMS,169,123,72.8,True
84X706,Harriet Tubman Charter School,EMS,163,44,27.0,True
84X717,Icahn Charter School 1,EMS,165,53,32.1,True
84X718,Bronx Charter School for Better Learning,EMS,153,58,37.9,True
84X730,Bronx Charter School for the Arts,EMS,172,55,32.0,True
01M301,"Technology, Arts, and Sciences Studio",EMS,72,41,56.9,True
12X384,Entrada Academy,EMS,81,63,77.8,True
02M655,Life Sciences Secondary School,EMS,70,48,68.6,True
03M208,P.S. 208 Alain L. Locke,EMS,64,36,56.2,True
04M050,P.S. 050 Vito Marcantonio,EMS,81,53,65.4,True
04M406,Global Technology Preparatory,EMS,75,33,44.0,True
04M409,Coalition School for Social Change,HS,94,51,54.3,True
05M302,KAPPA IV,EMS,79,64,81.0,True
05M367,Academy for Social Action,HS,90,70,77.8,True
06M218,I.S. 218 Salome Urena,EMS,79,50,63.3,True
07X547,New Explorers High School,HS,94,85,90.4,True
08X332,Holcombe L. Rucker School of Community Research,HS,94,50,53.2,True
08X519,Felisa Rincon de Gautier Institute for Law and Pub,HS,94,79,84.0,True
09X325,Urban Science Academy,EMS,81,69,85.2,True
12X092,P.S. 092 Bronx,EMS,66,54,81.8,True
12X321,Crotona Academy High School,HST,76,49,64.5,True
12X372,Urban Assembly School for Wildlife Conservation,EMS,81,58,71.6,True
12X372,Urban Assembly School for Wildlife Conservation,HS,94,71,75.5,True
13K575,Bedford Stuyvesant Preparatory High School,HST,75,35,46.7,True
17K489,W.E.B. Dubois Academic High School,HST,73,52,71.2,True
18K598,Middle School of Marketing and Legal Studies,EMS,79,42,53.2,True
22K269,P.S. 269 Nostrand,EMS,64,35,54.7,True
24Q877,The 51 Avenue Academy (The Path To Academic Excell,EMS,61,8,13.1,True
84K386,Invictus Preparatory Charter School,EMS,69,47,68.1,True
84K508,Achievement First Endeavor Charter School,HS,67,45,67.2,True
84K538,Achievement First Bushwick Charter School,HS,59,39,66.1,True
84K689,Citizens of the World Charter School 1 Williamsbur,EMS,36,27,75.0,True
84K692,Citizens of the World Charter School New York 2 Cr,EMS,34,28,82.4,True
84K797,New Hope Academy Charter School,EMS,48,34,70.8,True
02M432,Murray Hill Academy,HST,47,16,34.0,True
02M605,Humanities Preparatory Academy,HST,36,13,36.1,True
06M325,P.S. 325,EMS,42,32,76.2,True
07X162,J.H.S. 162 Lola Rodriguez De Tio,EMS,54,47,87.0,True
08X305,Pablo Neruda Academy,HS,65,31,47.7,True
08X335,The Academy of the Arts,EMS,44,23,52.3,True
09X145,J.H.S. 145 Arturo Toscanini,EMS,54,46,85.2,True
09X276,Leadership Institute,HS,63,38,60.3,True
11X289,The Young Scholars Academy of The Bronx,EMS,54,46,85.2,True
12X692,Monroe Academy for Visual Arts & Design,HS,65,50,76.9,True
14K632,Frances Perkins Academy,HS,61,18,29.5,True
15K429,Brooklyn School for Global Studies,EMS,42,26,61.9,True
16K393,Frederick Douglass Academy IV Secondary School,HS,53,34,64.2,True
16K584,M.S. 584,EMS,50,31,62.0,True
17K533,School for Democracy and Leadership,EMS,41,20,48.8,True
17K533,School for Democracy and Leadership,HS,62,49,79.0,True
18K589,Arts & Media Preparatory Academy,HS,62,49,79.0,True
19K311,Essence School,EMS,52,41,78.8,True
84X258,Tech International Charter School,EMS,46,35,76.1,True
01M137,P.S. 137 John L. Bernstein,EMS,22,16,72.7,True
01M292,Henry Street School for International Studies,EMS,21,9,42.9,True
01M345,"Collaborative Academy of Science, Technology, & La",EMS,27,19,70.4,True
02M625,High School of Graphic Communication Arts,HS,25,21,84.0,True
04M381,Global Neighborhood Secondary School,EMS,25,12,48.0,True
05M410,The Urban Assembly Institute for New Technologies,EMS,25,17,68.0,True
05M469,Choir Academy of Harlem,HS,21,11,52.4,True
05M685,Bread & Roses Integrated Arts High School,HS,22,18,81.8,True
06M326,M.S. 326 - Writers Today & Leaders Tomorrow,EMS,25,11,44.0,True
07X385,Performance School,EMS,18,12,66.7,True
07X520,Foreign Language Academy of Global Studies,HS,30,20,66.7,True
08X366,Urban Assembly Academy of Civic Engagement,EMS,25,21,84.0,True
09X064,P.S. 064 Pura Belpre,EMS,22,5,22.7,True
09X230,P.S. 230 Dr Roland N. Patterson,EMS,20,13,65.0,True
09X414,Jonathan Levin High School for Media and Communica,HS,25,16,64.0,True
11X272,Globe School for Environmental Research,EMS,27,14,51.9,True
12X050,P.S. 050 Clara Barton,EMS,20,10,50.0,True
12X278,Peace and Diversity Academy,HS,29,22,75.9,True
13K596,M.S. 596 Peace Academy,EMS,25,9,36.0,True
14K322,Foundations Academy,HS,21,18,85.7,True
14K330,The School for the Urban Environment,EMS,25,18,72.0,True
16K534,Upper School @ P.S. 25,EMS,25,5,20.0,True
16K385,"School of Business, Finance and Entrepreneurship",EMS,22,16,72.7,True
16K636,Young Scholars' Academy for Discovery and Explorat,EMS,22,13,59.1,True
17K167,P.S. 167 The Parkway,EMS,15,8,53.3,True
17K334,Middle School for Academic and Social Excellence,EMS,27,10,37.0,True
19K174,P.S. 174 Dumont,EMS,17,11,64.7,True
22K495,Sheepshead Bay High School,HS,26,16,61.5,True
23K073,P.S. 073 Thomas S. Boyland,EMS,15,13,86.7,True
29Q494,"Law, Government and Community Service High School",HS,20,11,55.0,True
29Q496,"Business, Computer Applications & Entrepreneurship",HS,21,14,66.7,True
84K355,Williamsburg Collegiate Charter School,HS,25,14,56.0,True
84K593,Excellence Boys Charter School,HS,8,5,62.5,True
84K648,Bedford Stuyvesant Collegiate -Uncommon Collegiate,HS,18,12,66.7,True
84K703,Beginning With Children Charter School,EMS,26,18,69.2,True
84K710,Brownsville Collegiate Charter School,HS,14,8,57.1,True
84K726,Fahari Academy Charter School,EMS,23,14,60.9,True
84K777,Ocean Hill Collegiate Charter School,HS,8,3,37.5,True
84K780,Brooklyn East Collegiate Charter School,HS,9,4,44.4,True
84K796,Lefferts Gardens Charter School,EMS,22,15,68.2,True
84R071,Staten Island Community Charter School,EMS,18,4,22.2,True
02M395,A School Without Walls,HS,40,15,37.5,True
04M505,Edward A. Reynolds West Side High School,HST,67,56,83.6,True
05M371,School of Earth Exploration and Discovery Harlem (SEED Harlem),EMS,68,56,82.4,True
07X625,Bronx Legacy High School,HS,94,64,68.1,True
08X636,Virtual Innovators Academy,HS,42,23,54.8,True
08X583,P.S. 583,EMS,74,45,60.8,True
09X088,P.S. X088 - S. Silverstein Little Sparrow School,EMS,28,12,42.9,True
10X207,P.S. 207,EMS,72,40,55.6,True
10X228,Jonas Bronck Academy,HS,23,6,26.1,True
11X483,The Matilda Avenue School,EMS,73,65,89.0,True
11X481,The STEAM Bridge School,EMS,64,8,12.5,True
12X595,P.S. 595,EMS,74,50,67.6,True
12X641,Bard High School Early College Bronx,HS,39,7,17.9,True
13K963,Design Works High School,HS,33,7,21.2,True
13K915,Bridges: A School for Exploration and Equity,EMS,92,27,29.3,True
15K896,The School of Creativity and Innovation,EMS,60,6,10.0,True
18K961,Lenox Academy M. S. 961,EMS,50,19,38.0,True
19K935,M.S. 935,EMS,90,72,80.0,True
19K953,The East New York Arts and Civics High School,HS,102,50,49.0,True
20K936,MS 936 Arts Off 3rd,EMS,97,20,20.6,True
22K889,P.S. 889,EMS,80,53,66.2,True
24Q419,MS 419,EMS,82,56,68.3,True
26Q376,P.S. 376,EMS,81,8,9.9,True
27Q377,S.T.A.R. Leadership Academy,EMS,81,59,72.8,True
28Q303,The Academy for Excellence through the Arts,EMS,69,3,4.3,True
28Q349,The Queens School for Leadership and Excellence,EMS,99,84,84.8,True
29Q360,P.S. 360,EMS,50,8,16.0,True
30Q398,The Hector Figueroa School,EMS,49,0,0.0,False
30Q361,The Woodside Community School,EMS,85,16,18.8,True
30Q384,Hunters Point Elementary School,EMS,74,5,6.8,True
30Q429,I.S 429,EMS,56,26,46.4,True
30Q417,Gotham Tech High School,HS,48,30,62.5,True
31R062,The Kathleen Grimm School for Leadership and Sustainability,EMS,76,16,21.1,True
31R068,Port Richmond School for Visionary Learning,EMS,101,87,86.1,True
31R085,The Young Women's Leadership School of Staten Island,EMS,67,51,76.1,True
84K037,Beginning with Children Charter School II,HS,37,26,70.3,True
84K406,"EMBER Charter School for Mindful Education, Innovation and Transformation",HS,45,36,80.0,True
84K680,Achievement First Aspire Charter School,HS,50,31,62.0,True
84K895,Hebrew Language Academy Charter School 2,EMS,85,31,36.5,True
84K882,Success Academy Charter School - Bushwick,EMS,57,5,8.8,True
84K883,Success Academy Charter School - Bed Stuy 3,EMS,62,6,9.7,True
84K886,Success Academy Charter School - Flatbush,EMS,67,4,6.0,True
84K910,Cypress Hills Ascend Charter School,EMS,79,9,11.4,True
84K928,Brooklyn Prospect Charter School - CSD 15.2,EMS,91,14,15.4,True
84K927,Ivy Hill Preparatory Charter School,EMS,35,26,74.3,True
84K928,Brooklyn Prospect Charter School - CSD 15.2,HS,122,47,38.5,True
84K934,East Flatbush Ascend Charter School,EMS,32,4,12.5,True
84K933,Flatbush Ascend Charter School,EMS,61,16,26.2,True
84K937,Brooklyn RISE Charter School,EMS,65,33,50.8,True
84K956,Lamad Academy Charter School,EMS,63,39,61.9,True
84K930,LEEP Dual Language Academy Charter School,EMS,66,14,21.2,True
84K929,East Brooklyn Ascend Charter School,EMS,34,1,2.9,True
84M202,Great Oaks Kathleen Sherry Charter School,HS,42,29,69.0,True
84M338,WHIN Music Community Charter School,EMS,68,57,83.8,True
84M330,Girls Preparatory Charter School of New York,HS,5,5,100.0,True
84M357,Success Academy Charter School - Harlem 6,EMS,25,1,4.0,True
84M383,Storefront Academy Harlem Charter School,EMS,30,27,90.0,True
84M373,Zeta Charter Schools - Inwood,EMS,64,4,6.2,True
84M358,Success Academy Charter School - Hudson Yards,EMS,73,5,6.8,True
84M380,Harlem Village Academy West Charter School,EMS,49,4,8.2,True
84M389,KIPP Beyond Charter School,EMS,54,8,14.8,True
84M518,East Harlem Scholars Academy Charter School,HS,97,85,87.6,True
84Q340,Challenge Preparatory Charter School,HS,52,37,71.2,True
84Q374,Success Academy Charter School - South Jamaica,EMS,59,5,8.5,True
84Q375,Success Academy Charter School - Far Rockaway,EMS,56,3,5.4,True
84Q387,Valence College Preparatory Charter School,EMS,88,10,11.4,True
84Q386,Our World Neighborhood Charter School 2,EMS,79,63,79.7,True
84Q388,New Dawn Charter High School II,HST,83,67,80.7,True
84Q385,Elm Community Charter School,EMS,83,8,9.6,True
84Q414,Renaissance Charter School 2,EMS,53,23,43.4,True
84Q380,Forte Preparatory Academy Charter School,HS,25,9,36.0,True
84Q414,Renaissance Charter School 2,HS,19,11,57.9,True
84R083,Richmond Preparatory Charter School,EMS,84,74,88.1,True
84R076,Bridge Preparatory Charter School,EMS,78,74,94.9,True
84R077,Hellenic Classical Charter School - Staten Island,EMS,69,20,29.0,True
84X309,South Bronx Charter School for International Cultures and the Arts,HS,19,10,52.6,True
84X347,International Leadership Charter High School,EMS,36,14,38.9,True
84X387,Brilla College Preparatory Charter School,HS,18,6,33.3,True
84X380,Success Academy Charter School - Bronx 3,HS,20,13,65.0,True
84X460,Atmosphere Academy Public Charter School,HS,45,18,40.0,True
84X484,Bronx Charter School for Better Learning II,EMS,72,50,69.4,True
84X465,Boys Preparatory Charter School of New York,HS,12,4,33.3,True
84X487,Girls Preparatory Charter School of the Bronx,HS,8,6,75.0,True
84X579,Bronx Charter School for Excellence 2,EMS,73,6,8.2,True
84X592,Amber Charter School Kingsbridge,EMS,82,50,61.0,True
84X588,South Bronx Classical Charter School IV,EMS,61,2,3.3,True
84X589,Bronx Charter School for Excellence 3,EMS,59,5,8.5,True
84X599,Cardinal McCloskey Community Charter School,EMS,82,50,61.0,True
84X585,Legacy College Preparatory Charter School,HS,74,58,78.4,True
84X586,Brilla Veritas Charter School,EMS,77,26,33.8,True
84X612,Creo College Preparatory Charter School,EMS,80,12,15.0,True
84X614,Dream Charter School Mott Haven,EMS,84,15,17.9,True
84X616,KIPP Bronx Charter School II,EMS,73,22,30.1,True
84X613,Bold Charter School,EMS,75,2,2.7,True
84X609,Zeta Charter Schools - South Bronx,EMS,69,4,5.8,True
84X608,Bronx Charter School for Excellence 4,EMS,57,4,7.0,True
84X617,KIPP Bronx Charter School III,EMS,72,20,27.8,True
84X610,Urban Dove Team Charter School II,HST,75,45,60.0,True
84X615,University Prep Charter Middle School,EMS,74,41,55.4,True
84X611,AECI II: NYC Charter High School for Computer Engineering and Innovation,HS,88,26,29.5,True
84X619,Bronx Arts and Science Charter School,EMS,76,66,86.8,True
84X627,Capital Preparatory Bronx Charter School,EMS,74,27,36.5,True
84X620,Bronx Charter School for Excellence 5,EMS,67,4,6.0,True
84X623,Neighborhood Charter School: Bronx,EMS,74,6,8.1,True
84X638,Success Academy Charter School - Bronx 5 Upper,EMS,33,0,0.0,False
84X617,KIPP Bronx Charter School III,HS,47,4,8.5,True
84X635,Earl Monroe New Renaissance Basketball Charter School,HS,42,26,61.9,True
84X627,Capital Preparatory Bronx Charter School,HS,26,6,23.1,True
84X640,Family Life Academy Charter Schools High School,HS,31,12,38.7,True
84X633,Wildflower New York Charter School,EMS,4,0,0.0,False
84K367,Success Academy Charter School - Bed Stuy 1,HS,4,3,75.0,True
84K911,Edmund W. Gordon Brooklyn Laboratory Charter School,HS,12,6,50.0,True
02M303,"Facing History School, The",EMS,31,26,83.9,True
07X642,South Bronx Literacy Academy,EMS,16,13,81.2,True
09X644,Bronx Debate Academy,EMS,30,26,86.7,True
15K428,Global Innovators Academy,EMS,22,10,45.5,True
19K938,P.S. 938,EMS,12,3,25.0,True
19K965,Bard High School Early College Brooklyn,HS,12,6,50.0,True
20K407,"School of Technology, Arts, and Research",EMS,33,21,63.6,True
20K939,Sunset School of Cultural Learning,EMS,26,7,26.9,True
30Q367,Motion Picture Technical High School,HS,15,13,86.7,True
84K782,Bedford Stuyvesant New Beginnings Charter School,HS,7,2,28.6,True
84M295,School in the Square Public Charter School,HS,12,10,83.3,True
84M389,KIPP Beyond Charter School,HS,17,1,5.9,True
84M390,Amber Charter School Inwood,EMS,18,16,88.9,True
84M424,Urban Dove Team Charter School IV,HST,31,28,90.3,True
84Q422,Success Academy Charter School - NYC 14,EMS,22,1,4.5,True
84Q428,Urban Dove Team Charter School III,HST,27,23,85.2,True
84R083,Richmond Preparatory Charter School,HS,5,1,20.0,True
84X429,Charter High School for Law and Social Justice,EMS,12,4,33.3,True
84X614,Dream Charter School Mott Haven,HS,44,7,15.9,True
84X628,Brilla Caritas Charter School,EMS,26,4,15.4,True
84X629,Brilla Pax Charter School,EMS,22,10,45.5,True
84X630,Girls Preparatory Charter School of the Bronx II,EMS,25,20,80.0,True
84X631,Zeta Charter School - Mount Eden,EMS,22,1,4.5,True
84X632,Zeta Charter School - Tremont Park,EMS,22,1,4.5,True
84X639,Dream Charter School Highbridge,EMS,26,0,0.0,False
84X647,Success Academy Charter School - NYC 12,EMS,18,0,0.0,False
84X648,Girls Preparatory Charter School of New York,EMS,1,0,0.0,False
84X648,Girls Preparatory Charter School of New York,HS,7,4,57.1,True
84X649,Democracy Preparatory Endurance Charter School,EMS,28,18,64.3,True
84X649,Democracy Preparatory Endurance Charter School,HS,51,33,64.7,True
